service_request_id,requested_date,updated_date,closed_date,status_description,service_name,comm_name,address,longitude,latitude
26-00631217,08/19/2026 12:00:00 AM,08/20/2026 12:00:00 AM,08/20/2026 12:00:00 AM,Closed,Roads - Streetlight Maintenance,APPLEWOOD PARK,,-113.92779700513819,51.04487898168024
26-00295509,05/05/2026 12:00:00 AM,05/06/2026 12:00:00 AM,05/06/2026 12:00:00 AM,Closed,Roads - Streetlight Maintenance,THORNCLIFFE,,-114.06878100895472,51.103105008837304
26-00295496,05/05/2026 12:00:00 AM,05/06/2026 12:00:00 AM,05/06/2026 12:00:00 AM,Closed,Roads - Streetlight Maintenance,BEDDINGTON HEIGHTS,,-114.0849111408055,51.13164398595451
26-00631207,08/19/2026 12:00:00 AM,08/20/2026 12:00:00 AM,08/20/2026 12:00:00 AM,Closed,Roads - Streetlight Maintenance,COACH HILL,,-114.18297960518879,51.05838582571806
26-00631227,08/19/2026 12:00:00 AM,08/20/2026 12:00:00 AM,08/20/2026 12:00:00 AM,Closed,Roads - Streetlight Maintenance,FOREST LAWN,,-113.9700019179966,51.037848048607955
26-00631289,08/19/2026 12:00:00 AM,08/20/2026 12:00:00 AM,08/20/2026 12:00:00 AM,Closed,Roads - Streetlight Maintenance,BANKVIEW,,-114.10048318979051,51.034127528143316
26-00295881,05/06/2026 12:00:00 AM,06/02/2026 12:00:00 AM,06/02/2026 12:00:00 AM,Closed,Roads - Streetlight Maintenance,INGLEWOOD,,-114.01912581291118,51.03414052413669
26-00515787,07/11/2026 12:00:00 AM,07/12/2026 12:00:00 AM,07/12/2026 12:00:00 AM,Closed,Roads - Streetlight Maintenance,AUBURN BAY,,-113.95779514351894,50.89269507750196
26-00515782,07/11/2026 12:00:00 AM,07/12/2026 12:00:00 AM,07/12/2026 12:00:00 AM,Closed,Roads - Streetlight Maintenance,MARLBOROUGH PARK,,-113.9467026472926,51.059690244957956
26-00631314,08/19/2026 12:00:00 AM,08/20/2026 12:00:00 AM,08/20/2026 12:00:00 AM,Closed,Roads - Streetlight Maintenance,TARADALE,,-113.934002077972,51.11794016367547
26-00296021,05/06/2026 12:00:00 AM,05/06/2026 12:00:00 AM,05/06/2026 12:00:00 AM,Closed,Roads - Streetlight Maintenance,ARBOUR LAKE,,-114.20766602126565,51.13260178567984
26-00515769,07/11/2026 12:00:00 AM,07/12/2026 12:00:00 AM,07/12/2026 12:00:00 AM,Closed,Roads - Streetlight Maintenance,COVENTRY HILLS,,-114.05313423182986,51.164928068908395
26-00515741,07/11/2026 12:00:00 AM,07/12/2026 12:00:00 AM,07/12/2026 12:00:00 AM,Closed,Roads - Streetlight Maintenance,CANYON MEADOWS,,-114.0820063458848,50.94095720926748
26-00296578,05/06/2026 12:00:00 AM,05/06/2026 12:00:00 AM,05/06/2026 12:00:00 AM,Closed,Roads - Streetlight Maintenance,SOUTHWOOD,,-114.08319427981303,50.957758808343314
26-00296814,05/06/2026 12:00:00 AM,05/06/2026 12:00:00 AM,05/06/2026 12:00:00 AM,Closed,Roads - Streetlight Maintenance,SETON,,-113.94793123802643,50.874157663473184
26-00516088,07/12/2026 12:00:00 AM,07/12/2026 12:00:00 AM,07/12/2026 12:00:00 AM,Closed,Roads - Streetlight Maintenance,PENBROOKE MEADOWS,,-113.94768720611299,51.04585328827213
26-00516962,07/12/2026 12:00:00 AM,07/12/2026 12:00:00 AM,07/12/2026 12:00:00 AM,Closed,Roads - Streetlight Damage,GLACIER RIDGE,,-114.1681884917596,51.190418661433526
26-00296922,05/06/2026 12:00:00 AM,05/06/2026 12:00:00 AM,05/06/2026 12:00:00 AM,Closed,Roads - Streetlight Maintenance,BRENTWOOD,,-114.13591917398958,51.09606553683618
26-00297185,05/06/2026 12:00:00 AM,05/06/2026 12:00:00 AM,05/06/2026 12:00:00 AM,Closed,Roads - Streetlight Maintenance,KINGSLAND,,-114.07735883671336,50.98697675033278
26-00297190,05/06/2026 12:00:00 AM,05/06/2026 12:00:00 AM,05/06/2026 12:00:00 AM,Closed,Roads - Streetlight Maintenance,ABBEYDALE,,-113.92779834680348,51.059416705656574
26-00295515,05/06/2026 12:00:00 AM,05/06/2026 12:00:00 AM,05/06/2026 12:00:00 AM,Closed,Roads - Streetlight Damage,MORAINE,,-114.10624312812325,51.19053872895641
26-00517207,07/12/2026 12:00:00 AM,07/12/2026 12:00:00 AM,07/12/2026 12:00:00 AM,Closed,Roads - Streetlight Damage,MCKENZIE LAKE,,-113.9881871837774,50.91486638419278
26-00631941,08/20/2026 12:00:00 AM,08/20/2026 12:00:00 AM,08/20/2026 12:00:00 AM,Closed,Roads - Streetlight Damage,EVERGREEN,,-114.11569352503207,50.91870443401208
26-00632553,08/20/2026 12:00:00 AM,08/20/2026 12:00:00 AM,08/20/2026 12:00:00 AM,Closed,Roads - Streetlight Maintenance,BRENTWOOD,,-114.13591917398958,51.09606553683618
26-00633518,08/20/2026 12:00:00 AM,08/20/2026 12:00:00 AM,08/20/2026 12:00:00 AM,Closed,Roads - Streetlight Maintenance,DOVER,,-113.99305400906277,51.02256772313628
26-00632952,08/20/2026 12:00:00 AM,08/20/2026 12:00:00 AM,08/20/2026 12:00:00 AM,Closed,Roads - Streetlight Maintenance,BOWNESS,,-114.18838847472199,51.08334628834888
26-00579969,08/02/2026 12:00:00 AM,08/20/2026 12:00:00 AM,08/20/2026 12:00:00 AM,Closed,Roads - Streetlight Maintenance,MCKENZIE LAKE,,-113.9881871837774,50.91486638419278
26-00634236,08/20/2026 12:00:00 AM,08/20/2026 12:00:00 AM,08/20/2026 12:00:00 AM,Closed,Roads - Streetlight Damage,BAYVIEW,,-114.11396431346805,50.97463475641091
26-00634317,08/20/2026 12:00:00 AM,08/20/2026 12:00:00 AM,08/20/2026 12:00:00 AM,Closed,Roads - Streetlight Maintenance,SADDLE RIDGE,,-113.94562252266888,51.13057324276626
26-00634291,08/20/2026 12:00:00 AM,08/20/2026 12:00:00 AM,08/20/2026 12:00:00 AM,Closed,Roads - Streetlight Damage,WHITEHORN,,-113.97006247520194,51.08877824664194
26-00397868,06/06/2026 12:00:00 AM,06/06/2026 12:00:00 AM,06/06/2026 12:00:00 AM,Closed,Roads - Streetlight Maintenance,BRAESIDE,,-114.10636590290346,50.95600269188388
26-00396208,06/06/2026 12:00:00 AM,06/06/2026 12:00:00 AM,06/06/2026 12:00:00 AM,Closed,Roads - Streetlight Maintenance,CRESCENT HEIGHTS,,-114.06164731813935,51.05950171589272
26-00397816,06/06/2026 12:00:00 AM,06/06/2026 12:00:00 AM,06/06/2026 12:00:00 AM,Closed,Roads - Streetlight Maintenance,SCENIC ACRES,,-114.21734033796923,51.11270738649579
26-00299227,05/06/2026 12:00:00 AM,05/07/2026 12:00:00 AM,05/07/2026 12:00:00 AM,Duplicate (Closed),Roads - Streetlight Maintenance,TARADALE,,-113.934002077972,51.11794016367547
26-00299214,05/06/2026 12:00:00 AM,05/07/2026 12:00:00 AM,05/07/2026 12:00:00 AM,Closed,Roads - Streetlight Maintenance,TARADALE,,-113.934002077972,51.11794016367547
26-00299343,05/06/2026 12:00:00 AM,05/07/2026 12:00:00 AM,05/07/2026 12:00:00 AM,Closed,Roads - Streetlight Maintenance,CANYON MEADOWS,,-114.0820063458848,50.94095720926748
26-00299367,05/06/2026 12:00:00 AM,05/07/2026 12:00:00 AM,05/07/2026 12:00:00 AM,Closed,Roads - Streetlight Maintenance,CITYSCAPE,,-113.9612580314835,51.14703155759964
26-00299828,05/07/2026 12:00:00 AM,05/07/2026 12:00:00 AM,05/07/2026 12:00:00 AM,Closed,Roads - Streetlight Damage,MCKENZIE TOWNE,,-113.96135301049588,50.917148761958515
26-00300049,05/07/2026 12:00:00 AM,05/07/2026 12:00:00 AM,05/07/2026 12:00:00 AM,Closed,Roads - Streetlight Damage,UNIVERSITY DISTRICT,,-114.14496478087017,51.073854118232276
26-00299477,05/07/2026 12:00:00 AM,05/07/2026 12:00:00 AM,05/07/2026 12:00:00 AM,Closed,Roads - Streetlight Maintenance,PINE CREEK,,-114.06786719699797,50.85631703837584
26-00300638,05/07/2026 12:00:00 AM,05/07/2026 12:00:00 AM,05/07/2026 12:00:00 AM,Closed,Roads - Streetlight Damage,SETON,,-113.94793123802643,50.874157663473184
26-00301088,05/07/2026 12:00:00 AM,05/07/2026 12:00:00 AM,05/07/2026 12:00:00 AM,Closed,Roads - Streetlight Maintenance,BRAESIDE,,-114.10636590290346,50.95600269188388
26-00301113,05/07/2026 12:00:00 AM,05/07/2026 12:00:00 AM,05/07/2026 12:00:00 AM,Closed,Roads - Streetlight Maintenance,THORNCLIFFE,,-114.06878100895472,51.103105008837304
26-00303170,05/07/2026 12:00:00 AM,05/07/2026 12:00:00 AM,05/07/2026 12:00:00 AM,Closed,Roads - Streetlight Damage,PARKDALE,,-114.13533325689389,51.05994755127784
26-00517522,07/13/2026 12:00:00 AM,07/13/2026 12:00:00 AM,07/13/2026 12:00:00 AM,Closed,Roads - Streetlight Maintenance,COVENTRY HILLS,,-114.05313423182986,51.164928068908395
26-00517550,07/13/2026 12:00:00 AM,07/13/2026 12:00:00 AM,07/13/2026 12:00:00 AM,Closed,Roads - Streetlight Damage,MARLBOROUGH PARK,,-113.9467026472926,51.059690244957956
26-00517543,07/13/2026 12:00:00 AM,07/13/2026 12:00:00 AM,07/13/2026 12:00:00 AM,Closed,Roads - Streetlight Maintenance,CANYON MEADOWS,,-114.0820063458848,50.94095720926748
26-00517503,07/12/2026 12:00:00 AM,07/13/2026 12:00:00 AM,07/13/2026 12:00:00 AM,Closed,Roads - Streetlight Maintenance,ALBERT PARK/RADISSON HEIGHTS,,-113.99677793526727,51.044532953156086
26-00514190,07/11/2026 12:00:00 AM,07/13/2026 12:00:00 AM,07/13/2026 12:00:00 AM,Closed,Roads - Streetlight Damage,INGLEWOOD,,-114.01912581291118,51.03414052413669
26-00518169,07/13/2026 12:00:00 AM,07/13/2026 12:00:00 AM,07/13/2026 12:00:00 AM,Closed,Roads - Streetlight Maintenance,COVENTRY HILLS,,-114.05313423182986,51.164928068908395
26-00651292,08/26/2026 12:00:00 AM,08/26/2026 12:00:00 AM,08/26/2026 12:00:00 AM,Closed,Roads - Streetlight Maintenance,WEST SPRINGS,,-114.20668628482738,51.05977296984733
26-00518678,07/13/2026 12:00:00 AM,07/13/2026 12:00:00 AM,07/13/2026 12:00:00 AM,Closed,Roads - Streetlight Damage,BELTLINE,,-114.0551860888619,51.03743796399198
26-00518921,07/13/2026 12:00:00 AM,07/13/2026 12:00:00 AM,07/13/2026 12:00:00 AM,Closed,Roads - Streetlight Damage,KINGSLAND,,-114.07735883671336,50.98697675033278
26-00518529,07/13/2026 12:00:00 AM,07/13/2026 12:00:00 AM,07/13/2026 12:00:00 AM,Closed,Roads - Streetlight Maintenance,SHAWNESSY,,-114.07397621253685,50.90337303234254
26-00518709,07/13/2026 12:00:00 AM,07/13/2026 12:00:00 AM,07/13/2026 12:00:00 AM,Closed,Roads - Streetlight Maintenance,CRESTMONT,,-114.26908259341312,51.08370240107075
26-00518997,07/13/2026 12:00:00 AM,09/21/2026 12:00:00 AM,09/21/2026 12:00:00 AM,Closed,Roads - Streetlight Maintenance,HIGHLAND PARK,,-114.0620558477436,51.08801817919036
26-00521387,07/13/2026 12:00:00 AM,07/13/2026 12:00:00 AM,07/13/2026 12:00:00 AM,Closed,Roads - Streetlight Maintenance,DOWNTOWN EAST VILLAGE,,-114.05084794560648,51.047090331328896
26-00634433,08/20/2026 12:00:00 AM,08/21/2026 12:00:00 AM,08/21/2026 12:00:00 AM,Closed,Roads - Streetlight Maintenance,WEST HILLHURST,,-114.11515850909426,51.05507951426751
26-00634586,08/20/2026 12:00:00 AM,08/21/2026 12:00:00 AM,08/21/2026 12:00:00 AM,Closed,Roads - Streetlight Maintenance,LAKE BONAVISTA,,-114.0512955606845,50.939598998272274
26-00634794,08/20/2026 12:00:00 AM,08/21/2026 12:00:00 AM,08/21/2026 12:00:00 AM,Closed,Roads - Streetlight Maintenance,LAKE BONAVISTA,,-114.0512955606845,50.939598998272274
26-00634797,08/20/2026 12:00:00 AM,08/21/2026 12:00:00 AM,08/21/2026 12:00:00 AM,Closed,Roads - Streetlight Maintenance,SILVER SPRINGS,,-114.19626862637182,51.10427448199788
26-00634840,08/20/2026 12:00:00 AM,08/21/2026 12:00:00 AM,08/21/2026 12:00:00 AM,Closed,Roads - Streetlight Maintenance,FOREST LAWN,,-113.9700019179966,51.037848048607955
26-00636235,08/21/2026 12:00:00 AM,08/21/2026 12:00:00 AM,08/21/2026 12:00:00 AM,Closed,Roads - Streetlight Maintenance,BELTLINE,,-114.0551860888619,51.03743796399198
26-00636693,08/21/2026 12:00:00 AM,08/21/2026 12:00:00 AM,08/21/2026 12:00:00 AM,Closed,Roads - Streetlight Maintenance,RENFREW,,-114.03916899334442,51.05965315830899
26-00636944,08/21/2026 12:00:00 AM,08/21/2026 12:00:00 AM,08/21/2026 12:00:00 AM,Closed,Roads - Streetlight Maintenance,SHAWNESSY,,-114.07397621253685,50.90337303234254
26-00397994,06/07/2026 12:00:00 AM,06/07/2026 12:00:00 AM,06/07/2026 12:00:00 AM,Closed,Roads - Streetlight Maintenance,BRIDGELAND/RIVERSIDE,,-114.03507983816611,51.050550694999004
26-00399427,06/07/2026 12:00:00 AM,06/08/2026 12:00:00 AM,06/08/2026 12:00:00 AM,Closed,Roads - Streetlight Maintenance,SHAGANAPPI,,-114.1266528552515,51.04521146641257
26-00399434,06/07/2026 12:00:00 AM,06/08/2026 12:00:00 AM,06/08/2026 12:00:00 AM,Closed,Roads - Streetlight Maintenance,HUNTINGTON HILLS,,-114.06670855606806,51.11758074861446
26-00399466,06/08/2026 12:00:00 AM,06/08/2026 12:00:00 AM,06/08/2026 12:00:00 AM,Closed,Roads - Streetlight Maintenance,SHAGANAPPI,,-114.1266528552515,51.04521146641257
26-00401556,06/08/2026 12:00:00 AM,06/08/2026 12:00:00 AM,06/08/2026 12:00:00 AM,Closed,Roads - Streetlight Damage,RENFREW,,-114.03916899334442,51.05965315830899
26-00399843,06/08/2026 12:00:00 AM,06/08/2026 12:00:00 AM,06/08/2026 12:00:00 AM,Closed,Roads - Streetlight Maintenance,LAKE BONAVISTA,,-114.0512955606845,50.939598998272274
26-00402578,06/08/2026 12:00:00 AM,06/08/2026 12:00:00 AM,06/08/2026 12:00:00 AM,Closed,Roads - Streetlight Damage,ELBOYA,,-114.07360459021533,51.012993346080236
26-00402117,06/08/2026 12:00:00 AM,06/08/2026 12:00:00 AM,06/08/2026 12:00:00 AM,Closed,Roads - Streetlight Maintenance,BRIDGELAND/RIVERSIDE,,-114.03507983816611,51.050550694999004
26-00403203,06/08/2026 12:00:00 AM,06/08/2026 12:00:00 AM,06/08/2026 12:00:00 AM,Closed,Roads - Streetlight Maintenance,VARSITY,,-114.162506759502,51.09605377080581
26-00634968,08/21/2026 12:00:00 AM,08/21/2026 12:00:00 AM,08/21/2026 12:00:00 AM,Closed,Roads - Streetlight Damage,PINE CREEK,,-114.06786719699797,50.85631703837584
26-00636565,08/21/2026 12:00:00 AM,08/21/2026 12:00:00 AM,08/21/2026 12:00:00 AM,Closed,Roads - Streetlight Damage,HORIZON,,-113.99169523733028,51.08990020616713
26-00303404,05/08/2026 12:00:00 AM,05/08/2026 12:00:00 AM,05/08/2026 12:00:00 AM,Closed,Roads - Streetlight Maintenance,MONTGOMERY,,-114.16224821352387,51.071076143699045
26-00303305,05/07/2026 12:00:00 AM,05/08/2026 12:00:00 AM,05/08/2026 12:00:00 AM,Duplicate (Closed),Roads - Streetlight Maintenance,CASTLERIDGE,,-113.96102973195767,51.10525413516706
26-00303301,05/07/2026 12:00:00 AM,05/08/2026 12:00:00 AM,05/08/2026 12:00:00 AM,Closed,Roads - Streetlight Maintenance,CASTLERIDGE,,-113.96102973195767,51.10525413516706
26-00303356,05/07/2026 12:00:00 AM,05/08/2026 12:00:00 AM,05/08/2026 12:00:00 AM,Closed,Roads - Streetlight Maintenance,MARTINDALE,,-113.95838711713029,51.11791372657443
26-00306251,05/08/2026 12:00:00 AM,05/08/2026 12:00:00 AM,05/08/2026 12:00:00 AM,Closed,Roads - Streetlight Maintenance,NOSE HILL PARK,,-114.11069096475089,51.111277141566816
26-00303494,05/08/2026 12:00:00 AM,05/08/2026 12:00:00 AM,05/08/2026 12:00:00 AM,Closed,Roads - Streetlight Maintenance,MARLBOROUGH,,-113.96997429032228,51.05954612270691
26-00303309,05/07/2026 12:00:00 AM,05/08/2026 12:00:00 AM,05/08/2026 12:00:00 AM,Closed,Roads - Streetlight Maintenance,CHAPARRAL,,-114.02566896242004,50.88467311348729
26-00309265,05/10/2026 12:00:00 AM,05/12/2026 12:00:00 AM,05/11/2026 12:00:00 AM,Closed,Roads - Streetlight Maintenance,CORNERSTONE,,-113.93057052562739,51.15735996767518
26-00539647,07/19/2026 12:00:00 AM,07/19/2026 12:00:00 AM,07/19/2026 12:00:00 AM,Closed,Roads - Streetlight Maintenance,RUNDLE,,-113.97005350368742,51.07423887665301
26-00521403,07/14/2026 12:00:00 AM,07/14/2026 12:00:00 AM,07/14/2026 12:00:00 AM,Closed,Roads - Streetlight Maintenance,CHAPARRAL,,-114.02566896242004,50.88467311348729
26-00521417,07/14/2026 12:00:00 AM,07/14/2026 12:00:00 AM,07/14/2026 12:00:00 AM,Closed,Roads - Streetlight Damage,MCKENZIE LAKE,,-113.9881871837774,50.91486638419278
26-00522646,07/14/2026 12:00:00 AM,07/14/2026 12:00:00 AM,07/14/2026 12:00:00 AM,Closed,Roads - Streetlight Maintenance,BRAESIDE,,-114.10636590290346,50.95600269188388
26-00522795,07/14/2026 12:00:00 AM,07/14/2026 12:00:00 AM,07/14/2026 12:00:00 AM,Closed,Roads - Streetlight Damage,CAPITOL HILL,,-114.09463117970957,51.072665279064736
26-00524506,07/14/2026 12:00:00 AM,07/14/2026 12:00:00 AM,07/14/2026 12:00:00 AM,Closed,Roads - Streetlight Maintenance,MARLBOROUGH PARK,,-113.9467026472926,51.059690244957956
26-00524846,07/14/2026 12:00:00 AM,07/14/2026 12:00:00 AM,07/14/2026 12:00:00 AM,Closed,Roads - Streetlight Maintenance,WINDSOR PARK,,-114.08355224178275,51.0050454446197
26-00524737,07/14/2026 12:00:00 AM,09/18/2026 12:00:00 AM,09/18/2026 12:00:00 AM,Closed,Roads - Streetlight Maintenance,DEER RIDGE,,-114.02023404987304,50.92657386979402
26-00525250,07/14/2026 12:00:00 AM,07/14/2026 12:00:00 AM,07/14/2026 12:00:00 AM,Closed,Roads - Streetlight Maintenance,BRENTWOOD,,-114.13591917398958,51.09606553683618
26-00638207,08/21/2026 12:00:00 AM,08/22/2026 12:00:00 AM,08/22/2026 12:00:00 AM,Closed,Roads - Streetlight Maintenance,HUNTINGTON HILLS,,-114.06670855606806,51.11758074861446
26-00638591,08/22/2026 12:00:00 AM,08/22/2026 12:00:00 AM,08/22/2026 12:00:00 AM,Closed,Roads - Streetlight Damage,SHEPARD INDUSTRIAL,,-113.99278635609627,50.96149445575939
26-00638872,08/22/2026 12:00:00 AM,08/22/2026 12:00:00 AM,08/22/2026 12:00:00 AM,Closed,Roads - Streetlight Maintenance,VARSITY,,-114.162506759502,51.09605377080581
26-00638213,08/21/2026 12:00:00 AM,08/22/2026 12:00:00 AM,08/22/2026 12:00:00 AM,Closed,Roads - Streetlight Maintenance,FOREST HEIGHTS,,-113.96875793277385,51.04924314874295
26-00638288,08/22/2026 12:00:00 AM,08/22/2026 12:00:00 AM,08/22/2026 12:00:00 AM,Closed,Roads - Streetlight Maintenance,GLENDALE,,-114.15271889005814,51.03337139240085
26-00639670,08/22/2026 12:00:00 AM,08/22/2026 12:00:00 AM,08/22/2026 12:00:00 AM,Closed,Roads - Streetlight Damage,ST. ANDREWS HEIGHTS,,-114.12743730041029,51.06391056003454
26-00639709,08/22/2026 12:00:00 AM,08/22/2026 12:00:00 AM,08/22/2026 12:00:00 AM,Closed,Roads - Streetlight Maintenance,SADDLE RIDGE,,-113.94562252266888,51.13057324276626
26-00639729,08/22/2026 12:00:00 AM,08/22/2026 12:00:00 AM,08/22/2026 12:00:00 AM,Closed,Roads - Streetlight Maintenance,TARADALE,,-113.934002077972,51.11794016367547
26-00639740,08/22/2026 12:00:00 AM,08/22/2026 12:00:00 AM,08/22/2026 12:00:00 AM,Closed,Roads - Streetlight Damage,ST. ANDREWS HEIGHTS,,-114.12743730041029,51.06391056003454
26-00639759,08/22/2026 12:00:00 AM,08/22/2026 12:00:00 AM,08/22/2026 12:00:00 AM,Closed,Roads - Streetlight Maintenance,WEST SPRINGS,,-114.20668628482738,51.05977296984733
26-00639773,08/22/2026 12:00:00 AM,08/22/2026 12:00:00 AM,08/22/2026 12:00:00 AM,Closed,Roads - Streetlight Maintenance,TUSCANY,,-114.24088620535619,51.12191108825487
26-00639425,08/22/2026 12:00:00 AM,08/22/2026 12:00:00 AM,08/22/2026 12:00:00 AM,Closed,Roads - Streetlight Maintenance,DOVER,,-113.99305400906277,51.02256772313628
26-00639723,08/22/2026 12:00:00 AM,08/22/2026 12:00:00 AM,08/22/2026 12:00:00 AM,Closed,Roads - Streetlight Maintenance,TARADALE,,-113.934002077972,51.11794016367547
26-00422480,06/14/2026 12:00:00 AM,06/14/2026 12:00:00 AM,06/14/2026 12:00:00 AM,Closed,Roads - Streetlight Maintenance,ERIN WOODS,,-113.96766881721629,51.02097627623138
26-00644706,08/24/2026 12:00:00 AM,08/24/2026 12:00:00 AM,08/24/2026 12:00:00 AM,Closed,Roads - Streetlight Maintenance,CORNERSTONE,,-113.93057052562739,51.15735996767518
26-00404289,06/09/2026 12:00:00 AM,06/09/2026 12:00:00 AM,06/09/2026 12:00:00 AM,Closed,Roads - Streetlight Maintenance,CRESCENT HEIGHTS,,-114.06164731813935,51.05950171589272
26-00406544,06/09/2026 12:00:00 AM,06/09/2026 12:00:00 AM,06/09/2026 12:00:00 AM,Closed,Roads - Streetlight Maintenance,SKYVIEW RANCH,,-113.958374560746,51.156126735611394
26-00407273,06/09/2026 12:00:00 AM,06/09/2026 12:00:00 AM,06/09/2026 12:00:00 AM,Closed,Roads - Streetlight Maintenance,BRAESIDE,,-114.10636590290346,50.95600269188388
26-00408452,06/09/2026 12:00:00 AM,06/09/2026 12:00:00 AM,06/09/2026 12:00:00 AM,Closed,Roads - Streetlight Maintenance,ERIN WOODS,,-113.96766881721629,51.02097627623138
26-00408588,06/09/2026 12:00:00 AM,06/09/2026 12:00:00 AM,06/09/2026 12:00:00 AM,Closed,Roads - Streetlight Maintenance,THORNCLIFFE,,-114.06878100895472,51.103105008837304
26-00422427,06/13/2026 12:00:00 AM,06/13/2026 12:00:00 AM,06/13/2026 12:00:00 AM,Closed,Roads - Streetlight Maintenance,MAPLE RIDGE,,-114.03468902740028,50.95763758363201
26-00422655,06/14/2026 12:00:00 AM,06/14/2026 12:00:00 AM,06/14/2026 12:00:00 AM,Closed,Roads - Streetlight Maintenance,RUNDLE,,-113.97005350368742,51.07423887665301
26-00407154,06/09/2026 12:00:00 AM,06/09/2026 12:00:00 AM,06/09/2026 12:00:00 AM,Closed,Roads - Streetlight Maintenance,CHRISTIE PARK,,-114.17601756827588,51.040799529822195
26-00404157,06/09/2026 12:00:00 AM,06/09/2026 12:00:00 AM,06/09/2026 12:00:00 AM,Closed,Roads - Streetlight Maintenance,INGLEWOOD,,-114.01912581291118,51.03414052413669
26-00405253,06/09/2026 12:00:00 AM,06/09/2026 12:00:00 AM,06/09/2026 12:00:00 AM,Closed,Roads - Streetlight Maintenance,FAIRVIEW,,-114.0603609439821,50.98538212195565
26-00408196,06/09/2026 12:00:00 AM,06/09/2026 12:00:00 AM,06/09/2026 12:00:00 AM,Closed,Roads - Streetlight Maintenance,MONTEREY PARK,,-113.9268336359381,51.08155699522564
26-00531638,07/16/2026 12:00:00 AM,09/04/2026 12:00:00 AM,09/04/2026 12:00:00 AM,Closed,Roads - Streetlight Maintenance,VARSITY,,-114.162506759502,51.09605377080581
26-00306392,05/08/2026 12:00:00 AM,05/09/2026 12:00:00 AM,05/09/2026 12:00:00 AM,Closed,Roads - Streetlight Maintenance,BRENTWOOD,,-114.13591917398958,51.09606553683618
26-00306972,05/09/2026 12:00:00 AM,05/09/2026 12:00:00 AM,05/09/2026 12:00:00 AM,Closed,Roads - Streetlight Maintenance,CANYON MEADOWS,,-114.0820063458848,50.94095720926748
26-00307198,05/09/2026 12:00:00 AM,05/09/2026 12:00:00 AM,05/09/2026 12:00:00 AM,Closed,Roads - Streetlight Damage,FOREST LAWN,,-113.9700019179966,51.037848048607955
26-00535762,07/17/2026 12:00:00 AM,07/17/2026 12:00:00 AM,07/17/2026 12:00:00 AM,Closed,Roads - Streetlight Damage,CITADEL,,-114.18391232300922,51.14453732608978
26-00405793,06/09/2026 12:00:00 AM,06/09/2026 12:00:00 AM,06/09/2026 12:00:00 AM,Closed,Roads - Streetlight Damage,CORAL SPRINGS,,-113.92694858499823,51.10334785100925
26-00406832,06/09/2026 12:00:00 AM,06/09/2026 12:00:00 AM,06/09/2026 12:00:00 AM,Closed,Roads - Streetlight Damage,CHARLESWOOD,,-114.1122123154031,51.09008805079572
26-00406669,06/09/2026 12:00:00 AM,06/09/2026 12:00:00 AM,06/09/2026 12:00:00 AM,Closed,Roads - Streetlight Damage,TEMPLE,,-113.94676645519942,51.08879880716327
26-00407465,06/09/2026 12:00:00 AM,06/09/2026 12:00:00 AM,06/09/2026 12:00:00 AM,Closed,Roads - Streetlight Damage,CRANSTON,,-113.98000403324247,50.87819416673358
26-00315223,05/12/2026 12:00:00 AM,05/12/2026 12:00:00 AM,05/12/2026 12:00:00 AM,Closed,Roads - Streetlight Damage,WOODBINE,,-114.12962816402121,50.940233262618435
26-00640269,08/23/2026 12:00:00 AM,08/23/2026 12:00:00 AM,08/23/2026 12:00:00 AM,Closed,Roads - Streetlight Maintenance,BANKVIEW,,-114.10048318979051,51.034127528143316
26-00525280,07/14/2026 12:00:00 AM,07/15/2026 12:00:00 AM,07/15/2026 12:00:00 AM,Closed,Roads - Streetlight Maintenance,ARBOUR LAKE,,-114.20766602126565,51.13260178567984
26-00640264,08/23/2026 12:00:00 AM,08/23/2026 12:00:00 AM,08/23/2026 12:00:00 AM,Closed,Roads - Streetlight Maintenance,WOODBINE,,-114.12962816402121,50.940233262618435
26-00641036,08/23/2026 12:00:00 AM,08/23/2026 12:00:00 AM,08/23/2026 12:00:00 AM,Closed,Roads - Streetlight Damage,ST. ANDREWS HEIGHTS,,-114.12743730041029,51.06391056003454
26-00525678,07/15/2026 12:00:00 AM,07/15/2026 12:00:00 AM,07/15/2026 12:00:00 AM,Closed,Roads - Streetlight Maintenance,STRATHCONA PARK,,-114.17758676157425,51.04741013809688
26-00634699,08/20/2026 12:00:00 AM,08/24/2026 12:00:00 AM,08/24/2026 12:00:00 AM,Closed,Roads - Streetlight Damage,COVENTRY HILLS,,-114.05313423182986,51.164928068908395
26-00408991,06/10/2026 12:00:00 AM,06/10/2026 12:00:00 AM,06/10/2026 12:00:00 AM,Closed,Roads - Streetlight Damage,COVENTRY HILLS,,-114.05313423182986,51.164928068908395
26-00409334,06/10/2026 12:00:00 AM,06/10/2026 12:00:00 AM,06/10/2026 12:00:00 AM,Closed,Roads - Streetlight Damage,VARSITY,,-114.162506759502,51.09605377080581
26-00409564,06/10/2026 12:00:00 AM,06/10/2026 12:00:00 AM,06/10/2026 12:00:00 AM,Closed,Roads - Streetlight Maintenance,MEADOWLARK PARK,,-114.07735167071783,50.99785784458241
26-00409881,06/10/2026 12:00:00 AM,06/10/2026 12:00:00 AM,06/10/2026 12:00:00 AM,Closed,Roads - Streetlight Maintenance,GARRISON WOODS,,-114.11361449884984,51.01717823115197
26-00409751,06/10/2026 12:00:00 AM,06/10/2026 12:00:00 AM,06/10/2026 12:00:00 AM,Closed,Roads - Streetlight Maintenance,OAKRIDGE,,-114.12961404738667,50.969662799426914
26-00409952,06/10/2026 12:00:00 AM,06/10/2026 12:00:00 AM,06/10/2026 12:00:00 AM,Closed,Roads - Streetlight Maintenance,CASTLERIDGE,,-113.96102973195767,51.10525413516706
26-00410920,06/10/2026 12:00:00 AM,06/10/2026 12:00:00 AM,06/10/2026 12:00:00 AM,Closed,Roads - Streetlight Damage,PARKDALE,,-114.13533325689389,51.05994755127784
26-00410830,06/10/2026 12:00:00 AM,06/10/2026 12:00:00 AM,06/10/2026 12:00:00 AM,Closed,Roads - Streetlight Maintenance,ELBOW PARK,,-114.08380531110666,51.02134304236776
26-00411027,06/10/2026 12:00:00 AM,06/10/2026 12:00:00 AM,06/10/2026 12:00:00 AM,Closed,Roads - Streetlight Maintenance,SIGNAL HILL,,-114.17990702915993,51.023260171926054
26-00412969,06/10/2026 12:00:00 AM,06/10/2026 12:00:00 AM,06/10/2026 12:00:00 AM,Closed,Roads - Streetlight Maintenance,FOREST LAWN,,-113.9700019179966,51.037848048607955
26-00413026,06/10/2026 12:00:00 AM,06/10/2026 12:00:00 AM,06/10/2026 12:00:00 AM,Closed,Roads - Streetlight Maintenance,BRAESIDE,,-114.10636590290346,50.95600269188388
26-00413165,06/10/2026 12:00:00 AM,06/10/2026 12:00:00 AM,06/10/2026 12:00:00 AM,Closed,Roads - Streetlight Maintenance,HAYSBORO,,-114.08334023954265,50.97221484296711
26-00541545,07/20/2026 12:00:00 AM,07/20/2026 12:00:00 AM,07/20/2026 12:00:00 AM,Closed,Roads - Streetlight Maintenance,EDGEMONT,,-114.14395321027078,51.124587846873936
26-00333286,05/19/2026 12:00:00 AM,05/19/2026 12:00:00 AM,05/19/2026 12:00:00 AM,Closed,Roads - Streetlight Damage,SPRINGBANK HILL,,-114.20981973671448,51.02656453162372
26-00308748,05/10/2026 12:00:00 AM,05/10/2026 12:00:00 AM,05/10/2026 12:00:00 AM,Closed,Roads - Streetlight Damage,DEER RIDGE,,-114.02023404987304,50.92657386979402
26-00308824,05/10/2026 12:00:00 AM,06/02/2026 12:00:00 AM,06/02/2026 12:00:00 AM,Duplicate (Closed),Roads - Streetlight Maintenance,INGLEWOOD,,-114.01912581291118,51.03414052413669
26-00308926,05/10/2026 12:00:00 AM,05/10/2026 12:00:00 AM,05/10/2026 12:00:00 AM,Closed,Roads - Streetlight Maintenance,RANCHLANDS,,-114.18364711110482,51.11917908296843
26-00644723,08/24/2026 12:00:00 AM,08/24/2026 12:00:00 AM,08/24/2026 12:00:00 AM,Closed,Roads - Streetlight Maintenance,CANYON MEADOWS,,-114.0820063458848,50.94095720926748
26-00644810,08/25/2026 12:00:00 AM,08/25/2026 12:00:00 AM,08/25/2026 12:00:00 AM,Closed,Roads - Streetlight Maintenance,FOREST LAWN,,-113.9700019179966,51.037848048607955
26-00644740,08/24/2026 12:00:00 AM,08/25/2026 12:00:00 AM,08/25/2026 12:00:00 AM,Closed,Roads - Streetlight Maintenance,HILLHURST,,-114.09364601408991,51.057277532355
26-00311507,05/11/2026 12:00:00 AM,05/11/2026 12:00:00 AM,05/11/2026 12:00:00 AM,Closed,Roads - Streetlight Maintenance,LEWISBURG,,-114.03826144375063,51.186803312554616
26-00336156,05/19/2026 12:00:00 AM,05/20/2026 12:00:00 AM,05/20/2026 12:00:00 AM,Closed,Roads - Streetlight Maintenance,QUEENSLAND,,-114.02257170606138,50.93822412104478
26-00336157,05/19/2026 12:00:00 AM,05/20/2026 12:00:00 AM,05/20/2026 12:00:00 AM,Closed,Roads - Streetlight Maintenance,FISH CREEK PARK,,-114.02637629570434,50.90960459285954
26-00527336,07/15/2026 12:00:00 AM,07/15/2026 12:00:00 AM,07/15/2026 12:00:00 AM,Closed,Roads - Streetlight Maintenance,THORNCLIFFE,,-114.06878100895472,51.103105008837304
26-00526791,07/15/2026 12:00:00 AM,07/15/2026 12:00:00 AM,07/15/2026 12:00:00 AM,Closed,Roads - Streetlight Damage,SECTION 23,,-113.94813250933065,50.97092731312647
26-00195536,03/28/2026 12:00:00 AM,03/28/2026 12:00:00 AM,03/28/2026 12:00:00 AM,Closed,Roads - Streetlight Maintenance,BRIDLEWOOD,,-114.11020921039947,50.89921921581604
26-00198388,03/30/2026 12:00:00 AM,07/15/2026 12:00:00 AM,07/15/2026 12:00:00 AM,Closed,Roads - Streetlight Maintenance,ERIN WOODS,,-113.96766881721629,51.02097627623138
26-00526683,07/15/2026 12:00:00 AM,07/15/2026 12:00:00 AM,07/15/2026 12:00:00 AM,Closed,Roads - Streetlight Maintenance,ABBEYDALE,,-113.92779834680348,51.059416705656574
26-00181018,03/23/2026 12:00:00 AM,03/23/2026 12:00:00 AM,03/23/2026 12:00:00 AM,Closed,Roads - Streetlight Maintenance,FOREST HEIGHTS,,-113.96875793277385,51.04924314874295
26-00182160,03/23/2026 12:00:00 AM,03/23/2026 12:00:00 AM,03/23/2026 12:00:00 AM,Closed,Roads - Streetlight Damage,GREENVIEW INDUSTRIAL PARK,,-114.04905866998908,51.08651820128567
26-00181056,03/23/2026 12:00:00 AM,03/23/2026 12:00:00 AM,03/23/2026 12:00:00 AM,Closed,Roads - Streetlight Maintenance,OAKRIDGE,,-114.12961404738667,50.969662799426914
26-00181156,03/23/2026 12:00:00 AM,03/23/2026 12:00:00 AM,03/23/2026 12:00:00 AM,Closed,Roads - Streetlight Maintenance,HAYSBORO,,-114.08334023954265,50.97221484296711
26-00181621,03/23/2026 12:00:00 AM,03/23/2026 12:00:00 AM,03/23/2026 12:00:00 AM,Closed,Roads - Streetlight Maintenance,MARLBOROUGH,,-113.96997429032228,51.05954612270691
26-00181651,03/23/2026 12:00:00 AM,03/23/2026 12:00:00 AM,03/23/2026 12:00:00 AM,Closed,Roads - Streetlight Maintenance,BEDDINGTON HEIGHTS,,-114.0849111408055,51.13164398595451
26-00182001,03/23/2026 12:00:00 AM,03/23/2026 12:00:00 AM,03/23/2026 12:00:00 AM,Closed,Roads - Streetlight Maintenance,MCKENZIE LAKE,,-113.9881871837774,50.91486638419278
26-00182364,03/23/2026 12:00:00 AM,03/23/2026 12:00:00 AM,03/23/2026 12:00:00 AM,Closed,Roads - Streetlight Maintenance,HUNTINGTON HILLS,,-114.06670855606806,51.11758074861446
26-00183300,03/23/2026 12:00:00 AM,03/23/2026 12:00:00 AM,03/23/2026 12:00:00 AM,Closed,Roads - Streetlight Maintenance,CRANSTON,,-113.98000403324247,50.87819416673358
26-00183916,03/23/2026 12:00:00 AM,03/23/2026 12:00:00 AM,03/23/2026 12:00:00 AM,Closed,Roads - Streetlight Maintenance,MARTINDALE,,-113.95838711713029,51.11791372657443
26-00183929,03/23/2026 12:00:00 AM,03/23/2026 12:00:00 AM,03/23/2026 12:00:00 AM,Closed,Roads - Streetlight Maintenance,CITYSCAPE,,-113.9612580314835,51.14703155759964
26-00183935,03/23/2026 12:00:00 AM,03/23/2026 12:00:00 AM,03/23/2026 12:00:00 AM,Closed,Roads - Streetlight Maintenance,MARLBOROUGH PARK,,-113.9467026472926,51.059690244957956
26-00181074,03/23/2026 12:00:00 AM,03/23/2026 12:00:00 AM,03/23/2026 12:00:00 AM,Closed,Roads - Streetlight Maintenance,MCCALL,,-114.02708650389776,51.088997572302425
26-00309244,05/10/2026 12:00:00 AM,05/11/2026 12:00:00 AM,05/11/2026 12:00:00 AM,Closed,Roads - Streetlight Maintenance,EVERGREEN,,-114.11569352503207,50.91870443401208
26-00309250,05/10/2026 12:00:00 AM,05/11/2026 12:00:00 AM,05/11/2026 12:00:00 AM,Closed,Roads - Streetlight Maintenance,FAIRVIEW,,-114.0603609439821,50.98538212195565
26-00309292,05/10/2026 12:00:00 AM,05/11/2026 12:00:00 AM,05/11/2026 12:00:00 AM,Closed,Roads - Streetlight Maintenance,CRANSTON,,-113.98000403324247,50.87819416673358
26-00309288,05/10/2026 12:00:00 AM,05/11/2026 12:00:00 AM,05/11/2026 12:00:00 AM,Closed,Roads - Streetlight Maintenance,SOUTH AIRWAYS,,-114.00519380543585,51.07422107050224
26-00309531,05/11/2026 12:00:00 AM,05/11/2026 12:00:00 AM,05/11/2026 12:00:00 AM,Closed,Roads - Streetlight Maintenance,WEST HILLHURST,,-114.11515850909426,51.05507951426751
26-00310475,05/11/2026 12:00:00 AM,05/11/2026 12:00:00 AM,05/11/2026 12:00:00 AM,Closed,Roads - Streetlight Maintenance,LEWISBURG,,-114.03826144375063,51.186803312554616
26-00312414,05/11/2026 12:00:00 AM,05/11/2026 12:00:00 AM,05/11/2026 12:00:00 AM,Closed,Roads - Streetlight Maintenance,MCKENZIE LAKE,,-113.9881871837774,50.91486638419278
26-00413190,06/11/2026 12:00:00 AM,06/11/2026 12:00:00 AM,06/11/2026 12:00:00 AM,Closed,Roads - Streetlight Damage,CORAL SPRINGS,,-113.92694858499823,51.10334785100925
26-00413192,06/11/2026 12:00:00 AM,06/11/2026 12:00:00 AM,06/11/2026 12:00:00 AM,Closed,Roads - Streetlight Maintenance,HILLHURST,,-114.09364601408991,51.057277532355
26-00413171,06/11/2026 12:00:00 AM,06/11/2026 12:00:00 AM,06/11/2026 12:00:00 AM,Closed,Roads - Streetlight Maintenance,OAKRIDGE,,-114.12961404738667,50.969662799426914
26-00413827,06/11/2026 12:00:00 AM,06/11/2026 12:00:00 AM,06/11/2026 12:00:00 AM,Closed,Roads - Streetlight Damage,SPRINGBANK HILL,,-114.20981973671448,51.02656453162372
26-00415016,06/11/2026 12:00:00 AM,06/11/2026 12:00:00 AM,06/11/2026 12:00:00 AM,Closed,Roads - Streetlight Maintenance,FAIRVIEW,,-114.0603609439821,50.98538212195565
26-00415425,06/11/2026 12:00:00 AM,06/11/2026 12:00:00 AM,06/11/2026 12:00:00 AM,Closed,Roads - Streetlight Maintenance,MACEWAN GLEN,,-114.11521349389096,51.137719037025356
26-00416106,06/11/2026 12:00:00 AM,06/11/2026 12:00:00 AM,06/11/2026 12:00:00 AM,Closed,Roads - Streetlight Damage,LAKEVIEW,,-114.12962139244752,50.999572409011186
26-00416991,06/11/2026 12:00:00 AM,06/11/2026 12:00:00 AM,06/11/2026 12:00:00 AM,Closed,Roads - Streetlight Maintenance,LAKEVIEW,,-114.12962139244752,50.999572409011186
26-00529335,07/16/2026 12:00:00 AM,07/16/2026 12:00:00 AM,07/16/2026 12:00:00 AM,Closed,Roads - Streetlight Maintenance,LAKE BONAVISTA,,-114.0512955606845,50.939598998272274
26-00529357,07/16/2026 12:00:00 AM,07/16/2026 12:00:00 AM,07/16/2026 12:00:00 AM,Closed,Roads - Streetlight Maintenance,ALYTH/BONNYBROOK,,-114.02248247207031,51.02285696668069
26-00529354,07/16/2026 12:00:00 AM,07/16/2026 12:00:00 AM,07/16/2026 12:00:00 AM,Closed,Roads - Streetlight Maintenance,SOMERSET,,-114.08137551622823,50.898904177038276
26-00529222,07/15/2026 12:00:00 AM,07/16/2026 12:00:00 AM,07/16/2026 12:00:00 AM,Closed,Roads - Streetlight Maintenance,COUNTRY HILLS,,-114.07989394832668,51.14377568374259
26-00309309,05/11/2026 12:00:00 AM,05/11/2026 12:00:00 AM,05/11/2026 12:00:00 AM,Closed,Roads - Streetlight Damage,CITYSCAPE,,-113.9612580314835,51.14703155759964
26-00309815,05/11/2026 12:00:00 AM,05/11/2026 12:00:00 AM,05/11/2026 12:00:00 AM,Closed,Roads - Streetlight Damage,COUNTRY HILLS VILLAGE,,-114.06139543185051,51.15820384893674
26-00309487,05/11/2026 12:00:00 AM,05/11/2026 12:00:00 AM,05/11/2026 12:00:00 AM,Closed,Roads - Streetlight Damage,CITYSCAPE,,-113.9612580314835,51.14703155759964
26-00529724,07/16/2026 12:00:00 AM,07/16/2026 12:00:00 AM,07/16/2026 12:00:00 AM,Closed,Roads - Streetlight Damage,NOLAN HILL,,-114.16646528704749,51.175353209856
26-00530681,07/16/2026 12:00:00 AM,07/16/2026 12:00:00 AM,07/16/2026 12:00:00 AM,Closed,Roads - Streetlight Maintenance,DOVER,,-113.99305400906277,51.02256772313628
26-00532393,07/16/2026 12:00:00 AM,07/16/2026 12:00:00 AM,07/16/2026 12:00:00 AM,Closed,Roads - Streetlight Maintenance,TEMPLE,,-113.94676645519942,51.08879880716327
26-00641008,08/23/2026 12:00:00 AM,08/24/2026 12:00:00 AM,08/24/2026 12:00:00 AM,Closed,Roads - Streetlight Maintenance,LIVINGSTON,,-114.06550619776098,51.18553606435354
26-00641033,08/23/2026 12:00:00 AM,08/24/2026 12:00:00 AM,08/24/2026 12:00:00 AM,Closed,Roads - Streetlight Maintenance,DOVER,,-113.99305400906277,51.02256772313628
26-00641059,08/23/2026 12:00:00 AM,08/24/2026 12:00:00 AM,08/24/2026 12:00:00 AM,Closed,Roads - Streetlight Maintenance,COPPERFIELD,,-113.9294857228364,50.91781382350559
26-00641011,08/23/2026 12:00:00 AM,08/24/2026 12:00:00 AM,08/24/2026 12:00:00 AM,Closed,Roads - Streetlight Maintenance,PUMP HILL,,-114.10078728035033,50.96682770201055
26-00641023,08/23/2026 12:00:00 AM,08/24/2026 12:00:00 AM,08/24/2026 12:00:00 AM,Closed,Roads - Streetlight Maintenance,FOREST LAWN,,-113.9700019179966,51.037848048607955
26-00641121,08/24/2026 12:00:00 AM,08/24/2026 12:00:00 AM,08/24/2026 12:00:00 AM,Closed,Roads - Streetlight Maintenance,FOREST LAWN,,-113.9700019179966,51.037848048607955
26-00641044,08/23/2026 12:00:00 AM,08/24/2026 12:00:00 AM,08/24/2026 12:00:00 AM,Closed,Roads - Streetlight Maintenance,SHAWNESSY,,-114.07397621253685,50.90337303234254
26-00641275,08/24/2026 12:00:00 AM,08/24/2026 12:00:00 AM,08/24/2026 12:00:00 AM,Closed,Roads - Streetlight Maintenance,ST. ANDREWS HEIGHTS,,-114.12743730041029,51.06391056003454
26-00642860,08/24/2026 12:00:00 AM,08/24/2026 12:00:00 AM,,Duplicate (Open),Roads - Streetlight Maintenance,LIVINGSTON,,-114.06550619776098,51.18553606435354
26-00183951,03/23/2026 12:00:00 AM,03/24/2026 12:00:00 AM,03/24/2026 12:00:00 AM,Closed,Roads - Streetlight Maintenance,ROSEMONT,,-114.09003307555307,51.07839419815386
26-00184044,03/24/2026 12:00:00 AM,03/24/2026 12:00:00 AM,03/24/2026 12:00:00 AM,Closed,Roads - Streetlight Maintenance,SANDSTONE VALLEY,,-114.09496250976599,51.137732845524965
26-00184207,03/24/2026 12:00:00 AM,03/24/2026 12:00:00 AM,03/24/2026 12:00:00 AM,Closed,Roads - Streetlight Maintenance,MANCHESTER,,-114.0666537824224,51.006242676074066
26-00643028,08/24/2026 12:00:00 AM,08/24/2026 12:00:00 AM,08/24/2026 12:00:00 AM,Closed,Roads - Streetlight Maintenance,HUNTINGTON HILLS,,-114.06670855606806,51.11758074861446
26-00184736,03/24/2026 12:00:00 AM,03/24/2026 12:00:00 AM,03/24/2026 12:00:00 AM,Closed,Roads - Streetlight Maintenance,MARLBOROUGH,,-113.96997429032228,51.05954612270691
26-00185218,03/24/2026 12:00:00 AM,03/24/2026 12:00:00 AM,03/24/2026 12:00:00 AM,Closed,Roads - Streetlight Maintenance,SADDLE RIDGE,,-113.94562252266888,51.13057324276626
26-00186145,03/24/2026 12:00:00 AM,03/24/2026 12:00:00 AM,03/24/2026 12:00:00 AM,Closed,Roads - Streetlight Maintenance,MOUNT PLEASANT,,-114.07602998447169,51.074237909055896
26-00186752,03/24/2026 12:00:00 AM,03/24/2026 12:00:00 AM,03/24/2026 12:00:00 AM,Closed,Roads - Streetlight Maintenance,GLENDALE,,-114.15271889005814,51.03337139240085
26-00639738,08/22/2026 12:00:00 AM,08/24/2026 12:00:00 AM,08/24/2026 12:00:00 AM,Closed,Roads - Streetlight Maintenance,HOMESTEAD,,-113.91650032535891,51.1216297097572
26-00187283,03/24/2026 12:00:00 AM,03/24/2026 12:00:00 AM,03/24/2026 12:00:00 AM,Closed,Roads - Streetlight Maintenance,ALTADORE,,-114.10078239468643,51.015954118930864
26-00643919,08/24/2026 12:00:00 AM,08/24/2026 12:00:00 AM,08/24/2026 12:00:00 AM,Closed,Roads - Streetlight Damage,DISCOVERY RIDGE,,-114.2177187770391,51.016091532917656
26-00643748,08/24/2026 12:00:00 AM,08/24/2026 12:00:00 AM,08/24/2026 12:00:00 AM,Closed,Roads - Streetlight Maintenance,QUEENSLAND,,-114.02257170606138,50.93822412104478
26-00643706,08/24/2026 12:00:00 AM,08/24/2026 12:00:00 AM,08/24/2026 12:00:00 AM,Closed,Roads - Streetlight Damage,ST. ANDREWS HEIGHTS,,-114.12743730041029,51.06391056003454
26-00644104,08/24/2026 12:00:00 AM,08/24/2026 12:00:00 AM,08/24/2026 12:00:00 AM,Closed,Roads - Streetlight Maintenance,YORKVILLE,,-114.08232478981768,50.87035139693807
26-00643873,08/24/2026 12:00:00 AM,08/24/2026 12:00:00 AM,08/24/2026 12:00:00 AM,Closed,Roads - Streetlight Maintenance,REDSTONE,,-113.9575028271685,51.17044616888478
26-00644704,08/24/2026 12:00:00 AM,08/24/2026 12:00:00 AM,08/24/2026 12:00:00 AM,Closed,Roads - Streetlight Maintenance,FOREST HEIGHTS,,-113.96875793277385,51.04924314874295
26-00644630,08/24/2026 12:00:00 AM,08/24/2026 12:00:00 AM,08/24/2026 12:00:00 AM,Closed,Roads - Streetlight Damage,RANCHLANDS,,-114.18364711110482,51.11917908296843
26-00644623,08/24/2026 12:00:00 AM,08/24/2026 12:00:00 AM,08/24/2026 12:00:00 AM,Closed,Roads - Streetlight Damage,RANCHLANDS,,-114.18364711110482,51.11917908296843
26-00192022,03/26/2026 12:00:00 AM,03/26/2026 12:00:00 AM,03/26/2026 12:00:00 AM,Closed,Roads - Streetlight Maintenance,ALTADORE,,-114.10078239468643,51.015954118930864
26-00192622,03/26/2026 12:00:00 AM,03/26/2026 12:00:00 AM,03/26/2026 12:00:00 AM,Closed,Roads - Streetlight Maintenance,SOUTHWOOD,,-114.08319427981303,50.957758808343314
26-00192618,03/26/2026 12:00:00 AM,03/26/2026 12:00:00 AM,03/26/2026 12:00:00 AM,Closed,Roads - Streetlight Maintenance,MARLBOROUGH,,-113.96997429032228,51.05954612270691
26-00194055,03/27/2026 12:00:00 AM,03/27/2026 12:00:00 AM,03/27/2026 12:00:00 AM,Closed,Roads - Streetlight Maintenance,MARTINDALE,,-113.95838711713029,51.11791372657443
26-00313311,05/11/2026 12:00:00 AM,05/12/2026 12:00:00 AM,05/12/2026 12:00:00 AM,Closed,Roads - Streetlight Maintenance,WOODBINE,,-114.12962816402121,50.940233262618435
26-00313418,05/12/2026 12:00:00 AM,05/12/2026 12:00:00 AM,05/12/2026 12:00:00 AM,Closed,Roads - Streetlight Damage,WOODBINE,,-114.12962816402121,50.940233262618435
26-00313401,05/11/2026 12:00:00 AM,05/12/2026 12:00:00 AM,05/12/2026 12:00:00 AM,Closed,Roads - Streetlight Maintenance,BRIDGELAND/RIVERSIDE,,-114.03507983816611,51.050550694999004
26-00313443,05/12/2026 12:00:00 AM,05/12/2026 12:00:00 AM,05/12/2026 12:00:00 AM,Closed,Roads - Streetlight Maintenance,BRIDGELAND/RIVERSIDE,,-114.03507983816611,51.050550694999004
26-00314014,05/12/2026 12:00:00 AM,05/12/2026 12:00:00 AM,05/12/2026 12:00:00 AM,Closed,Roads - Streetlight Maintenance,DOWNTOWN COMMERCIAL CORE,,-114.06959371115343,51.0472744358498
26-00306290,05/08/2026 12:00:00 AM,05/12/2026 12:00:00 AM,05/12/2026 12:00:00 AM,Closed,Roads - Streetlight Damage,HIGHLAND PARK,,-114.0620558477436,51.08801817919036
26-00317487,05/12/2026 12:00:00 AM,05/12/2026 12:00:00 AM,05/12/2026 12:00:00 AM,Closed,Roads - Streetlight Damage,PENBROOKE MEADOWS,,-113.94768720611299,51.04585328827213
26-00317414,05/12/2026 12:00:00 AM,05/12/2026 12:00:00 AM,05/12/2026 12:00:00 AM,Closed,Roads - Streetlight Maintenance,WINSTON HEIGHTS/MOUNTVIEW,,-114.04184874950613,51.075298802807396
26-00187345,03/25/2026 12:00:00 AM,03/25/2026 12:00:00 AM,03/25/2026 12:00:00 AM,Closed,Roads - Streetlight Maintenance,HIGHLAND PARK,,-114.0620558477436,51.08801817919036
26-00187620,03/25/2026 12:00:00 AM,03/25/2026 12:00:00 AM,03/25/2026 12:00:00 AM,Closed,Roads - Streetlight Damage,RICHMOND,,-114.11842028929551,51.02971029545911
26-00187646,03/25/2026 12:00:00 AM,03/25/2026 12:00:00 AM,03/25/2026 12:00:00 AM,Closed,Roads - Streetlight Maintenance,INGLEWOOD,,-114.01912581291118,51.03414052413669
26-00188261,03/25/2026 12:00:00 AM,03/25/2026 12:00:00 AM,03/25/2026 12:00:00 AM,Closed,Roads - Streetlight Maintenance,GLENBROOK,,-114.15269483793499,51.02419405304613
26-00188116,03/25/2026 12:00:00 AM,03/25/2026 12:00:00 AM,03/25/2026 12:00:00 AM,Closed,Roads - Streetlight Maintenance,SUNALTA,,-114.10148594325246,51.04295989297799
26-00188533,03/25/2026 12:00:00 AM,03/25/2026 12:00:00 AM,03/25/2026 12:00:00 AM,Closed,Roads - Streetlight Damage,DOWNTOWN COMMERCIAL CORE,,-114.06959371115343,51.0472744358498
26-00188658,03/25/2026 12:00:00 AM,03/25/2026 12:00:00 AM,03/25/2026 12:00:00 AM,Closed,Roads - Streetlight Maintenance,LAKE BONAVISTA,,-114.0512955606845,50.939598998272274
26-00188763,03/25/2026 12:00:00 AM,03/25/2026 12:00:00 AM,03/25/2026 12:00:00 AM,Closed,Roads - Streetlight Damage,BELTLINE,,-114.0551860888619,51.03743796399198
26-00188783,03/25/2026 12:00:00 AM,03/25/2026 12:00:00 AM,03/25/2026 12:00:00 AM,Closed,Roads - Streetlight Maintenance,CITYSCAPE,,-113.9612580314835,51.14703155759964
26-00187247,03/24/2026 12:00:00 AM,03/25/2026 12:00:00 AM,03/25/2026 12:00:00 AM,Closed,Roads - Streetlight Damage,EVANSTON,,-114.11219163730428,51.171218187340465
26-00189291,03/25/2026 12:00:00 AM,03/25/2026 12:00:00 AM,03/25/2026 12:00:00 AM,Closed,Roads - Streetlight Maintenance,MARTINDALE,,-113.95838711713029,51.11791372657443
26-00189215,03/25/2026 12:00:00 AM,03/25/2026 12:00:00 AM,03/25/2026 12:00:00 AM,Closed,Roads - Streetlight Maintenance,COPPERFIELD,,-113.9294857228364,50.91781382350559
26-00189904,03/25/2026 12:00:00 AM,03/25/2026 12:00:00 AM,03/25/2026 12:00:00 AM,Closed,Roads - Streetlight Damage,NORTH AIRWAYS,,-114.00753607243156,51.0871396695853
26-00420720,06/12/2026 12:00:00 AM,06/17/2026 12:00:00 AM,06/17/2026 12:00:00 AM,Closed,Roads - Streetlight Maintenance,ASPEN WOODS,,-114.20838662695293,51.04521537783425
26-00417042,06/12/2026 12:00:00 AM,06/12/2026 12:00:00 AM,06/12/2026 12:00:00 AM,Closed,Roads - Streetlight Maintenance,RUNDLE,,-113.97005350368742,51.07423887665301
26-00417072,06/12/2026 12:00:00 AM,06/12/2026 12:00:00 AM,06/12/2026 12:00:00 AM,Closed,Roads - Streetlight Maintenance,NORTH AIRWAYS,,-114.00753607243156,51.0871396695853
26-00417381,06/12/2026 12:00:00 AM,06/12/2026 12:00:00 AM,06/12/2026 12:00:00 AM,Closed,Roads - Streetlight Maintenance,SHAWNESSY,,-114.07397621253685,50.90337303234254
26-00418231,06/12/2026 12:00:00 AM,06/12/2026 12:00:00 AM,06/12/2026 12:00:00 AM,Closed,Roads - Streetlight Maintenance,SETON,,-113.94793123802643,50.874157663473184
26-00418251,06/12/2026 12:00:00 AM,06/12/2026 12:00:00 AM,06/12/2026 12:00:00 AM,Closed,Roads - Streetlight Maintenance,DOVER,,-113.99305400906277,51.02256772313628
26-00417037,06/12/2026 12:00:00 AM,06/12/2026 12:00:00 AM,06/12/2026 12:00:00 AM,Closed,Roads - Streetlight Damage,FRANKLIN,,-113.98749539255644,51.05893200830186
26-00550570,07/22/2026 12:00:00 AM,07/23/2026 12:00:00 AM,07/23/2026 12:00:00 AM,Closed,Roads - Streetlight Maintenance,SADDLE RIDGE,,-113.94562252266888,51.13057324276626
26-00420716,06/12/2026 12:00:00 AM,08/24/2026 12:00:00 AM,08/24/2026 12:00:00 AM,Closed,Roads - Streetlight Maintenance,WHITEHORN,,-113.97006247520194,51.08877824664194
26-00533269,07/16/2026 12:00:00 AM,07/17/2026 12:00:00 AM,07/17/2026 12:00:00 AM,Closed,Roads - Streetlight Maintenance,CHAPARRAL,,-114.02566896242004,50.88467311348729
26-00533237,07/16/2026 12:00:00 AM,07/17/2026 12:00:00 AM,07/17/2026 12:00:00 AM,Closed,Roads - Streetlight Maintenance,DEER RUN,,-114.00908770459685,50.925132387678815
26-00533317,07/17/2026 12:00:00 AM,07/17/2026 12:00:00 AM,07/17/2026 12:00:00 AM,Closed,Roads - Streetlight Maintenance,CRESCENT HEIGHTS,,-114.06164731813935,51.05950171589272
26-00533264,07/16/2026 12:00:00 AM,07/17/2026 12:00:00 AM,07/17/2026 12:00:00 AM,Closed,Roads - Streetlight Maintenance,CANYON MEADOWS,,-114.0820063458848,50.94095720926748
26-00534996,07/17/2026 12:00:00 AM,07/17/2026 12:00:00 AM,07/17/2026 12:00:00 AM,Closed,Roads - Streetlight Maintenance,ACADIA,,-114.05369601618196,50.972415073979406
26-00535440,07/17/2026 12:00:00 AM,07/17/2026 12:00:00 AM,07/17/2026 12:00:00 AM,Closed,Roads - Streetlight Damage,BAYVIEW,,-114.11396431346805,50.97463475641091
26-00190042,03/25/2026 12:00:00 AM,03/26/2026 12:00:00 AM,03/26/2026 12:00:00 AM,Closed,Roads - Streetlight Maintenance,GLENBROOK,,-114.15269483793499,51.02419405304613
26-00190085,03/26/2026 12:00:00 AM,03/26/2026 12:00:00 AM,03/26/2026 12:00:00 AM,Closed,Roads - Streetlight Maintenance,HIDDEN VALLEY,,-114.11960923256338,51.15193708483775
26-00192257,03/26/2026 12:00:00 AM,03/26/2026 12:00:00 AM,03/26/2026 12:00:00 AM,Closed,Roads - Streetlight Maintenance,MARLBOROUGH,,-113.96997429032228,51.05954612270691
26-00330681,05/18/2026 12:00:00 AM,05/18/2026 12:00:00 AM,05/18/2026 12:00:00 AM,Closed,Roads - Streetlight Maintenance,MCKENZIE LAKE,,-113.9881871837774,50.91486638419278
26-00330552,05/18/2026 12:00:00 AM,05/18/2026 12:00:00 AM,05/18/2026 12:00:00 AM,Closed,Roads - Streetlight Maintenance,MARLBOROUGH PARK,,-113.9467026472926,51.059690244957956
26-00195353,03/28/2026 12:00:00 AM,05/04/2026 12:00:00 AM,05/04/2026 12:00:00 AM,Closed,Roads - Streetlight Maintenance,MCKENZIE TOWNE,,-113.96135301049588,50.917148761958515
26-00644761,08/24/2026 12:00:00 AM,08/25/2026 12:00:00 AM,08/25/2026 12:00:00 AM,Closed,Roads - Streetlight Maintenance,GARRISON GREEN,,-114.12452628199591,51.00305515480977
26-00646109,08/25/2026 12:00:00 AM,08/25/2026 12:00:00 AM,08/25/2026 12:00:00 AM,Closed,Roads - Streetlight Maintenance,HUNTINGTON HILLS,,-114.06670855606806,51.11758074861446
26-00319179,05/13/2026 12:00:00 AM,05/13/2026 12:00:00 AM,05/13/2026 12:00:00 AM,Duplicate (Closed),Roads - Streetlight Maintenance,EVANSTON,,-114.11219163730428,51.171218187340465
26-00319153,05/13/2026 12:00:00 AM,05/13/2026 12:00:00 AM,05/13/2026 12:00:00 AM,Closed,Roads - Streetlight Maintenance,EVANSTON,,-114.11219163730428,51.171218187340465
26-00319669,05/13/2026 12:00:00 AM,05/13/2026 12:00:00 AM,05/13/2026 12:00:00 AM,Closed,Roads - Streetlight Damage,DIAMOND COVE,,-114.02265590844084,50.946212752936745
26-00541928,07/20/2026 12:00:00 AM,07/20/2026 12:00:00 AM,07/20/2026 12:00:00 AM,Closed,Roads - Streetlight Maintenance,EVANSTON,,-114.11219163730428,51.171218187340465
26-00644778,08/24/2026 12:00:00 AM,08/25/2026 12:00:00 AM,08/25/2026 12:00:00 AM,Closed,Roads - Streetlight Maintenance,HIDDEN VALLEY,,-114.11960923256338,51.15193708483775
26-00646711,08/25/2026 12:00:00 AM,08/25/2026 12:00:00 AM,08/25/2026 12:00:00 AM,Closed,Roads - Streetlight Maintenance,FOREST LAWN,,-113.9700019179966,51.037848048607955
26-00202138,03/31/2026 12:00:00 AM,03/31/2026 12:00:00 AM,03/31/2026 12:00:00 AM,Closed,Roads - Streetlight Maintenance,RUNDLE,,-113.97005350368742,51.07423887665301
26-00644747,08/24/2026 12:00:00 AM,08/25/2026 12:00:00 AM,08/25/2026 12:00:00 AM,Closed,Roads - Streetlight Maintenance,NORTH AIRWAYS,,-114.00753607243156,51.0871396695853
26-00644752,08/24/2026 12:00:00 AM,08/25/2026 12:00:00 AM,08/25/2026 12:00:00 AM,Closed,Roads - Streetlight Maintenance,COLLINGWOOD,,-114.10240362227502,51.08350990629627
26-00644750,08/24/2026 12:00:00 AM,08/25/2026 12:00:00 AM,08/25/2026 12:00:00 AM,Closed,Roads - Streetlight Maintenance,PATTERSON,,-114.17714231360132,51.0639398770151
26-00192641,03/27/2026 12:00:00 AM,03/27/2026 12:00:00 AM,03/27/2026 12:00:00 AM,Duplicate (Closed),Roads - Streetlight Maintenance,FALCONRIDGE,,-113.94533995179319,51.103349796180694
26-00192639,03/26/2026 12:00:00 AM,03/27/2026 12:00:00 AM,03/27/2026 12:00:00 AM,Closed,Roads - Streetlight Maintenance,FALCONRIDGE,,-113.94533995179319,51.103349796180694
26-00192737,03/27/2026 12:00:00 AM,03/27/2026 12:00:00 AM,03/27/2026 12:00:00 AM,Closed,Roads - Streetlight Maintenance,DEER RIDGE,,-114.02023404987304,50.92657386979402
26-00192895,03/27/2026 12:00:00 AM,03/27/2026 12:00:00 AM,03/27/2026 12:00:00 AM,Closed,Roads - Streetlight Damage,SOUTHVIEW,,-113.99733916298925,51.03415221323608
26-00192670,03/27/2026 12:00:00 AM,03/27/2026 12:00:00 AM,03/27/2026 12:00:00 AM,Closed,Roads - Streetlight Maintenance,MONTEREY PARK,,-113.9268336359381,51.08155699522564
26-00192902,03/27/2026 12:00:00 AM,03/27/2026 12:00:00 AM,03/27/2026 12:00:00 AM,Closed,Roads - Streetlight Maintenance,LAKE BONAVISTA,,-114.0512955606845,50.939598998272274
26-00192899,03/27/2026 12:00:00 AM,03/27/2026 12:00:00 AM,03/27/2026 12:00:00 AM,Closed,Roads - Streetlight Maintenance,ABBEYDALE,,-113.92779834680348,51.059416705656574
26-00193614,03/27/2026 12:00:00 AM,03/27/2026 12:00:00 AM,03/27/2026 12:00:00 AM,Closed,Roads - Streetlight Maintenance,SCARBORO,,-114.10717502442168,51.04076520075529
26-00193773,03/27/2026 12:00:00 AM,03/27/2026 12:00:00 AM,03/27/2026 12:00:00 AM,Closed,Roads - Streetlight Maintenance,HIGHLAND PARK,,-114.0620558477436,51.08801817919036
26-00193940,03/27/2026 12:00:00 AM,03/27/2026 12:00:00 AM,03/27/2026 12:00:00 AM,Closed,Roads - Streetlight Damage,DOWNTOWN COMMERCIAL CORE,,-114.06959371115343,51.0472744358498
26-00195069,03/27/2026 12:00:00 AM,03/27/2026 12:00:00 AM,03/27/2026 12:00:00 AM,Closed,Roads - Streetlight Maintenance,GARRISON WOODS,,-114.11361449884984,51.01717823115197
26-00331266,05/18/2026 12:00:00 AM,05/18/2026 12:00:00 AM,05/18/2026 12:00:00 AM,Closed,Roads - Streetlight Damage,NOLAN HILL,,-114.16646528704749,51.175353209856
26-00647754,08/25/2026 12:00:00 AM,08/25/2026 12:00:00 AM,08/25/2026 12:00:00 AM,Closed,Roads - Streetlight Damage,WILDWOOD,,-114.15853861691731,51.0582582482502
26-00645670,08/25/2026 12:00:00 AM,08/25/2026 12:00:00 AM,08/25/2026 12:00:00 AM,Closed,Roads - Streetlight Maintenance,FAIRVIEW,,-114.0603609439821,50.98538212195565
26-00646798,08/25/2026 12:00:00 AM,08/25/2026 12:00:00 AM,08/25/2026 12:00:00 AM,Closed,Roads - Streetlight Maintenance,ABBEYDALE,,-113.92779834680348,51.059416705656574
26-00646385,08/25/2026 12:00:00 AM,08/25/2026 12:00:00 AM,08/25/2026 12:00:00 AM,Closed,Roads - Streetlight Maintenance,MACEWAN GLEN,,-114.11521349389096,51.137719037025356
26-00645945,08/25/2026 12:00:00 AM,08/25/2026 12:00:00 AM,08/25/2026 12:00:00 AM,Closed,Roads - Streetlight Maintenance,DALHOUSIE,,-114.15815535928552,51.109409937993064
26-00421021,06/13/2026 12:00:00 AM,06/13/2026 12:00:00 AM,06/13/2026 12:00:00 AM,Closed,Roads - Streetlight Damage,SCARBORO/SUNALTA WEST,,-114.11485990934284,51.04219909319587
26-00557403,07/25/2026 12:00:00 AM,07/25/2026 12:00:00 AM,07/25/2026 12:00:00 AM,Closed,Roads - Streetlight Maintenance,FOREST LAWN,,-113.9700019179966,51.037848048607955
26-00557413,07/25/2026 12:00:00 AM,07/25/2026 12:00:00 AM,07/25/2026 12:00:00 AM,Closed,Roads - Streetlight Maintenance,CRESCENT HEIGHTS,,-114.06164731813935,51.05950171589272
26-00319569,05/13/2026 12:00:00 AM,05/14/2026 12:00:00 AM,05/14/2026 12:00:00 AM,Closed,Roads - Streetlight Maintenance,CORNERSTONE,,-113.93057052562739,51.15735996767518
26-00319450,05/13/2026 12:00:00 AM,05/14/2026 12:00:00 AM,05/14/2026 12:00:00 AM,Closed,Roads - Streetlight Maintenance,GLACIER RIDGE,,-114.1681884917596,51.190418661433526
26-00323916,05/14/2026 12:00:00 AM,05/14/2026 12:00:00 AM,05/14/2026 12:00:00 AM,Closed,Roads - Streetlight Maintenance,MAPLE RIDGE,,-114.03468902740028,50.95763758363201
26-00324736,05/14/2026 12:00:00 AM,05/14/2026 12:00:00 AM,05/14/2026 12:00:00 AM,Closed,Roads - Streetlight Maintenance,TUSCANY,,-114.24088620535619,51.12191108825487
26-00324143,05/14/2026 12:00:00 AM,05/14/2026 12:00:00 AM,05/14/2026 12:00:00 AM,Closed,Roads - Streetlight Maintenance,WOODBINE,,-114.12962816402121,50.940233262618435
26-00536773,07/18/2026 12:00:00 AM,07/18/2026 12:00:00 AM,07/18/2026 12:00:00 AM,Closed,Roads - Streetlight Damage,SOUTH CALGARY,,-114.10207470149076,51.02680215199665
26-00537588,07/18/2026 12:00:00 AM,07/18/2026 12:00:00 AM,07/18/2026 12:00:00 AM,Closed,Roads - Streetlight Maintenance,MCKENZIE LAKE,,-113.9881871837774,50.91486638419278
26-00538286,07/18/2026 12:00:00 AM,07/18/2026 12:00:00 AM,07/18/2026 12:00:00 AM,Closed,Roads - Streetlight Damage,SKYLINE WEST,,-114.04740128490042,51.10333220036564
26-00425110,06/15/2026 12:00:00 AM,06/15/2026 12:00:00 AM,06/15/2026 12:00:00 AM,Closed,Roads - Streetlight Damage,02F,,-114.17505362379546,51.159776598791055
26-00195115,03/27/2026 12:00:00 AM,03/28/2026 12:00:00 AM,03/28/2026 12:00:00 AM,Closed,Roads - Streetlight Maintenance,BRIDLEWOOD,,-114.11020921039947,50.89921921581604
26-00195956,03/28/2026 12:00:00 AM,03/28/2026 12:00:00 AM,03/28/2026 12:00:00 AM,Closed,Roads - Streetlight Maintenance,ABBEYDALE,,-113.92779834680348,51.059416705656574
26-00196091,03/28/2026 12:00:00 AM,03/28/2026 12:00:00 AM,03/28/2026 12:00:00 AM,Closed,Roads - Streetlight Maintenance,DOVER,,-113.99305400906277,51.02256772313628
26-00322725,05/14/2026 12:00:00 AM,05/14/2026 12:00:00 AM,05/14/2026 12:00:00 AM,Duplicate (Closed),Roads - Streetlight Damage,GREENVIEW,,-114.05746990262509,51.094856135698066
26-00323234,05/14/2026 12:00:00 AM,05/14/2026 12:00:00 AM,05/14/2026 12:00:00 AM,Closed,Roads - Streetlight Damage,GLENDALE,,-114.15271889005814,51.03337139240085
26-00322702,05/14/2026 12:00:00 AM,05/14/2026 12:00:00 AM,05/14/2026 12:00:00 AM,Closed,Roads - Streetlight Damage,GREENVIEW,,-114.05746990262509,51.094856135698066
26-00648019,08/25/2026 12:00:00 AM,08/26/2026 12:00:00 AM,08/26/2026 12:00:00 AM,Closed,Roads - Streetlight Maintenance,MISSION,,-114.06808259035856,51.033157759251445
26-00648255,08/25/2026 12:00:00 AM,08/26/2026 12:00:00 AM,08/26/2026 12:00:00 AM,Closed,Roads - Streetlight Maintenance,TUXEDO PARK,,-114.06104493215648,51.07421777221349
26-00648277,08/25/2026 12:00:00 AM,08/26/2026 12:00:00 AM,08/26/2026 12:00:00 AM,Closed,Roads - Streetlight Maintenance,BANFF TRAIL,,-114.11512839717008,51.07420696879508
26-00648293,08/25/2026 12:00:00 AM,08/26/2026 12:00:00 AM,08/26/2026 12:00:00 AM,Closed,Roads - Streetlight Maintenance,DOUGLASDALE/GLEN,,-114.01190805579247,50.94844437258388
26-00648314,08/25/2026 12:00:00 AM,08/26/2026 12:00:00 AM,08/26/2026 12:00:00 AM,Closed,Roads - Streetlight Maintenance,EVANSTON,,-114.11219163730428,51.171218187340465
26-00648344,08/25/2026 12:00:00 AM,08/26/2026 12:00:00 AM,08/26/2026 12:00:00 AM,Closed,Roads - Streetlight Maintenance,COACH HILL,,-114.18297960518879,51.05838582571806
26-00618617,08/16/2026 12:00:00 AM,09/21/2026 12:00:00 AM,09/21/2026 12:00:00 AM,Closed,Roads - Streetlight Maintenance,ALBERT PARK/RADISSON HEIGHTS,,-113.99677793526727,51.044532953156086
26-00422453,06/14/2026 12:00:00 AM,06/14/2026 12:00:00 AM,06/14/2026 12:00:00 AM,Closed,Roads - Streetlight Damage,KILLARNEY/GLENGARRY,,-114.13173134426395,51.030131956517685
26-00648672,08/26/2026 12:00:00 AM,08/26/2026 12:00:00 AM,08/26/2026 12:00:00 AM,Closed,Roads - Streetlight Maintenance,MIDNAPORE,,-114.05748430704031,50.915602456819094
26-00648928,08/26/2026 12:00:00 AM,08/26/2026 12:00:00 AM,08/26/2026 12:00:00 AM,Closed,Roads - Streetlight Maintenance,FOREST LAWN,,-113.9700019179966,51.037848048607955
26-00649600,08/26/2026 12:00:00 AM,08/26/2026 12:00:00 AM,08/26/2026 12:00:00 AM,Closed,Roads - Streetlight Maintenance,FOREST LAWN,,-113.9700019179966,51.037848048607955
26-00649626,08/26/2026 12:00:00 AM,08/26/2026 12:00:00 AM,08/26/2026 12:00:00 AM,Closed,Roads - Streetlight Damage,WEST HILLHURST,,-114.11515850909426,51.05507951426751
26-00649652,08/26/2026 12:00:00 AM,08/26/2026 12:00:00 AM,08/26/2026 12:00:00 AM,Closed,Roads - Streetlight Maintenance,FOREST LAWN,,-113.9700019179966,51.037848048607955
26-00421407,06/13/2026 12:00:00 AM,06/13/2026 12:00:00 AM,06/13/2026 12:00:00 AM,Closed,Roads - Streetlight Damage,BOWNESS,,-114.18838847472199,51.08334628834888
26-00650168,08/26/2026 12:00:00 AM,08/26/2026 12:00:00 AM,08/26/2026 12:00:00 AM,Closed,Roads - Streetlight Maintenance,FOREST LAWN,,-113.9700019179966,51.037848048607955
26-00650889,08/26/2026 12:00:00 AM,08/26/2026 12:00:00 AM,08/26/2026 12:00:00 AM,Closed,Roads - Streetlight Maintenance,QUEENSLAND,,-114.02257170606138,50.93822412104478
26-00207805,04/02/2026 12:00:00 AM,04/02/2026 12:00:00 AM,04/02/2026 12:00:00 AM,Closed,Roads - Streetlight Maintenance,WEST SPRINGS,,-114.20668628482738,51.05977296984733
26-00421575,06/13/2026 12:00:00 AM,06/13/2026 12:00:00 AM,06/13/2026 12:00:00 AM,Closed,Roads - Streetlight Maintenance,SADDLE RIDGE,,-113.94562252266888,51.13057324276626
26-00651738,08/26/2026 12:00:00 AM,08/28/2026 12:00:00 AM,08/28/2026 12:00:00 AM,Closed,Roads - Streetlight Maintenance,ROSEDALE,,-114.0782071332425,51.06268666565555
26-00420749,06/13/2026 12:00:00 AM,06/13/2026 12:00:00 AM,06/13/2026 12:00:00 AM,Closed,Roads - Streetlight Damage,DOVER,,-113.99305400906277,51.02256772313628
26-00336370,05/20/2026 12:00:00 AM,05/20/2026 12:00:00 AM,05/20/2026 12:00:00 AM,Closed,Roads - Streetlight Maintenance,TARADALE,,-113.934002077972,51.11794016367547
26-00422421,06/13/2026 12:00:00 AM,06/13/2026 12:00:00 AM,06/13/2026 12:00:00 AM,Closed,Roads - Streetlight Maintenance,ASPEN WOODS,,-114.20838662695293,51.04521537783425
26-00550600,07/23/2026 12:00:00 AM,07/23/2026 12:00:00 AM,07/23/2026 12:00:00 AM,Closed,Roads - Streetlight Maintenance,COACH HILL,,-114.18297960518879,51.05838582571806
26-00420733,06/13/2026 12:00:00 AM,06/13/2026 12:00:00 AM,06/13/2026 12:00:00 AM,Closed,Roads - Streetlight Maintenance,SIGNAL HILL,,-114.17990702915993,51.023260171926054
26-00325033,05/15/2026 12:00:00 AM,05/15/2026 12:00:00 AM,05/15/2026 12:00:00 AM,Closed,Roads - Streetlight Maintenance,BRENTWOOD,,-114.13591917398958,51.09606553683618
26-00324965,05/14/2026 12:00:00 AM,05/15/2026 12:00:00 AM,05/15/2026 12:00:00 AM,Closed,Roads - Streetlight Maintenance,CORNERSTONE,,-113.93057052562739,51.15735996767518
26-00326588,05/15/2026 12:00:00 AM,05/15/2026 12:00:00 AM,05/15/2026 12:00:00 AM,Closed,Roads - Streetlight Maintenance,THORNCLIFFE,,-114.06878100895472,51.103105008837304
26-00327074,05/15/2026 12:00:00 AM,05/15/2026 12:00:00 AM,05/15/2026 12:00:00 AM,Closed,Roads - Streetlight Maintenance,GLENBROOK,,-114.15269483793499,51.02419405304613
26-00327017,05/15/2026 12:00:00 AM,05/15/2026 12:00:00 AM,05/15/2026 12:00:00 AM,Closed,Roads - Streetlight Maintenance,PENBROOKE MEADOWS,,-113.94768720611299,51.04585328827213
26-00330049,05/17/2026 12:00:00 AM,05/17/2026 12:00:00 AM,05/17/2026 12:00:00 AM,Closed,Roads - Streetlight Maintenance,LAKEVIEW,,-114.12962139244752,50.999572409011186
26-00330020,05/17/2026 12:00:00 AM,05/17/2026 12:00:00 AM,05/17/2026 12:00:00 AM,Closed,Roads - Streetlight Maintenance,KELVIN GROVE,,-114.08902826660824,50.989881145503844
26-00421398,06/13/2026 12:00:00 AM,06/13/2026 12:00:00 AM,06/13/2026 12:00:00 AM,Closed,Roads - Streetlight Maintenance,TUSCANY,,-114.24088620535619,51.12191108825487
26-00196190,03/29/2026 12:00:00 AM,03/29/2026 12:00:00 AM,03/29/2026 12:00:00 AM,Closed,Roads - Streetlight Maintenance,MACEWAN GLEN,,-114.11521349389096,51.137719037025356
26-00201764,03/31/2026 12:00:00 AM,04/14/2026 12:00:00 AM,04/14/2026 12:00:00 AM,Closed,Roads - Streetlight Maintenance,NOSE HILL PARK,,-114.11069096475089,51.111277141566816
26-00441363,06/19/2026 12:00:00 AM,06/19/2026 12:00:00 AM,06/19/2026 12:00:00 AM,Closed,Roads - Streetlight Maintenance,DEER RUN,,-114.00908770459685,50.925132387678815
26-00422438,06/13/2026 12:00:00 AM,06/14/2026 12:00:00 AM,06/14/2026 12:00:00 AM,Closed,Roads - Streetlight Maintenance,PARKDALE,,-114.13533325689389,51.05994755127784
26-00422439,06/13/2026 12:00:00 AM,06/14/2026 12:00:00 AM,06/14/2026 12:00:00 AM,Closed,Roads - Streetlight Maintenance,PARKDALE,,-114.13533325689389,51.05994755127784
26-00422865,06/14/2026 12:00:00 AM,06/14/2026 12:00:00 AM,06/14/2026 12:00:00 AM,Closed,Roads - Streetlight Damage,REDSTONE,,-113.9575028271685,51.17044616888478
26-00422947,06/14/2026 12:00:00 AM,06/14/2026 12:00:00 AM,06/14/2026 12:00:00 AM,Closed,Roads - Streetlight Maintenance,COVENTRY HILLS,,-114.05313423182986,51.164928068908395
26-00423192,06/14/2026 12:00:00 AM,06/14/2026 12:00:00 AM,06/14/2026 12:00:00 AM,Closed,Roads - Streetlight Maintenance,ERIN WOODS,,-113.96766881721629,51.02097627623138
26-00423955,06/14/2026 12:00:00 AM,06/14/2026 12:00:00 AM,06/14/2026 12:00:00 AM,Closed,Roads - Streetlight Damage,RANCHLANDS,,-114.18364711110482,51.11917908296843
26-00424046,06/14/2026 12:00:00 AM,06/14/2026 12:00:00 AM,06/14/2026 12:00:00 AM,Closed,Roads - Streetlight Maintenance,LAKEVIEW,,-114.12962139244752,50.999572409011186
26-00424037,06/14/2026 12:00:00 AM,06/14/2026 12:00:00 AM,06/14/2026 12:00:00 AM,Closed,Roads - Streetlight Maintenance,COUNTRY HILLS,,-114.07989394832668,51.14377568374259
26-00205110,04/02/2026 12:00:00 AM,04/02/2026 12:00:00 AM,04/02/2026 12:00:00 AM,Closed,Roads - Streetlight Damage,FRANKLIN,,-113.98749539255644,51.05893200830186
26-00196374,03/29/2026 12:00:00 AM,03/29/2026 12:00:00 AM,03/29/2026 12:00:00 AM,Closed,Roads - Streetlight Maintenance,MARLBOROUGH,,-113.96997429032228,51.05954612270691
26-00196383,03/29/2026 12:00:00 AM,03/29/2026 12:00:00 AM,03/29/2026 12:00:00 AM,Closed,Roads - Streetlight Maintenance,FALCONRIDGE,,-113.94533995179319,51.103349796180694
26-00196945,03/30/2026 12:00:00 AM,03/30/2026 12:00:00 AM,03/30/2026 12:00:00 AM,Closed,Roads - Streetlight Maintenance,SCARBORO,,-114.10717502442168,51.04076520075529
26-00196882,03/29/2026 12:00:00 AM,03/30/2026 12:00:00 AM,03/30/2026 12:00:00 AM,Closed,Roads - Streetlight Maintenance,MILLRISE,,-114.08491413864553,50.91705536774364
26-00196926,03/29/2026 12:00:00 AM,03/30/2026 12:00:00 AM,03/30/2026 12:00:00 AM,Closed,Roads - Streetlight Maintenance,CITYSCAPE,,-113.9612580314835,51.14703155759964
26-00197162,03/30/2026 12:00:00 AM,03/30/2026 12:00:00 AM,03/30/2026 12:00:00 AM,Closed,Roads - Streetlight Maintenance,SOMERSET,,-114.08137551622823,50.898904177038276
26-00197457,03/30/2026 12:00:00 AM,03/30/2026 12:00:00 AM,03/30/2026 12:00:00 AM,Closed,Roads - Streetlight Maintenance,NOSE HILL PARK,,-114.11069096475089,51.111277141566816
26-00197953,03/30/2026 12:00:00 AM,03/30/2026 12:00:00 AM,03/30/2026 12:00:00 AM,Closed,Roads - Streetlight Maintenance,UNIVERSITY HEIGHTS,,-114.13308657031322,51.07040418074353
26-00197386,03/30/2026 12:00:00 AM,03/30/2026 12:00:00 AM,03/30/2026 12:00:00 AM,Closed,Roads - Streetlight Maintenance,CASTLERIDGE,,-113.96102973195767,51.10525413516706
26-00198774,03/30/2026 12:00:00 AM,03/30/2026 12:00:00 AM,03/30/2026 12:00:00 AM,Closed,Roads - Streetlight Maintenance,SIGNAL HILL,,-114.17990702915993,51.023260171926054
26-00199536,03/31/2026 12:00:00 AM,03/31/2026 12:00:00 AM,03/31/2026 12:00:00 AM,Closed,Roads - Streetlight Maintenance,THORNCLIFFE,,-114.06878100895472,51.103105008837304
26-00199528,03/31/2026 12:00:00 AM,03/31/2026 12:00:00 AM,03/31/2026 12:00:00 AM,Closed,Roads - Streetlight Maintenance,CLIFF BUNGALOW,,-114.07490165596712,51.03393319537453
26-00201089,03/31/2026 12:00:00 AM,03/31/2026 12:00:00 AM,03/31/2026 12:00:00 AM,Closed,Roads - Streetlight Maintenance,BEDDINGTON HEIGHTS,,-114.0849111408055,51.13164398595451
26-00201625,03/31/2026 12:00:00 AM,03/31/2026 12:00:00 AM,03/31/2026 12:00:00 AM,Closed,Roads - Streetlight Maintenance,HIDDEN VALLEY,,-114.11960923256338,51.15193708483775
26-00204725,04/01/2026 12:00:00 AM,04/01/2026 12:00:00 AM,04/01/2026 12:00:00 AM,Closed,Roads - Streetlight Maintenance,SHAGANAPPI,,-114.1266528552515,51.04521146641257
26-00430404,06/16/2026 12:00:00 AM,06/16/2026 12:00:00 AM,06/16/2026 12:00:00 AM,Closed,Roads - Streetlight Maintenance,BOWNESS,,-114.18838847472199,51.08334628834888
26-00538313,07/18/2026 12:00:00 AM,07/19/2026 12:00:00 AM,07/19/2026 12:00:00 AM,Closed,Roads - Streetlight Maintenance,THORNCLIFFE,,-114.06878100895472,51.103105008837304
26-00538572,07/19/2026 12:00:00 AM,09/23/2026 12:00:00 AM,09/23/2026 12:00:00 AM,Closed,Roads - Streetlight Maintenance,CITYSCAPE,,-113.9612580314835,51.14703155759964
26-00538625,07/19/2026 12:00:00 AM,07/19/2026 12:00:00 AM,07/19/2026 12:00:00 AM,Closed,Roads - Streetlight Maintenance,CAPITOL HILL,,-114.09463117970957,51.072665279064736
26-00538345,07/18/2026 12:00:00 AM,07/19/2026 12:00:00 AM,07/19/2026 12:00:00 AM,Closed,Roads - Streetlight Maintenance,FOREST LAWN,,-113.9700019179966,51.037848048607955
26-00539488,07/19/2026 12:00:00 AM,07/19/2026 12:00:00 AM,07/19/2026 12:00:00 AM,Closed,Roads - Streetlight Maintenance,TUXEDO PARK,,-114.06104493215648,51.07421777221349
26-00200712,03/31/2026 12:00:00 AM,03/31/2026 12:00:00 AM,03/31/2026 12:00:00 AM,Closed,Roads - Streetlight Damage,12C,,-113.9034177867148,50.92510411880777
26-00328421,05/16/2026 12:00:00 AM,05/16/2026 12:00:00 AM,05/16/2026 12:00:00 AM,Closed,Roads - Streetlight Damage,TUXEDO PARK,,-114.06104493215648,51.07421777221349
26-00328159,05/15/2026 12:00:00 AM,05/16/2026 12:00:00 AM,05/16/2026 12:00:00 AM,Closed,Roads - Streetlight Maintenance,COUNTRY HILLS VILLAGE,,-114.06139543185051,51.15820384893674
26-00328678,05/16/2026 12:00:00 AM,05/16/2026 12:00:00 AM,05/16/2026 12:00:00 AM,Closed,Roads - Streetlight Damage,ROYAL OAK,,-114.21976419943832,51.142656213851055
26-00328733,05/16/2026 12:00:00 AM,05/16/2026 12:00:00 AM,05/16/2026 12:00:00 AM,Closed,Roads - Streetlight Maintenance,KINGSLAND,,-114.07735883671336,50.98697675033278
26-00329295,05/16/2026 12:00:00 AM,05/16/2026 12:00:00 AM,05/16/2026 12:00:00 AM,Closed,Roads - Streetlight Damage,WEST HILLHURST,,-114.11515850909426,51.05507951426751
26-00329286,05/16/2026 12:00:00 AM,05/16/2026 12:00:00 AM,05/16/2026 12:00:00 AM,Closed,Roads - Streetlight Damage,WEST HILLHURST,,-114.11515850909426,51.05507951426751
26-00651398,08/26/2026 12:00:00 AM,08/27/2026 12:00:00 AM,08/27/2026 12:00:00 AM,Closed,Roads - Streetlight Maintenance,SHAWNESSY,,-114.07397621253685,50.90337303234254
26-00651800,08/26/2026 12:00:00 AM,08/27/2026 12:00:00 AM,08/27/2026 12:00:00 AM,Closed,Roads - Streetlight Maintenance,VARSITY,,-114.162506759502,51.09605377080581
26-00202234,04/01/2026 12:00:00 AM,04/01/2026 12:00:00 AM,04/01/2026 12:00:00 AM,Closed,Roads - Streetlight Maintenance,MCCALL,,-114.02708650389776,51.088997572302425
26-00202240,04/01/2026 12:00:00 AM,04/01/2026 12:00:00 AM,04/01/2026 12:00:00 AM,Closed,Roads - Streetlight Maintenance,MARLBOROUGH PARK,,-113.9467026472926,51.059690244957956
26-00202194,04/01/2026 12:00:00 AM,04/16/2026 12:00:00 AM,04/16/2026 12:00:00 AM,Closed,Roads - Streetlight Maintenance,RANGEVIEW,,-113.91974448757277,50.874379475430835
26-00203182,04/01/2026 12:00:00 AM,04/01/2026 12:00:00 AM,04/01/2026 12:00:00 AM,Closed,Roads - Streetlight Maintenance,SANDSTONE VALLEY,,-114.09496250976599,51.137732845524965
26-00203167,04/01/2026 12:00:00 AM,04/01/2026 12:00:00 AM,04/01/2026 12:00:00 AM,Closed,Roads - Streetlight Maintenance,WINSTON HEIGHTS/MOUNTVIEW,,-114.04184874950613,51.075298802807396
26-00203566,04/01/2026 12:00:00 AM,04/01/2026 12:00:00 AM,04/01/2026 12:00:00 AM,Closed,Roads - Streetlight Maintenance,MARTINDALE,,-113.95838711713029,51.11791372657443
26-00330860,05/18/2026 12:00:00 AM,05/19/2026 12:00:00 AM,05/19/2026 12:00:00 AM,Closed,Roads - Streetlight Damage,CORNERSTONE,,-113.93057052562739,51.15735996767518
26-00204469,04/01/2026 12:00:00 AM,04/01/2026 12:00:00 AM,04/01/2026 12:00:00 AM,Closed,Roads - Streetlight Maintenance,HIDDEN VALLEY,,-114.11960923256338,51.15193708483775
26-00204913,04/01/2026 12:00:00 AM,04/01/2026 12:00:00 AM,04/01/2026 12:00:00 AM,Closed,Roads - Streetlight Maintenance,MANCHESTER,,-114.0666537824224,51.006242676074066
26-00204945,04/01/2026 12:00:00 AM,04/01/2026 12:00:00 AM,04/01/2026 12:00:00 AM,Closed,Roads - Streetlight Maintenance,PANORAMA HILLS,,-114.08807155795826,51.15970929560302
26-00220608,04/08/2026 12:00:00 AM,04/08/2026 12:00:00 AM,04/08/2026 12:00:00 AM,Closed,Roads - Streetlight Maintenance,OAKRIDGE,,-114.12961404738667,50.969662799426914
26-00652173,08/27/2026 12:00:00 AM,08/27/2026 12:00:00 AM,08/27/2026 12:00:00 AM,Closed,Roads - Streetlight Maintenance,SOUTHVIEW,,-113.99733916298925,51.03415221323608
26-00446119,06/20/2026 12:00:00 AM,06/25/2026 12:00:00 AM,06/25/2026 12:00:00 AM,Closed,Roads - Streetlight Damage,KILLARNEY/GLENGARRY,,-114.13173134426395,51.030131956517685
26-00651614,08/26/2026 12:00:00 AM,08/27/2026 12:00:00 AM,08/27/2026 12:00:00 AM,Closed,Roads - Streetlight Maintenance,BANKVIEW,,-114.10048318979051,51.034127528143316
26-00651765,08/26/2026 12:00:00 AM,08/27/2026 12:00:00 AM,08/27/2026 12:00:00 AM,Closed,Roads - Streetlight Maintenance,FOREST LAWN,,-113.9700019179966,51.037848048607955
26-00424080,06/15/2026 12:00:00 AM,06/15/2026 12:00:00 AM,06/15/2026 12:00:00 AM,Closed,Roads - Streetlight Maintenance,KILLARNEY/GLENGARRY,,-114.13173134426395,51.030131956517685
26-00424515,06/15/2026 12:00:00 AM,06/15/2026 12:00:00 AM,06/15/2026 12:00:00 AM,Closed,Roads - Streetlight Damage,CRANSTON,,-113.98000403324247,50.87819416673358
26-00423031,06/14/2026 12:00:00 AM,06/15/2026 12:00:00 AM,06/15/2026 12:00:00 AM,Closed,Roads - Streetlight Maintenance,CLIFF BUNGALOW,,-114.07490165596712,51.03393319537453
26-00423998,06/14/2026 12:00:00 AM,06/15/2026 12:00:00 AM,06/15/2026 12:00:00 AM,Closed,Roads - Streetlight Maintenance,BRIDGELAND/RIVERSIDE,,-114.03507983816611,51.050550694999004
26-00426652,06/15/2026 12:00:00 AM,06/15/2026 12:00:00 AM,06/15/2026 12:00:00 AM,Closed,Roads - Streetlight Damage,OGDEN SHOPS,,-113.99316008763796,50.991088690132855
26-00426771,06/15/2026 12:00:00 AM,06/15/2026 12:00:00 AM,06/15/2026 12:00:00 AM,Closed,Roads - Streetlight Damage,COVENTRY HILLS,,-114.05313423182986,51.164928068908395
26-00425357,06/15/2026 12:00:00 AM,06/15/2026 12:00:00 AM,06/15/2026 12:00:00 AM,Closed,Roads - Streetlight Maintenance,KILLARNEY/GLENGARRY,,-114.13173134426395,51.030131956517685
26-00425623,06/15/2026 12:00:00 AM,06/15/2026 12:00:00 AM,06/15/2026 12:00:00 AM,Closed,Roads - Streetlight Maintenance,CHARLESWOOD,,-114.1122123154031,51.09008805079572
26-00427781,06/15/2026 12:00:00 AM,06/15/2026 12:00:00 AM,06/15/2026 12:00:00 AM,Closed,Roads - Streetlight Maintenance,KINGSLAND,,-114.07735883671336,50.98697675033278
26-00428687,06/15/2026 12:00:00 AM,06/15/2026 12:00:00 AM,06/15/2026 12:00:00 AM,Closed,Roads - Streetlight Maintenance,FOREST LAWN,,-113.9700019179966,51.037848048607955
26-00428688,06/15/2026 12:00:00 AM,06/15/2026 12:00:00 AM,06/15/2026 12:00:00 AM,Closed,Roads - Streetlight Maintenance,SIGNAL HILL,,-114.17990702915993,51.023260171926054
26-00424612,06/15/2026 12:00:00 AM,06/15/2026 12:00:00 AM,06/15/2026 12:00:00 AM,Closed,Roads - Streetlight Maintenance,KINGSLAND,,-114.07735883671336,50.98697675033278
26-00655566,08/27/2026 12:00:00 AM,08/27/2026 12:00:00 AM,08/27/2026 12:00:00 AM,Closed,Roads - Streetlight Maintenance,CRESTMONT,,-114.26908259341312,51.08370240107075
26-00205050,04/02/2026 12:00:00 AM,04/02/2026 12:00:00 AM,04/02/2026 12:00:00 AM,Closed,Roads - Streetlight Damage,EAST SHEPARD INDUSTRIAL,,-113.95096996432171,50.951309838058904
26-00205065,04/02/2026 12:00:00 AM,04/02/2026 12:00:00 AM,04/02/2026 12:00:00 AM,Closed,Roads - Streetlight Damage,NORTH HAVEN,,-114.08942057511464,51.095941552191746
26-00205128,04/02/2026 12:00:00 AM,04/02/2026 12:00:00 AM,04/02/2026 12:00:00 AM,Closed,Roads - Streetlight Damage,MONTEREY PARK,,-113.9268336359381,51.08155699522564
26-00205095,04/02/2026 12:00:00 AM,04/02/2026 12:00:00 AM,04/02/2026 12:00:00 AM,Closed,Roads - Streetlight Maintenance,COVENTRY HILLS,,-114.05313423182986,51.164928068908395
26-00205247,04/02/2026 12:00:00 AM,04/02/2026 12:00:00 AM,04/02/2026 12:00:00 AM,Closed,Roads - Streetlight Maintenance,FOREST LAWN,,-113.9700019179966,51.037848048607955
26-00205346,04/02/2026 12:00:00 AM,04/02/2026 12:00:00 AM,04/02/2026 12:00:00 AM,Closed,Roads - Streetlight Damage,MAPLE RIDGE,,-114.03468902740028,50.95763758363201
26-00205173,04/02/2026 12:00:00 AM,04/02/2026 12:00:00 AM,04/02/2026 12:00:00 AM,Closed,Roads - Streetlight Maintenance,BRAESIDE,,-114.10636590290346,50.95600269188388
26-00205958,04/02/2026 12:00:00 AM,05/06/2026 12:00:00 AM,05/06/2026 12:00:00 AM,Closed,Roads - Streetlight Maintenance,THORNCLIFFE,,-114.06878100895472,51.103105008837304
26-00206068,04/02/2026 12:00:00 AM,04/02/2026 12:00:00 AM,04/02/2026 12:00:00 AM,Closed,Roads - Streetlight Maintenance,MCKENZIE LAKE,,-113.9881871837774,50.91486638419278
26-00206540,04/02/2026 12:00:00 AM,04/02/2026 12:00:00 AM,04/02/2026 12:00:00 AM,Closed,Roads - Streetlight Maintenance,MOUNT PLEASANT,,-114.07602998447169,51.074237909055896
26-00207585,04/02/2026 12:00:00 AM,04/02/2026 12:00:00 AM,04/02/2026 12:00:00 AM,Closed,Roads - Streetlight Damage,BELMONT,,-114.05524942357732,50.8686836961993
26-00207970,04/02/2026 12:00:00 AM,04/02/2026 12:00:00 AM,04/02/2026 12:00:00 AM,Closed,Roads - Streetlight Damage,CRANSTON,,-113.98000403324247,50.87819416673358
26-00207124,04/02/2026 12:00:00 AM,04/02/2026 12:00:00 AM,04/02/2026 12:00:00 AM,Closed,Roads - Streetlight Maintenance,ALBERT PARK/RADISSON HEIGHTS,,-113.99677793526727,51.044532953156086
26-00207191,04/02/2026 12:00:00 AM,04/02/2026 12:00:00 AM,04/02/2026 12:00:00 AM,Closed,Roads - Streetlight Damage,ALBERT PARK/RADISSON HEIGHTS,,-113.99677793526727,51.044532953156086
26-00433165,06/17/2026 12:00:00 AM,06/17/2026 12:00:00 AM,06/17/2026 12:00:00 AM,Closed,Roads - Streetlight Maintenance,WEST SPRINGS,,-114.20668628482738,51.05977296984733
26-00329351,05/17/2026 12:00:00 AM,05/17/2026 12:00:00 AM,05/17/2026 12:00:00 AM,Closed,Roads - Streetlight Maintenance,CRESCENT HEIGHTS,,-114.06164731813935,51.05950171589272
26-00654868,08/27/2026 12:00:00 AM,08/27/2026 12:00:00 AM,08/27/2026 12:00:00 AM,Closed,Roads - Streetlight Maintenance,LIVINGSTON,,-114.06550619776098,51.18553606435354
26-00330090,05/17/2026 12:00:00 AM,05/17/2026 12:00:00 AM,05/17/2026 12:00:00 AM,Closed,Roads - Streetlight Maintenance,NORTH GLENMORE PARK,,-114.11225607544716,51.00142837278614
26-00539747,07/19/2026 12:00:00 AM,07/20/2026 12:00:00 AM,07/20/2026 12:00:00 AM,Closed,Roads - Streetlight Maintenance,COUNTRY HILLS,,-114.07989394832668,51.14377568374259
26-00539764,07/20/2026 12:00:00 AM,08/17/2026 12:00:00 AM,08/17/2026 12:00:00 AM,Closed,Roads - Streetlight Maintenance,CANYON MEADOWS,,-114.0820063458848,50.94095720926748
26-00539446,07/19/2026 12:00:00 AM,07/20/2026 12:00:00 AM,07/20/2026 12:00:00 AM,Closed,Roads - Streetlight Damage,AURORA BUSINESS PARK,,-114.05847555846518,51.13626235914571
26-00396894,06/06/2026 12:00:00 AM,07/20/2026 12:00:00 AM,07/20/2026 12:00:00 AM,Closed,Roads - Streetlight Maintenance,CRANSTON,,-113.98000403324247,50.87819416673358
26-00537617,07/18/2026 12:00:00 AM,07/20/2026 12:00:00 AM,07/20/2026 12:00:00 AM,Duplicate (Closed),Roads - Streetlight Maintenance,CRANSTON,,-113.98000403324247,50.87819416673358
26-00540512,07/20/2026 12:00:00 AM,07/20/2026 12:00:00 AM,07/20/2026 12:00:00 AM,Closed,Roads - Streetlight Damage,CITYSCAPE,,-113.9612580314835,51.14703155759964
26-00540264,07/20/2026 12:00:00 AM,07/20/2026 12:00:00 AM,07/20/2026 12:00:00 AM,Closed,Roads - Streetlight Maintenance,BEL-AIRE,,-114.08893425156666,50.99944255007715
26-00540842,07/20/2026 12:00:00 AM,07/20/2026 12:00:00 AM,07/20/2026 12:00:00 AM,Closed,Roads - Streetlight Maintenance,CANYON MEADOWS,,-114.0820063458848,50.94095720926748
26-00540908,07/20/2026 12:00:00 AM,07/20/2026 12:00:00 AM,07/20/2026 12:00:00 AM,Closed,Roads - Streetlight Maintenance,SKYVIEW RANCH,,-113.958374560746,51.156126735611394
26-00541214,07/20/2026 12:00:00 AM,07/20/2026 12:00:00 AM,07/20/2026 12:00:00 AM,Closed,Roads - Streetlight Maintenance,MACEWAN GLEN,,-114.11521349389096,51.137719037025356
26-00655038,08/27/2026 12:00:00 AM,09/03/2026 12:00:00 AM,09/03/2026 12:00:00 AM,Closed,Roads - Streetlight Maintenance,RAMSAY,,-114.04253243760947,51.03641127911981
26-00541670,07/20/2026 12:00:00 AM,07/20/2026 12:00:00 AM,07/20/2026 12:00:00 AM,Closed,Roads - Streetlight Maintenance,HIDDEN VALLEY,,-114.11960923256338,51.15193708483775
26-00439518,06/18/2026 12:00:00 AM,06/18/2026 12:00:00 AM,06/18/2026 12:00:00 AM,Closed,Roads - Streetlight Maintenance,PANORAMA HILLS,,-114.08807155795826,51.15970929560302
26-00207904,04/02/2026 12:00:00 AM,04/03/2026 12:00:00 AM,04/03/2026 12:00:00 AM,Closed,Roads - Streetlight Maintenance,FOREST LAWN,,-113.9700019179966,51.037848048607955
26-00207914,04/02/2026 12:00:00 AM,04/03/2026 12:00:00 AM,04/03/2026 12:00:00 AM,Closed,Roads - Streetlight Maintenance,OAKRIDGE,,-114.12961404738667,50.969662799426914
26-00207969,04/02/2026 12:00:00 AM,04/03/2026 12:00:00 AM,04/03/2026 12:00:00 AM,Closed,Roads - Streetlight Maintenance,HIDDEN VALLEY,,-114.11960923256338,51.15193708483775
26-00207987,04/02/2026 12:00:00 AM,04/03/2026 12:00:00 AM,04/03/2026 12:00:00 AM,Closed,Roads - Streetlight Maintenance,LAKEVIEW,,-114.12962139244752,50.999572409011186
26-00208323,04/03/2026 12:00:00 AM,04/03/2026 12:00:00 AM,04/03/2026 12:00:00 AM,Closed,Roads - Streetlight Damage,WEST SPRINGS,,-114.20668628482738,51.05977296984733
26-00208530,04/03/2026 12:00:00 AM,04/03/2026 12:00:00 AM,04/03/2026 12:00:00 AM,Closed,Roads - Streetlight Maintenance,CLIFF BUNGALOW,,-114.07490165596712,51.03393319537453
26-00208434,04/03/2026 12:00:00 AM,04/03/2026 12:00:00 AM,04/03/2026 12:00:00 AM,Closed,Roads - Streetlight Maintenance,HIDDEN VALLEY,,-114.11960923256338,51.15193708483775
26-00209474,04/03/2026 12:00:00 AM,04/03/2026 12:00:00 AM,04/03/2026 12:00:00 AM,Closed,Roads - Streetlight Maintenance,MONTGOMERY,,-114.16224821352387,51.071076143699045
26-00209512,04/03/2026 12:00:00 AM,04/03/2026 12:00:00 AM,04/03/2026 12:00:00 AM,Closed,Roads - Streetlight Maintenance,RENFREW,,-114.03916899334442,51.05965315830899
26-00209499,04/03/2026 12:00:00 AM,04/03/2026 12:00:00 AM,04/03/2026 12:00:00 AM,Closed,Roads - Streetlight Maintenance,RENFREW,,-114.03916899334442,51.05965315830899
26-00446860,06/20/2026 12:00:00 AM,06/21/2026 12:00:00 AM,06/21/2026 12:00:00 AM,Closed,Roads - Streetlight Maintenance,HIGHWOOD,,-114.0798911269166,51.092359423668654
26-00446837,06/20/2026 12:00:00 AM,06/21/2026 12:00:00 AM,06/21/2026 12:00:00 AM,Closed,Roads - Streetlight Maintenance,EVANSTON,,-114.11219163730428,51.171218187340465
26-00446862,06/20/2026 12:00:00 AM,06/21/2026 12:00:00 AM,06/21/2026 12:00:00 AM,Closed,Roads - Streetlight Maintenance,KINGSLAND,,-114.07735883671336,50.98697675033278
26-00446859,06/20/2026 12:00:00 AM,06/21/2026 12:00:00 AM,06/21/2026 12:00:00 AM,Closed,Roads - Streetlight Damage,HIGHWOOD,,-114.0798911269166,51.092359423668654
26-00422528,06/14/2026 12:00:00 AM,06/16/2026 12:00:00 AM,06/16/2026 12:00:00 AM,Closed,Roads - Streetlight Maintenance,ACADIA,,-114.05369601618196,50.972415073979406
26-00429285,06/16/2026 12:00:00 AM,06/16/2026 12:00:00 AM,06/16/2026 12:00:00 AM,Closed,Roads - Streetlight Maintenance,ERIN WOODS,,-113.96766881721629,51.02097627623138
26-00429961,06/16/2026 12:00:00 AM,06/16/2026 12:00:00 AM,06/16/2026 12:00:00 AM,Closed,Roads - Streetlight Maintenance,THORNCLIFFE,,-114.06878100895472,51.103105008837304
26-00430572,06/16/2026 12:00:00 AM,06/16/2026 12:00:00 AM,06/16/2026 12:00:00 AM,Closed,Roads - Streetlight Maintenance,FOREST HEIGHTS,,-113.96875793277385,51.04924314874295
26-00432741,06/16/2026 12:00:00 AM,06/16/2026 12:00:00 AM,06/16/2026 12:00:00 AM,Closed,Roads - Streetlight Maintenance,MCKENZIE TOWNE,,-113.96135301049588,50.917148761958515
26-00217359,04/07/2026 12:00:00 AM,04/07/2026 12:00:00 AM,04/07/2026 12:00:00 AM,Closed,Roads - Streetlight Maintenance,SILVERADO,,-114.07129694074862,50.88298604108047
26-00217373,04/07/2026 12:00:00 AM,04/07/2026 12:00:00 AM,04/07/2026 12:00:00 AM,Closed,Roads - Streetlight Maintenance,HAWKWOOD,,-114.17561536315903,51.13097810215283
26-00556853,07/24/2026 12:00:00 AM,07/24/2026 12:00:00 AM,07/24/2026 12:00:00 AM,Closed,Roads - Streetlight Damage,SOUTHWOOD,,-114.08319427981303,50.957758808343314
26-00332089,05/18/2026 12:00:00 AM,05/18/2026 12:00:00 AM,05/18/2026 12:00:00 AM,Closed,Roads - Streetlight Damage,BELTLINE,,-114.0551860888619,51.03743796399198
26-00332121,05/18/2026 12:00:00 AM,05/18/2026 12:00:00 AM,05/18/2026 12:00:00 AM,Closed,Roads - Streetlight Maintenance,WHITEHORN,,-113.97006247520194,51.08877824664194
26-00235749,04/15/2026 12:00:00 AM,04/15/2026 12:00:00 AM,04/15/2026 12:00:00 AM,Closed,Roads - Streetlight Maintenance,RANCHLANDS,,-114.18364711110482,51.11917908296843
26-00426904,06/15/2026 12:00:00 AM,06/16/2026 12:00:00 AM,06/16/2026 12:00:00 AM,Closed,Roads - Streetlight Damage,LOWER MOUNT ROYAL,,-114.08649939756664,51.036503198364116
26-00430157,06/16/2026 12:00:00 AM,06/16/2026 12:00:00 AM,06/16/2026 12:00:00 AM,Closed,Roads - Streetlight Damage,PEGASUS,,-114.00658165154704,51.09447912337416
26-00430904,06/16/2026 12:00:00 AM,06/16/2026 12:00:00 AM,06/16/2026 12:00:00 AM,Closed,Roads - Streetlight Damage,LAKE BONAVISTA,,-114.0512955606845,50.939598998272274
26-00431440,06/16/2026 12:00:00 AM,06/16/2026 12:00:00 AM,06/16/2026 12:00:00 AM,Closed,Roads - Streetlight Damage,DEER RIDGE,,-114.02023404987304,50.92657386979402
26-00432668,06/16/2026 12:00:00 AM,06/16/2026 12:00:00 AM,06/16/2026 12:00:00 AM,Closed,Roads - Streetlight Damage,RUNDLE,,-113.97005350368742,51.07423887665301
26-00432336,06/16/2026 12:00:00 AM,06/16/2026 12:00:00 AM,06/16/2026 12:00:00 AM,Closed,Roads - Streetlight Damage,BOWNESS,,-114.18838847472199,51.08334628834888
26-00432942,06/16/2026 12:00:00 AM,06/16/2026 12:00:00 AM,06/16/2026 12:00:00 AM,Closed,Roads - Streetlight Damage,MCKENZIE TOWNE,,-113.96135301049588,50.917148761958515
26-00543350,07/21/2026 12:00:00 AM,07/21/2026 12:00:00 AM,07/21/2026 12:00:00 AM,Closed,Roads - Streetlight Maintenance,PENBROOKE MEADOWS,,-113.94768720611299,51.04585328827213
26-00544098,07/21/2026 12:00:00 AM,07/21/2026 12:00:00 AM,07/21/2026 12:00:00 AM,Closed,Roads - Streetlight Maintenance,SCARBORO/SUNALTA WEST,,-114.11485990934284,51.04219909319587
26-00209543,04/04/2026 12:00:00 AM,04/04/2026 12:00:00 AM,04/04/2026 12:00:00 AM,Closed,Roads - Streetlight Maintenance,MARLBOROUGH,,-113.96997429032228,51.05954612270691
26-00210007,04/04/2026 12:00:00 AM,04/04/2026 12:00:00 AM,04/04/2026 12:00:00 AM,Closed,Roads - Streetlight Maintenance,MCKENZIE TOWNE,,-113.96135301049588,50.917148761958515
26-00544724,07/21/2026 12:00:00 AM,07/21/2026 12:00:00 AM,07/21/2026 12:00:00 AM,Closed,Roads - Streetlight Maintenance,BURNS INDUSTRIAL,,-114.03966808778404,50.99870820989172
26-00538306,07/18/2026 12:00:00 AM,07/21/2026 12:00:00 AM,07/21/2026 12:00:00 AM,Closed,Roads - Streetlight Maintenance,THORNCLIFFE,,-114.06878100895472,51.103105008837304
26-00546973,07/22/2026 12:00:00 AM,07/22/2026 12:00:00 AM,07/22/2026 12:00:00 AM,Closed,Roads - Streetlight Maintenance,CRESCENT HEIGHTS,,-114.06164731813935,51.05950171589272
26-00235309,04/14/2026 12:00:00 AM,04/15/2026 12:00:00 AM,04/15/2026 12:00:00 AM,Closed,Roads - Streetlight Maintenance,SADDLE RIDGE,,-113.94562252266888,51.13057324276626
26-00210293,04/04/2026 12:00:00 AM,04/04/2026 12:00:00 AM,04/04/2026 12:00:00 AM,Closed,Roads - Streetlight Maintenance,WINSTON HEIGHTS/MOUNTVIEW,,-114.04184874950613,51.075298802807396
26-00209546,04/04/2026 12:00:00 AM,04/04/2026 12:00:00 AM,04/04/2026 12:00:00 AM,Closed,Roads - Streetlight Maintenance,RICHMOND,,-114.11842028929551,51.02971029545911
26-00332167,05/19/2026 12:00:00 AM,05/19/2026 12:00:00 AM,05/19/2026 12:00:00 AM,Closed,Roads - Streetlight Maintenance,WHITEHORN,,-113.97006247520194,51.08877824664194
26-00332841,05/19/2026 12:00:00 AM,05/19/2026 12:00:00 AM,05/19/2026 12:00:00 AM,Closed,Roads - Streetlight Maintenance,SCENIC ACRES,,-114.21734033796923,51.11270738649579
26-00334233,05/19/2026 12:00:00 AM,05/19/2026 12:00:00 AM,05/19/2026 12:00:00 AM,Closed,Roads - Streetlight Maintenance,PINERIDGE,,-113.94676169361519,51.07424750638858
26-00329671,05/17/2026 12:00:00 AM,05/19/2026 12:00:00 AM,05/19/2026 12:00:00 AM,Closed,Roads - Streetlight Maintenance,MEADOWLARK PARK,,-114.07735167071783,50.99785784458241
26-00310486,05/11/2026 12:00:00 AM,05/19/2026 12:00:00 AM,05/19/2026 12:00:00 AM,Closed,Roads - Streetlight Maintenance,CHRISTIE PARK,,-114.17601756827588,51.040799529822195
26-00335366,05/19/2026 12:00:00 AM,05/19/2026 12:00:00 AM,05/19/2026 12:00:00 AM,Closed,Roads - Streetlight Maintenance,SCARBORO/SUNALTA WEST,,-114.11485990934284,51.04219909319587
26-00335370,05/19/2026 12:00:00 AM,05/19/2026 12:00:00 AM,05/19/2026 12:00:00 AM,Closed,Roads - Streetlight Damage,EAST SHEPARD INDUSTRIAL,,-113.95096996432171,50.951309838058904
26-00335971,05/19/2026 12:00:00 AM,05/19/2026 12:00:00 AM,05/19/2026 12:00:00 AM,Closed,Roads - Streetlight Damage,SUNDANCE,,-114.04212569181468,50.90180436956538
26-00225422,04/10/2026 12:00:00 AM,04/10/2026 12:00:00 AM,04/10/2026 12:00:00 AM,Closed,Roads - Streetlight Maintenance,BRIDLEWOOD,,-114.11020921039947,50.89921921581604
26-00336132,05/19/2026 12:00:00 AM,05/19/2026 12:00:00 AM,05/19/2026 12:00:00 AM,Closed,Roads - Streetlight Maintenance,LAKE BONAVISTA,,-114.0512955606845,50.939598998272274
26-00210750,04/05/2026 12:00:00 AM,04/05/2026 12:00:00 AM,04/05/2026 12:00:00 AM,Closed,Roads - Streetlight Maintenance,MARTINDALE,,-113.95838711713029,51.11791372657443
26-00210778,04/05/2026 12:00:00 AM,04/05/2026 12:00:00 AM,04/05/2026 12:00:00 AM,Closed,Roads - Streetlight Damage,ELBOW PARK,,-114.08380531110666,51.02134304236776
26-00210899,04/05/2026 12:00:00 AM,04/05/2026 12:00:00 AM,04/05/2026 12:00:00 AM,Closed,Roads - Streetlight Damage,LIVINGSTON,,-114.06550619776098,51.18553606435354
26-00211466,04/05/2026 12:00:00 AM,04/05/2026 12:00:00 AM,04/05/2026 12:00:00 AM,Closed,Roads - Streetlight Maintenance,MARTINDALE,,-113.95838711713029,51.11791372657443
26-00210991,04/05/2026 12:00:00 AM,04/05/2026 12:00:00 AM,04/05/2026 12:00:00 AM,Closed,Roads - Streetlight Maintenance,HAWKWOOD,,-114.17561536315903,51.13097810215283
26-00211462,04/05/2026 12:00:00 AM,04/05/2026 12:00:00 AM,04/05/2026 12:00:00 AM,Closed,Roads - Streetlight Maintenance,BANKVIEW,,-114.10048318979051,51.034127528143316
26-00337905,05/20/2026 12:00:00 AM,05/20/2026 12:00:00 AM,05/20/2026 12:00:00 AM,Closed,Roads - Streetlight Damage,CORNERSTONE,,-113.93057052562739,51.15735996767518
26-00433166,06/17/2026 12:00:00 AM,06/17/2026 12:00:00 AM,06/17/2026 12:00:00 AM,Closed,Roads - Streetlight Maintenance,SUNALTA,,-114.10148594325246,51.04295989297799
26-00433506,06/17/2026 12:00:00 AM,06/17/2026 12:00:00 AM,06/17/2026 12:00:00 AM,Closed,Roads - Streetlight Damage,GOLDEN TRIANGLE,,-113.98530853921838,51.01339075630972
26-00434599,06/17/2026 12:00:00 AM,06/17/2026 12:00:00 AM,06/17/2026 12:00:00 AM,Closed,Roads - Streetlight Damage,HORIZON,,-113.99169523733028,51.08990020616713
26-00434394,06/17/2026 12:00:00 AM,06/17/2026 12:00:00 AM,06/17/2026 12:00:00 AM,Duplicate (Closed),Roads - Streetlight Maintenance,ASPEN WOODS,,-114.20838662695293,51.04521537783425
26-00434980,06/17/2026 12:00:00 AM,06/17/2026 12:00:00 AM,06/17/2026 12:00:00 AM,Closed,Roads - Streetlight Maintenance,WINSTON HEIGHTS/MOUNTVIEW,,-114.04184874950613,51.075298802807396
26-00436039,06/17/2026 12:00:00 AM,06/17/2026 12:00:00 AM,06/17/2026 12:00:00 AM,Closed,Roads - Streetlight Maintenance,GLENDALE,,-114.15271889005814,51.03337139240085
26-00437168,06/17/2026 12:00:00 AM,06/17/2026 12:00:00 AM,06/17/2026 12:00:00 AM,Closed,Roads - Streetlight Maintenance,CANYON MEADOWS,,-114.0820063458848,50.94095720926748
26-00235323,04/14/2026 12:00:00 AM,04/15/2026 12:00:00 AM,04/15/2026 12:00:00 AM,Closed,Roads - Streetlight Maintenance,HIGHLAND PARK,,-114.0620558477436,51.08801817919036
26-00223593,04/10/2026 12:00:00 AM,04/10/2026 12:00:00 AM,04/10/2026 12:00:00 AM,Closed,Roads - Streetlight Damage,MAYLAND HEIGHTS,,-114.01331127596197,51.06083218163849
26-00227726,04/11/2026 12:00:00 AM,04/12/2026 12:00:00 AM,04/12/2026 12:00:00 AM,Closed,Roads - Streetlight Maintenance,BELVEDERE,,-113.90498295155106,51.03782959976843
26-00236034,04/15/2026 12:00:00 AM,04/15/2026 12:00:00 AM,04/15/2026 12:00:00 AM,Closed,Roads - Streetlight Maintenance,KINGSLAND,,-114.07735883671336,50.98697675033278
26-00349682,05/24/2026 12:00:00 AM,05/25/2026 12:00:00 AM,05/25/2026 12:00:00 AM,Closed,Roads - Streetlight Maintenance,BELTLINE,,-114.0551860888619,51.03743796399198
26-00560351,07/27/2026 12:00:00 AM,07/27/2026 12:00:00 AM,07/27/2026 12:00:00 AM,Closed,Roads - Streetlight Damage,GREAT PLAINS,,-113.93993701561716,50.98689494739356
26-00546911,07/21/2026 12:00:00 AM,07/22/2026 12:00:00 AM,07/22/2026 12:00:00 AM,Closed,Roads - Streetlight Maintenance,SOUTHWOOD,,-114.08319427981303,50.957758808343314
26-00547085,07/22/2026 12:00:00 AM,07/22/2026 12:00:00 AM,07/22/2026 12:00:00 AM,Closed,Roads - Streetlight Maintenance,OGDEN,,-114.01243870034243,50.99187347872066
26-00227348,04/11/2026 12:00:00 AM,04/11/2026 12:00:00 AM,04/11/2026 12:00:00 AM,Closed,Roads - Streetlight Maintenance,SADDLE RIDGE,,-113.94562252266888,51.13057324276626
26-00547647,07/22/2026 12:00:00 AM,07/22/2026 12:00:00 AM,07/22/2026 12:00:00 AM,Closed,Roads - Streetlight Maintenance,COLLINGWOOD,,-114.10240362227502,51.08350990629627
26-00211509,04/06/2026 12:00:00 AM,04/06/2026 12:00:00 AM,04/06/2026 12:00:00 AM,Closed,Roads - Streetlight Damage,CALGARY INTERNATIONAL AIRPORT,,-114.01171665690268,51.12355645461996
26-00211486,04/05/2026 12:00:00 AM,04/06/2026 12:00:00 AM,04/06/2026 12:00:00 AM,Closed,Roads - Streetlight Maintenance,FOREST LAWN,,-113.9700019179966,51.037848048607955
26-00211534,04/06/2026 12:00:00 AM,04/06/2026 12:00:00 AM,04/06/2026 12:00:00 AM,Closed,Roads - Streetlight Maintenance,PARKHILL,,-114.06553191848667,51.01819490645702
26-00212458,04/06/2026 12:00:00 AM,04/06/2026 12:00:00 AM,04/06/2026 12:00:00 AM,Closed,Roads - Streetlight Damage,BELTLINE,,-114.0551860888619,51.03743796399198
26-00207751,04/02/2026 12:00:00 AM,04/06/2026 12:00:00 AM,04/06/2026 12:00:00 AM,Closed,Roads - Streetlight Damage,VALLEY RIDGE,,-114.25129743656922,51.09538869219599
26-00212270,04/06/2026 12:00:00 AM,04/06/2026 12:00:00 AM,04/06/2026 12:00:00 AM,Closed,Roads - Streetlight Maintenance,RANCHLANDS,,-114.18364711110482,51.11917908296843
26-00212611,04/06/2026 12:00:00 AM,04/06/2026 12:00:00 AM,04/06/2026 12:00:00 AM,Closed,Roads - Streetlight Maintenance,EDGEMONT,,-114.14395321027078,51.124587846873936
26-00213087,04/06/2026 12:00:00 AM,04/06/2026 12:00:00 AM,04/06/2026 12:00:00 AM,Closed,Roads - Streetlight Damage,HIGHWOOD,,-114.0798911269166,51.092359423668654
26-00209484,04/03/2026 12:00:00 AM,04/06/2026 12:00:00 AM,04/06/2026 12:00:00 AM,Closed,Roads - Streetlight Maintenance,AUBURN BAY,,-113.95779514351894,50.89269507750196
26-00212684,04/06/2026 12:00:00 AM,04/06/2026 12:00:00 AM,04/06/2026 12:00:00 AM,Closed,Roads - Streetlight Maintenance,MARTINDALE,,-113.95838711713029,51.11791372657443
26-00214461,04/06/2026 12:00:00 AM,04/06/2026 12:00:00 AM,04/06/2026 12:00:00 AM,Closed,Roads - Streetlight Damage,ASPEN WOODS,,-114.20838662695293,51.04521537783425
26-00515831,07/12/2026 12:00:00 AM,07/22/2026 12:00:00 AM,07/22/2026 12:00:00 AM,Closed,Roads - Streetlight Maintenance,SHAWNESSY,,-114.07397621253685,50.90337303234254
26-00548500,07/22/2026 12:00:00 AM,07/22/2026 12:00:00 AM,07/22/2026 12:00:00 AM,Closed,Roads - Streetlight Maintenance,BOWNESS,,-114.18838847472199,51.08334628834888
26-00549114,07/22/2026 12:00:00 AM,07/22/2026 12:00:00 AM,07/22/2026 12:00:00 AM,Closed,Roads - Streetlight Maintenance,HAYSBORO,,-114.08334023954265,50.97221484296711
26-00550264,07/22/2026 12:00:00 AM,07/22/2026 12:00:00 AM,07/22/2026 12:00:00 AM,Closed,Roads - Streetlight Maintenance,CITYSCAPE,,-113.9612580314835,51.14703155759964
26-00515748,07/11/2026 12:00:00 AM,08/04/2026 12:00:00 AM,08/04/2026 12:00:00 AM,Closed,Roads - Streetlight Maintenance,MARTINDALE,,-113.95838711713029,51.11791372657443
26-00336166,05/20/2026 12:00:00 AM,05/20/2026 12:00:00 AM,05/20/2026 12:00:00 AM,Closed,Roads - Streetlight Maintenance,QUEENSLAND,,-114.02257170606138,50.93822412104478
26-00336807,05/20/2026 12:00:00 AM,05/20/2026 12:00:00 AM,05/20/2026 12:00:00 AM,Closed,Roads - Streetlight Damage,MONTGOMERY,,-114.16224821352387,51.071076143699045
26-00339783,05/20/2026 12:00:00 AM,05/20/2026 12:00:00 AM,05/20/2026 12:00:00 AM,Closed,Roads - Streetlight Maintenance,QUEENSLAND,,-114.02257170606138,50.93822412104478
26-00344470,05/22/2026 12:00:00 AM,05/22/2026 12:00:00 AM,05/22/2026 12:00:00 AM,Closed,Roads - Streetlight Maintenance,PANORAMA HILLS,,-114.08807155795826,51.15970929560302
26-00345811,05/22/2026 12:00:00 AM,05/22/2026 12:00:00 AM,05/22/2026 12:00:00 AM,Closed,Roads - Streetlight Damage,HILLHURST,,-114.09364601408991,51.057277532355
26-00558941,07/26/2026 12:00:00 AM,07/26/2026 12:00:00 AM,07/26/2026 12:00:00 AM,Closed,Roads - Streetlight Maintenance,FOREST LAWN,,-113.9700019179966,51.037848048607955
26-00454774,06/23/2026 12:00:00 AM,06/23/2026 12:00:00 AM,06/23/2026 12:00:00 AM,Closed,Roads - Streetlight Maintenance,DEER RUN,,-114.00908770459685,50.925132387678815
26-00437233,06/18/2026 12:00:00 AM,06/18/2026 12:00:00 AM,06/18/2026 12:00:00 AM,Closed,Roads - Streetlight Maintenance,DEER RUN,,-114.00908770459685,50.925132387678815
26-00437254,06/18/2026 12:00:00 AM,06/18/2026 12:00:00 AM,06/18/2026 12:00:00 AM,Closed,Roads - Streetlight Maintenance,MCKENZIE LAKE,,-113.9881871837774,50.91486638419278
26-00437788,06/18/2026 12:00:00 AM,07/21/2026 12:00:00 AM,07/21/2026 12:00:00 AM,Closed,Roads - Streetlight Maintenance,KINGSLAND,,-114.07735883671336,50.98697675033278
26-00228415,04/12/2026 12:00:00 AM,04/12/2026 12:00:00 AM,04/12/2026 12:00:00 AM,Closed,Roads - Streetlight Maintenance,TUSCANY,,-114.24088620535619,51.12191108825487
26-00438737,06/18/2026 12:00:00 AM,06/18/2026 12:00:00 AM,06/18/2026 12:00:00 AM,Closed,Roads - Streetlight Damage,BELTLINE,,-114.0551860888619,51.03743796399198
26-00214411,04/06/2026 12:00:00 AM,04/07/2026 12:00:00 AM,04/07/2026 12:00:00 AM,Closed,Roads - Streetlight Maintenance,WINSTON HEIGHTS/MOUNTVIEW,,-114.04184874950613,51.075298802807396
26-00214435,04/06/2026 12:00:00 AM,04/07/2026 12:00:00 AM,04/07/2026 12:00:00 AM,Closed,Roads - Streetlight Maintenance,FOREST LAWN,,-113.9700019179966,51.037848048607955
26-00214439,04/06/2026 12:00:00 AM,04/07/2026 12:00:00 AM,04/07/2026 12:00:00 AM,Closed,Roads - Streetlight Maintenance,MARTINDALE,,-113.95838711713029,51.11791372657443
26-00214464,04/06/2026 12:00:00 AM,04/07/2026 12:00:00 AM,04/07/2026 12:00:00 AM,Closed,Roads - Streetlight Maintenance,RAMSAY,,-114.04253243760947,51.03641127911981
26-00214469,04/06/2026 12:00:00 AM,04/07/2026 12:00:00 AM,04/07/2026 12:00:00 AM,Closed,Roads - Streetlight Maintenance,MOUNT PLEASANT,,-114.07602998447169,51.074237909055896
26-00214281,04/06/2026 12:00:00 AM,04/07/2026 12:00:00 AM,04/07/2026 12:00:00 AM,Closed,Roads - Streetlight Maintenance,SOUTHWOOD,,-114.08319427981303,50.957758808343314
26-00214446,04/06/2026 12:00:00 AM,04/07/2026 12:00:00 AM,04/07/2026 12:00:00 AM,Closed,Roads - Streetlight Maintenance,CANYON MEADOWS,,-114.0820063458848,50.94095720926748
26-00214449,04/06/2026 12:00:00 AM,04/07/2026 12:00:00 AM,04/07/2026 12:00:00 AM,Closed,Roads - Streetlight Maintenance,MARLBOROUGH,,-113.96997429032228,51.05954612270691
26-00214453,04/06/2026 12:00:00 AM,04/07/2026 12:00:00 AM,04/07/2026 12:00:00 AM,Closed,Roads - Streetlight Maintenance,LAKEVIEW,,-114.12962139244752,50.999572409011186
26-00214471,04/06/2026 12:00:00 AM,04/07/2026 12:00:00 AM,04/07/2026 12:00:00 AM,Closed,Roads - Streetlight Maintenance,BANKVIEW,,-114.10048318979051,51.034127528143316
26-00214502,04/07/2026 12:00:00 AM,04/07/2026 12:00:00 AM,04/07/2026 12:00:00 AM,Closed,Roads - Streetlight Maintenance,BEDDINGTON HEIGHTS,,-114.0849111408055,51.13164398595451
26-00214503,04/07/2026 12:00:00 AM,04/07/2026 12:00:00 AM,04/07/2026 12:00:00 AM,Closed,Roads - Streetlight Maintenance,MARTINDALE,,-113.95838711713029,51.11791372657443
26-00214537,04/07/2026 12:00:00 AM,04/07/2026 12:00:00 AM,04/07/2026 12:00:00 AM,Closed,Roads - Streetlight Maintenance,SOUTH CALGARY,,-114.10207470149076,51.02680215199665
26-00214540,04/07/2026 12:00:00 AM,04/07/2026 12:00:00 AM,04/07/2026 12:00:00 AM,Closed,Roads - Streetlight Maintenance,SOUTH CALGARY,,-114.10207470149076,51.02680215199665
26-00214845,04/07/2026 12:00:00 AM,04/07/2026 12:00:00 AM,04/07/2026 12:00:00 AM,Closed,Roads - Streetlight Damage,WEST SPRINGS,,-114.20668628482738,51.05977296984733
26-00215015,04/07/2026 12:00:00 AM,04/07/2026 12:00:00 AM,04/07/2026 12:00:00 AM,Closed,Roads - Streetlight Damage,ERIN WOODS,,-113.96766881721629,51.02097627623138
26-00214964,04/07/2026 12:00:00 AM,04/07/2026 12:00:00 AM,04/07/2026 12:00:00 AM,Closed,Roads - Streetlight Damage,HUNTINGTON HILLS,,-114.06670855606806,51.11758074861446
26-00215013,04/07/2026 12:00:00 AM,04/07/2026 12:00:00 AM,04/07/2026 12:00:00 AM,Closed,Roads - Streetlight Damage,ERIN WOODS,,-113.96766881721629,51.02097627623138
26-00215362,04/07/2026 12:00:00 AM,04/07/2026 12:00:00 AM,04/07/2026 12:00:00 AM,Closed,Roads - Streetlight Damage,SPRINGBANK HILL,,-114.20981973671448,51.02656453162372
26-00215339,04/07/2026 12:00:00 AM,04/07/2026 12:00:00 AM,04/07/2026 12:00:00 AM,Closed,Roads - Streetlight Maintenance,HIGHWOOD,,-114.0798911269166,51.092359423668654
26-00215498,04/07/2026 12:00:00 AM,04/07/2026 12:00:00 AM,04/07/2026 12:00:00 AM,Closed,Roads - Streetlight Maintenance,RICHMOND,,-114.11842028929551,51.02971029545911
26-00215713,04/07/2026 12:00:00 AM,04/07/2026 12:00:00 AM,04/07/2026 12:00:00 AM,Closed,Roads - Streetlight Damage,LAKE BONAVISTA,,-114.0512955606845,50.939598998272274
26-00216393,04/07/2026 12:00:00 AM,04/07/2026 12:00:00 AM,04/07/2026 12:00:00 AM,Closed,Roads - Streetlight Damage,THORNCLIFFE,,-114.06878100895472,51.103105008837304
26-00217249,04/07/2026 12:00:00 AM,04/07/2026 12:00:00 AM,04/07/2026 12:00:00 AM,Closed,Roads - Streetlight Damage,EVERGREEN,,-114.11569352503207,50.91870443401208
26-00217369,04/07/2026 12:00:00 AM,04/07/2026 12:00:00 AM,04/07/2026 12:00:00 AM,Closed,Roads - Streetlight Maintenance,CHARLESWOOD,,-114.1122123154031,51.09008805079572
26-00327526,05/15/2026 12:00:00 AM,06/18/2026 12:00:00 AM,06/18/2026 12:00:00 AM,Closed,Roads - Streetlight Maintenance,CRANSTON,,-113.98000403324247,50.87819416673358
26-00354059,05/25/2026 12:00:00 AM,05/25/2026 12:00:00 AM,05/25/2026 12:00:00 AM,Closed,Roads - Streetlight Maintenance,LAKE BONAVISTA,,-114.0512955606845,50.939598998272274
26-00441320,06/18/2026 12:00:00 AM,06/18/2026 12:00:00 AM,06/18/2026 12:00:00 AM,Closed,Roads - Streetlight Maintenance,QUEENSLAND,,-114.02257170606138,50.93822412104478
26-00452234,06/23/2026 12:00:00 AM,06/23/2026 12:00:00 AM,06/23/2026 12:00:00 AM,Closed,Roads - Streetlight Damage,11B,,-114.16449743980223,50.98687965117978
26-00564057,07/28/2026 12:00:00 AM,07/28/2026 12:00:00 AM,07/28/2026 12:00:00 AM,Closed,Roads - Streetlight Damage,DALHOUSIE,,-114.15815535928552,51.109409937993064
26-00342418,05/21/2026 12:00:00 AM,09/03/2026 12:00:00 AM,08/12/2026 12:00:00 AM,Open,Roads - Streetlight Maintenance,GLENBROOK,,-114.15269483793499,51.02419405304613
26-00342635,05/21/2026 12:00:00 AM,05/21/2026 12:00:00 AM,05/21/2026 12:00:00 AM,Closed,Roads - Streetlight Maintenance,LAKEVIEW,,-114.12962139244752,50.999572409011186
26-00456529,06/23/2026 12:00:00 AM,06/24/2026 12:00:00 AM,06/24/2026 12:00:00 AM,Closed,Roads - Streetlight Maintenance,BELTLINE,,-114.0551860888619,51.03743796399198
26-00550616,07/23/2026 12:00:00 AM,07/23/2026 12:00:00 AM,07/23/2026 12:00:00 AM,Closed,Roads - Streetlight Maintenance,FAIRVIEW,,-114.0603609439821,50.98538212195565
26-00217478,04/08/2026 12:00:00 AM,04/08/2026 12:00:00 AM,04/08/2026 12:00:00 AM,Closed,Roads - Streetlight Maintenance,01B,,-114.24261426060025,51.102826008260855
26-00217461,04/08/2026 12:00:00 AM,04/08/2026 12:00:00 AM,04/08/2026 12:00:00 AM,Closed,Roads - Streetlight Maintenance,KILLARNEY/GLENGARRY,,-114.13173134426395,51.030131956517685
26-00218062,04/08/2026 12:00:00 AM,04/08/2026 12:00:00 AM,04/08/2026 12:00:00 AM,Closed,Roads - Streetlight Maintenance,RENFREW,,-114.03916899334442,51.05965315830899
26-00211000,04/05/2026 12:00:00 AM,04/08/2026 12:00:00 AM,04/08/2026 12:00:00 AM,Closed,Roads - Streetlight Maintenance,RANCHLANDS,,-114.18364711110482,51.11917908296843
26-00207498,04/02/2026 12:00:00 AM,04/16/2026 12:00:00 AM,04/16/2026 12:00:00 AM,Closed,Roads - Streetlight Maintenance,WINSTON HEIGHTS/MOUNTVIEW,,-114.04184874950613,51.075298802807396
26-00218905,04/08/2026 12:00:00 AM,04/08/2026 12:00:00 AM,04/08/2026 12:00:00 AM,Closed,Roads - Streetlight Damage,BOWNESS,,-114.18838847472199,51.08334628834888
26-00219054,04/08/2026 12:00:00 AM,04/08/2026 12:00:00 AM,04/08/2026 12:00:00 AM,Closed,Roads - Streetlight Maintenance,PENBROOKE MEADOWS,,-113.94768720611299,51.04585328827213
26-00219174,04/08/2026 12:00:00 AM,04/08/2026 12:00:00 AM,04/08/2026 12:00:00 AM,Closed,Roads - Streetlight Maintenance,MARTINDALE,,-113.95838711713029,51.11791372657443
26-00220000,04/08/2026 12:00:00 AM,07/07/2026 12:00:00 AM,07/07/2026 12:00:00 AM,Closed,Roads - Streetlight Maintenance,SIGNAL HILL,,-114.17990702915993,51.023260171926054
26-00220402,04/08/2026 12:00:00 AM,04/08/2026 12:00:00 AM,04/08/2026 12:00:00 AM,Closed,Roads - Streetlight Damage,DOWNTOWN COMMERCIAL CORE,,-114.06959371115343,51.0472744358498
26-00220990,04/09/2026 12:00:00 AM,05/01/2026 12:00:00 AM,05/01/2026 12:00:00 AM,Closed,Roads - Streetlight Damage,SCENIC ACRES,,-114.21734033796923,51.11270738649579
26-00552001,07/23/2026 12:00:00 AM,07/23/2026 12:00:00 AM,07/23/2026 12:00:00 AM,Closed,Roads - Streetlight Damage,13E,,-114.19818331653286,50.89939178657767
26-00552901,07/23/2026 12:00:00 AM,07/23/2026 12:00:00 AM,07/23/2026 12:00:00 AM,Closed,Roads - Streetlight Maintenance,MCKENZIE TOWNE,,-113.96135301049588,50.917148761958515
26-00553059,07/23/2026 12:00:00 AM,07/23/2026 12:00:00 AM,07/23/2026 12:00:00 AM,Closed,Roads - Streetlight Maintenance,MOUNT PLEASANT,,-114.07602998447169,51.074237909055896
26-00343123,05/21/2026 12:00:00 AM,05/21/2026 12:00:00 AM,05/21/2026 12:00:00 AM,Closed,Roads - Streetlight Damage,BELMONT,,-114.05524942357732,50.8686836961993
26-00343203,05/21/2026 12:00:00 AM,05/21/2026 12:00:00 AM,05/21/2026 12:00:00 AM,Closed,Roads - Streetlight Damage,PARKHILL,,-114.06553191848667,51.01819490645702
26-00348925,05/24/2026 12:00:00 AM,05/24/2026 12:00:00 AM,05/24/2026 12:00:00 AM,Closed,Roads - Streetlight Damage,SUNALTA,,-114.10148594325246,51.04295989297799
26-00552561,07/23/2026 12:00:00 AM,07/23/2026 12:00:00 AM,07/23/2026 12:00:00 AM,Closed,Roads - Streetlight Maintenance,MARLBOROUGH,,-113.96997429032228,51.05954612270691
26-00441335,06/19/2026 12:00:00 AM,06/19/2026 12:00:00 AM,06/19/2026 12:00:00 AM,Duplicate (Closed),Roads - Streetlight Maintenance,QUEENSLAND,,-114.02257170606138,50.93822412104478
26-00441344,06/19/2026 12:00:00 AM,06/19/2026 12:00:00 AM,06/19/2026 12:00:00 AM,Closed,Roads - Streetlight Maintenance,VISTA HEIGHTS,,-114.0177048718387,51.07192870528888
26-00442076,06/19/2026 12:00:00 AM,06/19/2026 12:00:00 AM,06/19/2026 12:00:00 AM,Closed,Roads - Streetlight Maintenance,KILLARNEY/GLENGARRY,,-114.13173134426395,51.030131956517685
26-00441738,06/19/2026 12:00:00 AM,06/19/2026 12:00:00 AM,06/19/2026 12:00:00 AM,Closed,Roads - Streetlight Maintenance,HARVEST HILLS,,-114.05277830448233,51.14767656521987
26-00443197,06/19/2026 12:00:00 AM,06/19/2026 12:00:00 AM,06/19/2026 12:00:00 AM,Closed,Roads - Streetlight Maintenance,MOUNT PLEASANT,,-114.07602998447169,51.074237909055896
26-00443563,06/19/2026 12:00:00 AM,06/19/2026 12:00:00 AM,06/19/2026 12:00:00 AM,Closed,Roads - Streetlight Maintenance,DEER RIDGE,,-114.02023404987304,50.92657386979402
26-00444299,06/19/2026 12:00:00 AM,06/19/2026 12:00:00 AM,06/19/2026 12:00:00 AM,Closed,Roads - Streetlight Maintenance,DOUGLASDALE/GLEN,,-114.01190805579247,50.94844437258388
26-00562366,07/27/2026 12:00:00 AM,07/27/2026 12:00:00 AM,07/27/2026 12:00:00 AM,Closed,Roads - Streetlight Maintenance,LAKE BONAVISTA,,-114.0512955606845,50.939598998272274
26-00236467,04/15/2026 12:00:00 AM,04/15/2026 12:00:00 AM,04/15/2026 12:00:00 AM,Closed,Roads - Streetlight Maintenance,BELTLINE,,-114.0551860888619,51.03743796399198
26-00220713,04/09/2026 12:00:00 AM,04/09/2026 12:00:00 AM,04/09/2026 12:00:00 AM,Closed,Roads - Streetlight Maintenance,FOREST LAWN,,-113.9700019179966,51.037848048607955
26-00221134,04/09/2026 12:00:00 AM,04/09/2026 12:00:00 AM,04/09/2026 12:00:00 AM,Closed,Roads - Streetlight Maintenance,SIGNAL HILL,,-114.17990702915993,51.023260171926054
26-00221164,04/09/2026 12:00:00 AM,04/09/2026 12:00:00 AM,04/09/2026 12:00:00 AM,Closed,Roads - Streetlight Maintenance,SIGNAL HILL,,-114.17990702915993,51.023260171926054
26-00221288,04/09/2026 12:00:00 AM,04/09/2026 12:00:00 AM,04/09/2026 12:00:00 AM,Closed,Roads - Streetlight Damage,FOREST LAWN,,-113.9700019179966,51.037848048607955
26-00222173,04/09/2026 12:00:00 AM,04/09/2026 12:00:00 AM,04/09/2026 12:00:00 AM,Closed,Roads - Streetlight Damage,FOREST LAWN,,-113.9700019179966,51.037848048607955
26-00214251,04/06/2026 12:00:00 AM,04/09/2026 12:00:00 AM,04/09/2026 12:00:00 AM,Closed,Roads - Streetlight Maintenance,BRAESIDE,,-114.10636590290346,50.95600269188388
26-00221915,04/09/2026 12:00:00 AM,04/09/2026 12:00:00 AM,04/09/2026 12:00:00 AM,Closed,Roads - Streetlight Maintenance,EVERGREEN,,-114.11569352503207,50.91870443401208
26-00222978,04/09/2026 12:00:00 AM,04/09/2026 12:00:00 AM,04/09/2026 12:00:00 AM,Closed,Roads - Streetlight Damage,ASPEN WOODS,,-114.20838662695293,51.04521537783425
26-00564420,07/28/2026 12:00:00 AM,07/28/2026 12:00:00 AM,07/28/2026 12:00:00 AM,Closed,Roads - Streetlight Maintenance,SOMERSET,,-114.08137551622823,50.898904177038276
26-00343484,05/21/2026 12:00:00 AM,05/22/2026 12:00:00 AM,05/22/2026 12:00:00 AM,Closed,Roads - Streetlight Maintenance,INGLEWOOD,,-114.01912581291118,51.03414052413669
26-00343485,05/21/2026 12:00:00 AM,05/22/2026 12:00:00 AM,05/22/2026 12:00:00 AM,Closed,Roads - Streetlight Maintenance,DALHOUSIE,,-114.15815535928552,51.109409937993064
26-00343445,05/21/2026 12:00:00 AM,05/22/2026 12:00:00 AM,05/22/2026 12:00:00 AM,Closed,Roads - Streetlight Maintenance,KILLARNEY/GLENGARRY,,-114.13173134426395,51.030131956517685
26-00343478,05/21/2026 12:00:00 AM,05/22/2026 12:00:00 AM,05/22/2026 12:00:00 AM,Closed,Roads - Streetlight Damage,STRATHCONA PARK,,-114.17758676157425,51.04741013809688
26-00345727,05/22/2026 12:00:00 AM,05/22/2026 12:00:00 AM,05/22/2026 12:00:00 AM,Closed,Roads - Streetlight Damage,HILLHURST,,-114.09364601408991,51.057277532355
26-00344658,05/22/2026 12:00:00 AM,05/22/2026 12:00:00 AM,05/22/2026 12:00:00 AM,Closed,Roads - Streetlight Maintenance,SHAWNESSY,,-114.07397621253685,50.90337303234254
26-00346528,05/22/2026 12:00:00 AM,05/22/2026 12:00:00 AM,05/22/2026 12:00:00 AM,Closed,Roads - Streetlight Maintenance,WHITEHORN,,-113.97006247520194,51.08877824664194
26-00346686,05/22/2026 12:00:00 AM,05/22/2026 12:00:00 AM,05/22/2026 12:00:00 AM,Closed,Roads - Streetlight Maintenance,RUNDLE,,-113.97005350368742,51.07423887665301
26-00571582,07/29/2026 12:00:00 AM,07/29/2026 12:00:00 AM,07/29/2026 12:00:00 AM,Closed,Roads - Streetlight Maintenance,FALCONRIDGE,,-113.94533995179319,51.103349796180694
26-00459875,06/24/2026 12:00:00 AM,06/24/2026 12:00:00 AM,06/24/2026 12:00:00 AM,Closed,Roads - Streetlight Maintenance,CRESCENT HEIGHTS,,-114.06164731813935,51.05950171589272
26-00223542,04/09/2026 12:00:00 AM,04/10/2026 12:00:00 AM,04/10/2026 12:00:00 AM,Closed,Roads - Streetlight Maintenance,OGDEN,,-114.01243870034243,50.99187347872066
26-00223524,04/09/2026 12:00:00 AM,04/10/2026 12:00:00 AM,04/10/2026 12:00:00 AM,Closed,Roads - Streetlight Maintenance,FOREST LAWN,,-113.9700019179966,51.037848048607955
26-00223577,04/10/2026 12:00:00 AM,04/10/2026 12:00:00 AM,04/10/2026 12:00:00 AM,Closed,Roads - Streetlight Maintenance,UNIVERSITY HEIGHTS,,-114.13308657031322,51.07040418074353
26-00224081,04/10/2026 12:00:00 AM,04/10/2026 12:00:00 AM,04/10/2026 12:00:00 AM,Closed,Roads - Streetlight Maintenance,MOUNT PLEASANT,,-114.07602998447169,51.074237909055896
26-00224398,04/10/2026 12:00:00 AM,06/25/2026 12:00:00 AM,06/25/2026 12:00:00 AM,Closed,Roads - Streetlight Maintenance,EVANSTON,,-114.11219163730428,51.171218187340465
26-00554246,07/24/2026 12:00:00 AM,07/24/2026 12:00:00 AM,07/24/2026 12:00:00 AM,Closed,Roads - Streetlight Maintenance,FOREST LAWN,,-113.9700019179966,51.037848048607955
26-00225493,04/10/2026 12:00:00 AM,04/10/2026 12:00:00 AM,04/10/2026 12:00:00 AM,Closed,Roads - Streetlight Maintenance,HAMPTONS,,-114.14668841065269,51.14509558933835
26-00225894,04/10/2026 12:00:00 AM,07/14/2026 12:00:00 AM,05/15/2026 12:00:00 AM,Open,Roads - Streetlight Maintenance,THORNCLIFFE,,-114.06878100895472,51.103105008837304
26-00554216,07/23/2026 12:00:00 AM,07/24/2026 12:00:00 AM,07/24/2026 12:00:00 AM,Closed,Roads - Streetlight Damage,PENBROOKE MEADOWS,,-113.94768720611299,51.04585328827213
26-00554218,07/24/2026 12:00:00 AM,07/24/2026 12:00:00 AM,07/24/2026 12:00:00 AM,Closed,Roads - Streetlight Damage,HUNTINGTON HILLS,,-114.06670855606806,51.11758074861446
26-00553780,07/23/2026 12:00:00 AM,07/24/2026 12:00:00 AM,07/24/2026 12:00:00 AM,Closed,Roads - Streetlight Maintenance,OAKRIDGE,,-114.12961404738667,50.969662799426914
26-00554183,07/23/2026 12:00:00 AM,07/24/2026 12:00:00 AM,07/24/2026 12:00:00 AM,Closed,Roads - Streetlight Maintenance,OAKRIDGE,,-114.12961404738667,50.969662799426914
26-00554217,07/23/2026 12:00:00 AM,07/24/2026 12:00:00 AM,07/24/2026 12:00:00 AM,Closed,Roads - Streetlight Maintenance,EAST FAIRVIEW INDUSTRIAL,,-114.03863977769731,50.98403287999368
26-00554248,07/24/2026 12:00:00 AM,07/24/2026 12:00:00 AM,07/24/2026 12:00:00 AM,Closed,Roads - Streetlight Maintenance,CANYON MEADOWS,,-114.0820063458848,50.94095720926748
26-00226772,04/11/2026 12:00:00 AM,04/11/2026 12:00:00 AM,04/11/2026 12:00:00 AM,Closed,Roads - Streetlight Maintenance,THORNCLIFFE,,-114.06878100895472,51.103105008837304
26-00556348,07/24/2026 12:00:00 AM,07/24/2026 12:00:00 AM,07/24/2026 12:00:00 AM,Closed,Roads - Streetlight Damage,BRITANNIA,,-114.08627738153771,51.01264400443256
26-00555816,07/24/2026 12:00:00 AM,07/24/2026 12:00:00 AM,07/24/2026 12:00:00 AM,Closed,Roads - Streetlight Maintenance,DEER RIDGE,,-114.02023404987304,50.92657386979402
26-00467162,06/26/2026 12:00:00 AM,06/26/2026 12:00:00 AM,06/26/2026 12:00:00 AM,Closed,Roads - Streetlight Maintenance,CRESCENT HEIGHTS,,-114.06164731813935,51.05950171589272
26-00349963,05/24/2026 12:00:00 AM,05/25/2026 12:00:00 AM,05/25/2026 12:00:00 AM,Closed,Roads - Streetlight Maintenance,BOWNESS,,-114.18838847472199,51.08334628834888
26-00445074,06/20/2026 12:00:00 AM,06/20/2026 12:00:00 AM,06/20/2026 12:00:00 AM,Closed,Roads - Streetlight Maintenance,DOVER,,-113.99305400906277,51.02256772313628
26-00445091,06/20/2026 12:00:00 AM,06/20/2026 12:00:00 AM,06/20/2026 12:00:00 AM,Closed,Roads - Streetlight Maintenance,CANYON MEADOWS,,-114.0820063458848,50.94095720926748
26-00446510,06/20/2026 12:00:00 AM,06/20/2026 12:00:00 AM,06/20/2026 12:00:00 AM,Closed,Roads - Streetlight Damage,STONEY 2,,-114.01718259300952,51.14338378288947
26-00446786,06/20/2026 12:00:00 AM,06/20/2026 12:00:00 AM,06/20/2026 12:00:00 AM,Closed,Roads - Streetlight Damage,GLENDALE,,-114.15271889005814,51.03337139240085
26-00452797,06/23/2026 12:00:00 AM,06/23/2026 12:00:00 AM,06/23/2026 12:00:00 AM,Closed,Roads - Streetlight Maintenance,OGDEN,,-114.01243870034243,50.99187347872066
26-00525190,07/14/2026 12:00:00 AM,09/01/2026 12:00:00 AM,09/01/2026 12:00:00 AM,Closed,Roads - Streetlight Maintenance,LEWISBURG,,-114.03826144375063,51.186803312554616
26-00560298,07/27/2026 12:00:00 AM,07/27/2026 12:00:00 AM,07/27/2026 12:00:00 AM,Closed,Roads - Streetlight Maintenance,EAST FAIRVIEW INDUSTRIAL,,-114.03863977769731,50.98403287999368
26-00226579,04/11/2026 12:00:00 AM,04/11/2026 12:00:00 AM,04/11/2026 12:00:00 AM,Closed,Roads - Streetlight Damage,WEST SPRINGS,,-114.20668628482738,51.05977296984733
26-00226369,04/11/2026 12:00:00 AM,04/11/2026 12:00:00 AM,04/11/2026 12:00:00 AM,Closed,Roads - Streetlight Damage,SCARBORO,,-114.10717502442168,51.04076520075529
26-00226305,04/10/2026 12:00:00 AM,04/11/2026 12:00:00 AM,04/11/2026 12:00:00 AM,Closed,Roads - Streetlight Maintenance,SIGNAL HILL,,-114.17990702915993,51.023260171926054
26-00226318,04/10/2026 12:00:00 AM,04/11/2026 12:00:00 AM,04/11/2026 12:00:00 AM,Closed,Roads - Streetlight Maintenance,PENBROOKE MEADOWS,,-113.94768720611299,51.04585328827213
26-00227705,04/11/2026 12:00:00 AM,04/12/2026 12:00:00 AM,04/12/2026 12:00:00 AM,Closed,Roads - Streetlight Damage,SILVERADO,,-114.07129694074862,50.88298604108047
26-00227101,04/11/2026 12:00:00 AM,04/11/2026 12:00:00 AM,04/11/2026 12:00:00 AM,Closed,Roads - Streetlight Damage,RENFREW,,-114.03916899334442,51.05965315830899
26-00570873,07/29/2026 12:00:00 AM,07/29/2026 12:00:00 AM,07/29/2026 12:00:00 AM,Closed,Roads - Streetlight Damage,RED CARPET,,-113.93892582459969,51.04258062721205
26-00347835,05/23/2026 12:00:00 AM,05/23/2026 12:00:00 AM,05/23/2026 12:00:00 AM,Closed,Roads - Streetlight Maintenance,WOODBINE,,-114.12962816402121,50.940233262618435
26-00234904,04/14/2026 12:00:00 AM,04/14/2026 12:00:00 AM,04/14/2026 12:00:00 AM,Closed,Roads - Streetlight Maintenance,BOWNESS,,-114.18838847472199,51.08334628834888
26-00462151,06/25/2026 12:00:00 AM,08/05/2026 12:00:00 AM,08/05/2026 12:00:00 AM,Closed,Roads - Streetlight Maintenance,MARLBOROUGH PARK,,-113.9467026472926,51.059690244957956
26-00347010,05/23/2026 12:00:00 AM,05/23/2026 12:00:00 AM,05/23/2026 12:00:00 AM,Closed,Roads - Streetlight Damage,ALTADORE,,-114.10078239468643,51.015954118930864
26-00557414,07/25/2026 12:00:00 AM,07/25/2026 12:00:00 AM,07/25/2026 12:00:00 AM,Closed,Roads - Streetlight Maintenance,CRESCENT HEIGHTS,,-114.06164731813935,51.05950171589272
26-00558845,07/25/2026 12:00:00 AM,07/25/2026 12:00:00 AM,07/25/2026 12:00:00 AM,Closed,Roads - Streetlight Damage,CORAL SPRINGS,,-113.92694858499823,51.10334785100925
26-00558873,07/25/2026 12:00:00 AM,07/25/2026 12:00:00 AM,07/25/2026 12:00:00 AM,Closed,Roads - Streetlight Maintenance,MONTEREY PARK,,-113.9268336359381,51.08155699522564
26-00558887,07/25/2026 12:00:00 AM,07/25/2026 12:00:00 AM,07/25/2026 12:00:00 AM,Closed,Roads - Streetlight Maintenance,MARLBOROUGH PARK,,-113.9467026472926,51.059690244957956
26-00558891,07/25/2026 12:00:00 AM,07/25/2026 12:00:00 AM,07/25/2026 12:00:00 AM,Closed,Roads - Streetlight Maintenance,YORKVILLE,,-114.08232478981768,50.87035139693807
26-00558605,07/25/2026 12:00:00 AM,07/25/2026 12:00:00 AM,07/25/2026 12:00:00 AM,Closed,Roads - Streetlight Maintenance,DOVER,,-113.99305400906277,51.02256772313628
26-00558879,07/25/2026 12:00:00 AM,07/25/2026 12:00:00 AM,07/25/2026 12:00:00 AM,Closed,Roads - Streetlight Maintenance,CRESCENT HEIGHTS,,-114.06164731813935,51.05950171589272
26-00559351,07/26/2026 12:00:00 AM,07/26/2026 12:00:00 AM,07/26/2026 12:00:00 AM,Closed,Roads - Streetlight Damage,BRIDGELAND/RIVERSIDE,,-114.03507983816611,51.050550694999004
26-00558848,07/25/2026 12:00:00 AM,07/27/2026 12:00:00 AM,07/27/2026 12:00:00 AM,Closed,Roads - Streetlight Damage,CORAL SPRINGS,,-113.92694858499823,51.10334785100925
26-00348485,05/23/2026 12:00:00 AM,05/24/2026 12:00:00 AM,05/24/2026 12:00:00 AM,Closed,Roads - Streetlight Maintenance,LAKE BONAVISTA,,-114.0512955606845,50.939598998272274
26-00228677,04/12/2026 12:00:00 AM,04/12/2026 12:00:00 AM,04/12/2026 12:00:00 AM,Closed,Roads - Streetlight Maintenance,TARADALE,,-113.934002077972,51.11794016367547
26-00228682,04/12/2026 12:00:00 AM,04/12/2026 12:00:00 AM,04/12/2026 12:00:00 AM,Closed,Roads - Streetlight Maintenance,MCKENZIE LAKE,,-113.9881871837774,50.91486638419278
26-00355000,05/26/2026 12:00:00 AM,05/26/2026 12:00:00 AM,05/26/2026 12:00:00 AM,Closed,Roads - Streetlight Maintenance,ALBERT PARK/RADISSON HEIGHTS,,-113.99677793526727,51.044532953156086
26-00446902,06/21/2026 12:00:00 AM,06/21/2026 12:00:00 AM,06/21/2026 12:00:00 AM,Closed,Roads - Streetlight Maintenance,RUNDLE,,-113.97005350368742,51.07423887665301
26-00569093,07/29/2026 12:00:00 AM,07/29/2026 12:00:00 AM,07/29/2026 12:00:00 AM,Closed,Roads - Streetlight Maintenance,FAIRVIEW,,-114.0603609439821,50.98538212195565
26-00232111,04/14/2026 12:00:00 AM,04/14/2026 12:00:00 AM,04/14/2026 12:00:00 AM,Closed,Roads - Streetlight Maintenance,RENFREW,,-114.03916899334442,51.05965315830899
26-00235425,04/14/2026 12:00:00 AM,04/15/2026 12:00:00 AM,04/15/2026 12:00:00 AM,Closed,Roads - Streetlight Maintenance,EVERGREEN,,-114.11569352503207,50.91870443401208
26-00235431,04/14/2026 12:00:00 AM,04/15/2026 12:00:00 AM,04/15/2026 12:00:00 AM,Closed,Roads - Streetlight Maintenance,HIGHWOOD,,-114.0798911269166,51.092359423668654
26-00363247,05/28/2026 12:00:00 AM,05/28/2026 12:00:00 AM,05/28/2026 12:00:00 AM,Closed,Roads - Streetlight Maintenance,PENBROOKE MEADOWS,,-113.94768720611299,51.04585328827213
26-00347748,05/23/2026 12:00:00 AM,05/23/2026 12:00:00 AM,05/23/2026 12:00:00 AM,Closed,Roads - Streetlight Maintenance,MARLBOROUGH PARK,,-113.9467026472926,51.059690244957956
26-00447615,06/21/2026 12:00:00 AM,06/21/2026 12:00:00 AM,06/21/2026 12:00:00 AM,Closed,Roads - Streetlight Damage,CORNERSTONE,,-113.93057052562739,51.15735996767518
26-00447667,06/21/2026 12:00:00 AM,06/21/2026 12:00:00 AM,06/21/2026 12:00:00 AM,Closed,Roads - Streetlight Damage,WESTWINDS,,-113.97005020356406,51.10339214773552
26-00447725,06/21/2026 12:00:00 AM,06/21/2026 12:00:00 AM,06/21/2026 12:00:00 AM,Closed,Roads - Streetlight Damage,SOUTH CALGARY,,-114.10207470149076,51.02680215199665
26-00239886,04/16/2026 12:00:00 AM,04/16/2026 12:00:00 AM,04/16/2026 12:00:00 AM,Closed,Roads - Streetlight Maintenance,RENFREW,,-114.03916899334442,51.05965315830899
26-00575184,07/30/2026 12:00:00 AM,07/30/2026 12:00:00 AM,07/30/2026 12:00:00 AM,Closed,Roads - Streetlight Maintenance,GLENBROOK,,-114.15269483793499,51.02419405304613
26-00349869,05/24/2026 12:00:00 AM,05/24/2026 12:00:00 AM,05/24/2026 12:00:00 AM,Closed,Roads - Streetlight Damage,KILLARNEY/GLENGARRY,,-114.13173134426395,51.030131956517685
26-00349484,05/24/2026 12:00:00 AM,05/24/2026 12:00:00 AM,05/24/2026 12:00:00 AM,Closed,Roads - Streetlight Maintenance,HARVEST HILLS,,-114.05277830448233,51.14767656521987
26-00348917,05/24/2026 12:00:00 AM,05/24/2026 12:00:00 AM,05/24/2026 12:00:00 AM,Closed,Roads - Streetlight Maintenance,SUNALTA,,-114.10148594325246,51.04295989297799
26-00349864,05/24/2026 12:00:00 AM,05/24/2026 12:00:00 AM,05/24/2026 12:00:00 AM,Closed,Roads - Streetlight Damage,RICHMOND,,-114.11842028929551,51.02971029545911
26-00243930,04/17/2026 12:00:00 AM,04/18/2026 12:00:00 AM,04/18/2026 12:00:00 AM,Closed,Roads - Streetlight Maintenance,SETON,,-113.94793123802643,50.874157663473184
26-00578370,07/31/2026 12:00:00 AM,08/01/2026 12:00:00 AM,08/01/2026 12:00:00 AM,Closed,Roads - Streetlight Maintenance,LAKEVIEW,,-114.12962139244752,50.999572409011186
26-00228746,04/13/2026 12:00:00 AM,04/13/2026 12:00:00 AM,04/13/2026 12:00:00 AM,Closed,Roads - Streetlight Maintenance,PENBROOKE MEADOWS,,-113.94768720611299,51.04585328827213
26-00230465,04/13/2026 12:00:00 AM,04/13/2026 12:00:00 AM,04/13/2026 12:00:00 AM,Closed,Roads - Streetlight Maintenance,PUMP HILL,,-114.10078728035033,50.96682770201055
26-00231983,04/13/2026 12:00:00 AM,04/13/2026 12:00:00 AM,04/13/2026 12:00:00 AM,Closed,Roads - Streetlight Maintenance,ERLTON,,-114.06314803616586,51.02633258165659
26-00229355,04/13/2026 12:00:00 AM,04/13/2026 12:00:00 AM,04/13/2026 12:00:00 AM,Closed,Roads - Streetlight Maintenance,RENFREW,,-114.03916899334442,51.05965315830899
26-00230444,04/13/2026 12:00:00 AM,04/13/2026 12:00:00 AM,04/13/2026 12:00:00 AM,Closed,Roads - Streetlight Maintenance,OAKRIDGE,,-114.12961404738667,50.969662799426914
26-00231993,04/13/2026 12:00:00 AM,04/13/2026 12:00:00 AM,04/13/2026 12:00:00 AM,Closed,Roads - Streetlight Maintenance,DEER RIDGE,,-114.02023404987304,50.92657386979402
26-00229574,04/13/2026 12:00:00 AM,04/13/2026 12:00:00 AM,04/13/2026 12:00:00 AM,Closed,Roads - Streetlight Maintenance,WOODLANDS,,-114.10615958156993,50.9411239786837
26-00230318,04/13/2026 12:00:00 AM,04/13/2026 12:00:00 AM,04/13/2026 12:00:00 AM,Closed,Roads - Streetlight Maintenance,FOREST LAWN,,-113.9700019179966,51.037848048607955
26-00230034,04/13/2026 12:00:00 AM,04/13/2026 12:00:00 AM,04/13/2026 12:00:00 AM,Closed,Roads - Streetlight Maintenance,THORNCLIFFE,,-114.06878100895472,51.103105008837304
26-00230238,04/13/2026 12:00:00 AM,04/13/2026 12:00:00 AM,04/13/2026 12:00:00 AM,Closed,Roads - Streetlight Maintenance,OAKRIDGE,,-114.12961404738667,50.969662799426914
26-00231656,04/13/2026 12:00:00 AM,04/13/2026 12:00:00 AM,04/13/2026 12:00:00 AM,Closed,Roads - Streetlight Maintenance,BEDDINGTON HEIGHTS,,-114.0849111408055,51.13164398595451
26-00245963,04/19/2026 12:00:00 AM,04/19/2026 12:00:00 AM,04/19/2026 12:00:00 AM,Closed,Roads - Streetlight Damage,BOWNESS,,-114.18838847472199,51.08334628834888
26-00245242,04/18/2026 12:00:00 AM,04/18/2026 12:00:00 AM,04/18/2026 12:00:00 AM,Closed,Roads - Streetlight Damage,CORAL SPRINGS,,-113.92694858499823,51.10334785100925
26-00244259,04/18/2026 12:00:00 AM,04/18/2026 12:00:00 AM,04/18/2026 12:00:00 AM,Closed,Roads - Streetlight Damage,SOMERSET,,-114.08137551622823,50.898904177038276
26-00229707,04/13/2026 12:00:00 AM,04/13/2026 12:00:00 AM,04/13/2026 12:00:00 AM,Closed,Roads - Streetlight Damage,BELTLINE,,-114.0551860888619,51.03743796399198
26-00231961,04/13/2026 12:00:00 AM,04/13/2026 12:00:00 AM,04/13/2026 12:00:00 AM,Closed,Roads - Streetlight Damage,DOVER,,-113.99305400906277,51.02256772313628
26-00559559,07/26/2026 12:00:00 AM,07/26/2026 12:00:00 AM,07/26/2026 12:00:00 AM,Closed,Roads - Streetlight Damage,SOUTHWOOD,,-114.08319427981303,50.957758808343314
26-00559749,07/26/2026 12:00:00 AM,07/26/2026 12:00:00 AM,07/26/2026 12:00:00 AM,Closed,Roads - Streetlight Damage,FAIRVIEW,,-114.0603609439821,50.98538212195565
26-00559766,07/26/2026 12:00:00 AM,07/26/2026 12:00:00 AM,07/26/2026 12:00:00 AM,Closed,Roads - Streetlight Damage,ACADIA,,-114.05369601618196,50.972415073979406
26-00560162,07/26/2026 12:00:00 AM,07/26/2026 12:00:00 AM,07/26/2026 12:00:00 AM,Closed,Roads - Streetlight Damage,PARKDALE,,-114.13533325689389,51.05994755127784
26-00559681,07/26/2026 12:00:00 AM,07/26/2026 12:00:00 AM,07/26/2026 12:00:00 AM,Closed,Roads - Streetlight Maintenance,CHAPARRAL,,-114.02566896242004,50.88467311348729
26-00359894,05/27/2026 12:00:00 AM,05/27/2026 12:00:00 AM,05/27/2026 12:00:00 AM,Closed,Roads - Streetlight Maintenance,BRIDGELAND/RIVERSIDE,,-114.03507983816611,51.050550694999004
26-00369293,05/29/2026 12:00:00 AM,09/08/2026 12:00:00 AM,09/08/2026 12:00:00 AM,Closed,Roads - Streetlight Maintenance,TEMPLE,,-113.94676645519942,51.08879880716327
26-00621606,08/17/2026 12:00:00 AM,09/09/2026 12:00:00 AM,09/09/2026 12:00:00 AM,Closed,Roads - Streetlight Maintenance,FOREST LAWN,,-113.9700019179966,51.037848048607955
26-00363190,05/27/2026 12:00:00 AM,05/28/2026 12:00:00 AM,05/28/2026 12:00:00 AM,Closed,Roads - Streetlight Maintenance,FOREST LAWN,,-113.9700019179966,51.037848048607955
26-00562873,07/27/2026 12:00:00 AM,08/27/2026 12:00:00 AM,08/27/2026 12:00:00 AM,Closed,Roads - Streetlight Maintenance,CANYON MEADOWS,,-114.0820063458848,50.94095720926748
26-00363249,05/28/2026 12:00:00 AM,05/28/2026 12:00:00 AM,05/28/2026 12:00:00 AM,Closed,Roads - Streetlight Maintenance,DOWNTOWN EAST VILLAGE,,-114.05084794560648,51.047090331328896
26-00564656,07/28/2026 12:00:00 AM,09/15/2026 12:00:00 AM,09/15/2026 12:00:00 AM,Closed,Roads - Streetlight Maintenance,SCENIC ACRES,,-114.21734033796923,51.11270738649579
26-00447942,06/21/2026 12:00:00 AM,06/22/2026 12:00:00 AM,06/22/2026 12:00:00 AM,Closed,Roads - Streetlight Maintenance,RICHMOND,,-114.11842028929551,51.02971029545911
26-00448062,06/21/2026 12:00:00 AM,06/22/2026 12:00:00 AM,06/22/2026 12:00:00 AM,Closed,Roads - Streetlight Maintenance,DEER RIDGE,,-114.02023404987304,50.92657386979402
26-00448234,06/22/2026 12:00:00 AM,06/22/2026 12:00:00 AM,06/22/2026 12:00:00 AM,Closed,Roads - Streetlight Maintenance,DOVER,,-113.99305400906277,51.02256772313628
26-00447642,06/21/2026 12:00:00 AM,06/22/2026 12:00:00 AM,06/22/2026 12:00:00 AM,Closed,Roads - Streetlight Maintenance,CRESCENT HEIGHTS,,-114.06164731813935,51.05950171589272
26-00447490,06/21/2026 12:00:00 AM,06/22/2026 12:00:00 AM,06/22/2026 12:00:00 AM,Closed,Roads - Streetlight Damage,ERLTON,,-114.06314803616586,51.02633258165659
26-00566568,07/28/2026 12:00:00 AM,07/28/2026 12:00:00 AM,07/28/2026 12:00:00 AM,Closed,Roads - Streetlight Maintenance,COVENTRY HILLS,,-114.05313423182986,51.164928068908395
26-00449176,06/22/2026 12:00:00 AM,06/22/2026 12:00:00 AM,06/22/2026 12:00:00 AM,Closed,Roads - Streetlight Maintenance,OGDEN,,-114.01243870034243,50.99187347872066
26-00449461,06/22/2026 12:00:00 AM,06/22/2026 12:00:00 AM,06/22/2026 12:00:00 AM,Closed,Roads - Streetlight Maintenance,FOREST LAWN,,-113.9700019179966,51.037848048607955
26-00448430,06/22/2026 12:00:00 AM,06/22/2026 12:00:00 AM,06/22/2026 12:00:00 AM,Closed,Roads - Streetlight Maintenance,KILLARNEY/GLENGARRY,,-114.13173134426395,51.030131956517685
26-00450273,06/22/2026 12:00:00 AM,06/22/2026 12:00:00 AM,06/22/2026 12:00:00 AM,Closed,Roads - Streetlight Maintenance,ACADIA,,-114.05369601618196,50.972415073979406
26-00451756,06/22/2026 12:00:00 AM,06/22/2026 12:00:00 AM,06/22/2026 12:00:00 AM,Closed,Roads - Streetlight Damage,ABBEYDALE,,-113.92779834680348,51.059416705656574
26-00519682,07/13/2026 12:00:00 AM,09/03/2026 12:00:00 AM,09/03/2026 12:00:00 AM,Closed,Roads - Streetlight Maintenance,EVERGREEN,,-114.11569352503207,50.91870443401208
26-00232046,04/14/2026 12:00:00 AM,04/14/2026 12:00:00 AM,04/14/2026 12:00:00 AM,Closed,Roads - Streetlight Maintenance,BRAESIDE,,-114.10636590290346,50.95600269188388
26-00232065,04/14/2026 12:00:00 AM,04/14/2026 12:00:00 AM,04/14/2026 12:00:00 AM,Closed,Roads - Streetlight Maintenance,UNIVERSITY HEIGHTS,,-114.13308657031322,51.07040418074353
26-00232206,04/14/2026 12:00:00 AM,04/14/2026 12:00:00 AM,04/14/2026 12:00:00 AM,Closed,Roads - Streetlight Maintenance,EVERGREEN,,-114.11569352503207,50.91870443401208
26-00232653,04/14/2026 12:00:00 AM,04/14/2026 12:00:00 AM,04/14/2026 12:00:00 AM,Closed,Roads - Streetlight Maintenance,MILLRISE,,-114.08491413864553,50.91705536774364
26-00233421,04/14/2026 12:00:00 AM,04/14/2026 12:00:00 AM,04/14/2026 12:00:00 AM,Closed,Roads - Streetlight Damage,BELTLINE,,-114.0551860888619,51.03743796399198
26-00233514,04/14/2026 12:00:00 AM,04/14/2026 12:00:00 AM,04/14/2026 12:00:00 AM,Closed,Roads - Streetlight Maintenance,HAYSBORO,,-114.08334023954265,50.97221484296711
26-00234108,04/14/2026 12:00:00 AM,04/14/2026 12:00:00 AM,04/14/2026 12:00:00 AM,Closed,Roads - Streetlight Damage,HILLHURST,,-114.09364601408991,51.057277532355
26-00234427,04/14/2026 12:00:00 AM,04/14/2026 12:00:00 AM,04/14/2026 12:00:00 AM,Closed,Roads - Streetlight Maintenance,HIGHWOOD,,-114.0798911269166,51.092359423668654
26-00234551,04/14/2026 12:00:00 AM,06/10/2026 12:00:00 AM,06/10/2026 12:00:00 AM,Closed,Roads - Streetlight Maintenance,THORNCLIFFE,,-114.06878100895472,51.103105008837304
26-00234776,04/14/2026 12:00:00 AM,04/14/2026 12:00:00 AM,04/14/2026 12:00:00 AM,Closed,Roads - Streetlight Maintenance,RICHMOND,,-114.11842028929551,51.02971029545911
26-00211097,04/05/2026 12:00:00 AM,06/10/2026 12:00:00 AM,06/10/2026 12:00:00 AM,Closed,Roads - Streetlight Maintenance,CLIFF BUNGALOW,,-114.07490165596712,51.03393319537453
26-00239990,04/16/2026 12:00:00 AM,04/16/2026 12:00:00 AM,04/16/2026 12:00:00 AM,Closed,Roads - Streetlight Damage,CORAL SPRINGS,,-113.92694858499823,51.10334785100925
26-00460280,06/24/2026 12:00:00 AM,06/25/2026 12:00:00 AM,06/25/2026 12:00:00 AM,Closed,Roads - Streetlight Maintenance,RUNDLE,,-113.97005350368742,51.07423887665301
26-00246938,04/20/2026 12:00:00 AM,04/20/2026 12:00:00 AM,04/20/2026 12:00:00 AM,Closed,Roads - Streetlight Maintenance,SHERWOOD,,-114.15192222360093,51.15999021930858
26-00575810,07/31/2026 12:00:00 AM,07/31/2026 12:00:00 AM,07/31/2026 12:00:00 AM,Closed,Roads - Streetlight Maintenance,COVENTRY HILLS,,-114.05313423182986,51.164928068908395
26-00248115,04/20/2026 12:00:00 AM,04/20/2026 12:00:00 AM,04/20/2026 12:00:00 AM,Closed,Roads - Streetlight Maintenance,AUBURN BAY,,-113.95779514351894,50.89269507750196
26-00349978,05/25/2026 12:00:00 AM,05/25/2026 12:00:00 AM,05/25/2026 12:00:00 AM,Closed,Roads - Streetlight Maintenance,SPRINGBANK HILL,,-114.20981973671448,51.02656453162372
26-00560377,07/27/2026 12:00:00 AM,07/27/2026 12:00:00 AM,07/27/2026 12:00:00 AM,Closed,Roads - Streetlight Damage,EAST SHEPARD INDUSTRIAL,,-113.95096996432171,50.951309838058904
26-00350604,05/25/2026 12:00:00 AM,05/25/2026 12:00:00 AM,05/25/2026 12:00:00 AM,Closed,Roads - Streetlight Damage,MONTGOMERY,,-114.16224821352387,51.071076143699045
26-00354229,05/26/2026 12:00:00 AM,05/26/2026 12:00:00 AM,05/26/2026 12:00:00 AM,Closed,Roads - Streetlight Maintenance,VARSITY,,-114.162506759502,51.09605377080581
26-00470700,06/27/2026 12:00:00 AM,06/27/2026 12:00:00 AM,06/27/2026 12:00:00 AM,Closed,Roads - Streetlight Maintenance,HUNTINGTON HILLS,,-114.06670855606806,51.11758074861446
26-00358360,05/26/2026 12:00:00 AM,05/26/2026 12:00:00 AM,05/26/2026 12:00:00 AM,Closed,Roads - Streetlight Damage,KILLARNEY/GLENGARRY,,-114.13173134426395,51.030131956517685
26-00562858,07/27/2026 12:00:00 AM,07/27/2026 12:00:00 AM,07/27/2026 12:00:00 AM,Closed,Roads - Streetlight Damage,DOVER,,-113.99305400906277,51.02256772313628
26-00561317,07/27/2026 12:00:00 AM,07/27/2026 12:00:00 AM,07/27/2026 12:00:00 AM,Closed,Roads - Streetlight Maintenance,CANYON MEADOWS,,-114.0820063458848,50.94095720926748
26-00562106,07/27/2026 12:00:00 AM,07/27/2026 12:00:00 AM,07/27/2026 12:00:00 AM,Closed,Roads - Streetlight Maintenance,COVENTRY HILLS,,-114.05313423182986,51.164928068908395
26-00562600,07/27/2026 12:00:00 AM,07/27/2026 12:00:00 AM,07/27/2026 12:00:00 AM,Closed,Roads - Streetlight Maintenance,DEER RIDGE,,-114.02023404987304,50.92657386979402
26-00363394,05/28/2026 12:00:00 AM,05/28/2026 12:00:00 AM,05/28/2026 12:00:00 AM,Closed,Roads - Streetlight Maintenance,KILLARNEY/GLENGARRY,,-114.13173134426395,51.030131956517685
26-00470726,06/28/2026 12:00:00 AM,06/28/2026 12:00:00 AM,06/28/2026 12:00:00 AM,Closed,Roads - Streetlight Maintenance,KILLARNEY/GLENGARRY,,-114.13173134426395,51.030131956517685
