stop_name,latitude,longitude
EB 32 AV NE @ 19 ST NE,51.0813792,-114.0107416
WB Auburn Bay DR @ Auburn Glen DR SE,50.8987528,-113.9515234
WB 80 AV NE @ Saddlestone GV NE,51.1252647,-113.9254041
EB Evanston WY @ Symons Valley PY (South Leg)  NW,51.1732559,-114.1075251
EB Arbour Crest DR @ Arbour Butte RD NW,51.1397213,-114.2014826
SB 19 ST NE @ McKnight BV,51.091235,-114.0116911
SB 20 ST SW @ Somme AV,51.0208071,-114.109338
WB 104 AV NE @ Metis TR,51.1473162,-113.971325
WB Radcliffe DR @ Radcliffe CR (E.Leg) SE,51.0482747,-113.9843832
NB University DR @ 13 AV NW,51.0643191,-114.1193311
SB Skyview Ranch RD @ Skyview Ranch WY  NE,51.1638173,-113.9618588
WB 21 AV @ Spiller RD SE,51.0346508,-114.0421977
NB Crowfoot GA @ Crowfoot CR NW,51.1281507,-114.1975797
NB Lake Bonavista DR @ Lake Sundance CR SE,50.9393744,-114.0354103
SB Kincora Glen GR @ Kincora Glen RI NW,51.1634606,-114.1344729
EB Country Village RD @ Harvest Hills BV NE,51.1602633,-114.0687565
SB 36 ST SE @ 30 AV SE,51.0264126,-113.9817895
EB 88 AV @ 36 ST NE,51.1318674,-113.9806783
McKenzie Towne Terminal SE,50.9153327,-113.9569949
EB Bowness RD @ 79 ST NW,51.0888771,-114.2011982
NB Elbow DR @ 54 AV SW,51.0055548,-114.0812602
WB 6 AV SW @ 7 ST SW,51.0479625,-114.078251
Douglas Glen Terminal,50.9521942,-113.9971002
NB 20 ST SW@ 36 AV SW,51.0218906,-114.1091422
WB 44 AV NE @ Whitefield DR,51.0925347,-113.973084
SB McKenzie Lake BV @ McKenzie Lake GD SE,50.9118748,-113.9869321
EB Sirocco DR @ Signature WY SW,51.0355291,-114.1675959
EB Maryvale DR @ Marlborough WY NE,51.0561815,-113.9760421
EB Scenic Acres BV @ Nose Hill DR NW,51.1182339,-114.2063975
NB Symons Valley PY @ N. of Evanston WY NW,51.1760479,-114.1067621
EB Sage Hill BV @ Sage Hill PS NW,51.1705034,-114.1459042
EB Country Hills BV @ Skyview PY NE,51.1541255,-113.9510579
EB 3 Street SW Station (Free Fare Zone),51.0466132,-114.0689181
Rockyview Hospital Main Entrance (SB),50.9896013,-114.0961857
WB  Edgevalley DR @ Edgevalley CI NW,51.1295488,-114.1468203
SB Banff Trail CTrain Station,51.0711208,-114.1157533
SB Centre ST N @ Bergen RD N,51.1286235,-114.071602
SB Skyview Shores MR @ Skyview Ranch DR NE,51.1581795,-113.9613154
SB 40 ST SE @ 114 AV SE,50.9499034,-113.9784356
SB Ranchlands BV @ Ranchlands WY NW,51.1225316,-114.1954331
SB Madigan DR @ Maitland DR NE,51.0609257,-113.9406185
SB 11 ST SE @ 70 AV SE,50.9906901,-114.0399783
NB Cranston DR @ Cranston WY SE,50.887678,-113.9747445
NB Saddlebrook DR @ Saddlestone WY NE,51.1264336,-113.9296276
EB Richmond RD @ Glenway DR SW,51.0212052,-114.1445247
NB 8 ST NE @ 68 AV NE,51.1163838,-114.0445377
NB 28 ST NE @ 7 AV NE,51.0590175,-113.9932137
NB Cranford DR @ Cranford CL SE,50.8734651,-113.9669707
WB Martindale BV @ Martha's Haven MR NE,51.1216507,-113.9661202
NB Ogden RD @ 42 AV SE,51.0159752,-114.0156083
EB 12 AV SE @ 5 ST SE,51.0409885,-114.0505827
SB 4 ST NW @ 64 AV NW,51.110156,-114.0716257
WB Shawnessy BV @ W. of Shawnessy DR SW,50.9136883,-114.0783497
WB Southland DR @ Fairmount DR SE,50.9641953,-114.0593692
WB Norfolk DR @ Thornwood PL NW,51.1081211,-114.0786571
EB 27 AV NE @ 16 ST NE,51.0768525,-114.0180444
WB California BV @ Burroughs MR NE,51.078432,-113.9273254
EB 9 AV SE @ 6 ST SE,51.0439906,-114.0486797
EB Riverglen DR @ 21 ST SE,50.973595,-114.0087537
WB Glenmore TR @ Elbow DR SW,50.9947132,-114.0865505
EB 17 AV SW @ 24 ST SW,51.0377523,-114.1172993
NB 19 ST NE @ 3 AV NE,51.05497,-114.0096892
WB 5 AV NW @ 11 ST NW,51.0571624,-114.0893465
WB 24 AV NE @ 23 ST NE,51.074329,-114.0048425
NB Hidden Valley DR NW @ 600 Hidden Vale PL NW,51.1439388,-114.0976667
WB Bow TR @ 45 ST SW,51.0490904,-114.1534258
WB Cougar Ridge DR @ Cougarstone TC SW,51.0729424,-114.2160376
WB 17 AV SE @ 36 ST SE,51.0378596,-113.9823749
WB Edgevalley WY @ Edgevalley CL NW,51.1339469,-114.1398155
EB 32 AV NE @ S. Gate of Spring Gardens,51.0813732,-114.0408875
WB Tuscany Ravine RD @ Tuscany Ravine CO NW,51.1116225,-114.2371364
Douglas Glen Boulevard Station (SB),50.9568714,-114.007
EB Kensington RD @ 18 ST NW,51.0524535,-114.102543
WB Silverado BV @ Silverado Ponds WY SW,50.8867304,-114.0741945
EB 20 AV NW @ 19 ST NW,51.0704771,-114.1057284
WB Bowness RD @ 62 ST NW,51.0848244,-114.1778081
WB 6 AV SW @ 1 ST SW,51.0475852,-114.0651067
NB Wentworth DR @  Wentworth RD SW,51.056713,-114.2076206
NB 4 ST NW @ 26 AV NW,51.0764306,-114.0714023
WB 26 AV SE @ Fir DR SE,51.0305791,-113.9895211
SB Bonaventure DR @ Fairmount DR SE,50.951638,-114.0604329
WB 66 AV SE @ 19 ST SE,50.9942085,-114.0138986
NB Edgemont BV @ Edgehill DR NW,51.1217523,-114.153904
NB Country Hills RD @ Country Hills LD NW,51.1440968,-114.0724097
NB Shawinigan DR @ Shannon DR SW,50.9088237,-114.089211
NB 1A ST SW @ 58 AV SW,51.000957,-114.0675644
NB 36 ST SE @ 23 AV SE,51.0335565,-113.9815105
NB 16 AV NW @ Monterey AV,51.0699052,-114.1604855
WB Martindale BV @ Martha's Meadow DR NE,51.1220976,-113.9642757
WB Saddlemont BV @ Saddleland DR NE,51.129532,-113.9395573
NB Centre ST N @ 78 AV N nearside,51.1223439,-114.0712648
Foothills Medical Centre (WB),51.0686218,-114.1301648
EB Bow TR @ W. of Winslow CR SW,51.0504973,-114.1587479
WB Bonaventure DR @ Fairmount DR SE,50.9538752,-114.0611518
WB Deer Ridge DR @ Deer Ridge WY SE,50.9256806,-114.0229173
EB 46 AV SE @ Highfield CI SE,51.0115477,-114.0442034
EB Cityscape BV @ Metis TR NE,51.1470704,-113.969063
NB 52 ST SE @ 8 AV SE,51.0458183,-113.9576536
North Hill Station (EB),51.0667779,-114.1053825
WB Redstone AV @ Red Sky CR NE W. leg,51.1730335,-113.9583337
SB Harvest Hills DR @ N. of Harvest Hills WY NE,51.1502628,-114.0456746
NB Bermuda DR @ Bergen RD NW,51.1297277,-114.0747485
EB 43 AV NE @ Temple DR NE,51.0915856,-113.9387369
SB Pensacola WY @ 8 AV SE,51.0447827,-113.9510578
SB 68 ST @ Applewood DR (S. Leg) SE,51.0422814,-113.9353285
EB Royal Oak DR @ Rocky Ridge RD NW,51.13851,-114.2333389
SB Symons Valley PY@N.of Evanston DR(South Leg) NW,51.1749427,-114.1078272
SB 37 ST @ 54 AV SW,51.0042114,-114.1411851
WB Valley Ridge DR @ Valley Ponds WY NW,51.0908932,-114.254322
EB Douglas Woods DR @ Douglas Woods PL SE,50.9463388,-113.9982026
NB 52 ST NE @ Madeira WY,51.0606025,-113.9582382
EB Sunridge BV @ 27 ST NE,51.0768141,-113.994087
WB Lake Bonavista DR @ Lake Rosen CR SE,50.9473475,-114.0632953
NB Shawinigan DR @ Shawbrooke DR SW,50.9068139,-114.087615
NB Coach Hill RD @ Coachway RD SW,51.0608553,-114.187574
WB Cranford DR @ Cranford ST SE,50.8774218,-113.9708027
North Pointe Terminal C,51.1568309,-114.0686852
SB Shawville BV @ N. of Shalom WY SE,50.9079969,-114.0680503
WB Sherwood BV @ Sherwood PR NW,51.1575851,-114.147922
WB Sun Valley BV @ Suncrest WY SE,50.9067236,-114.0411341
SB 24 ST @ 90 AV SW,50.9715295,-114.1182115
SB Aviation BV @ 49 AV NE,51.0970083,-114.0335176
WB Richmond RD @ 37 ST SW,51.0223532,-114.1418157
EB Rundlehorn DR @ Pinepoint DR NE,51.071482,-113.9469992
SB Walden BV @ N. leg Walden DR SE midblk,50.8747998,-114.0278277
NB 45 ST SW @ 49 AV SW,51.0098002,-114.1527167
SB Deer Ridge DR @ Deerpoint RD SE,50.926121,-114.0243124
NB 12 ST NE @ 30 AV NE,51.0796311,-114.0264763
Shawnessy LRT Station,50.9108837,-114.0701737
SB 52 ST SE @ 52 AV SE,51.00644,-113.9587783
SB Barlow TR @ Country Hills BV NE,51.1533384,-114.001957
EB New Brighton DR @ New Brighton CM SE,50.9164285,-113.9449589
WB Sun Valley BV @ Sunmills DR SE,50.904475,-114.030872
EB 52 AV NW @ 33 ST NW,51.1009067,-114.1352992
WB 6 AV @ 1 ST SE,51.0475372,-114.0614823
SB Lakeview DR @ 54 AV SW,51.0038596,-114.136957
SB Macleod TR @ 56 AV SW,51.0036309,-114.0712449
EB Parkdale BV @ 32 ST NW,51.0563998,-114.1337954
NB 68 ST NE @ Falton CL,51.1036305,-113.9349117
WB Varsity DR @ 41 ST NW,51.0924836,-114.1494749
EB 24 AV NW @ Upper PL,51.0741743,-114.131997
SB 52 ST NE @ 26 AV NE,51.0757609,-113.9586158
EB Dalton DR @ Fortress Apts NW,51.1017587,-114.1550757
EB Merganser DR W @ McIvor TC,51.037786,-113.821522
Shawnessy LRT Station,50.9109168,-114.0697021
NB Sirocco DR @ Signature PA SW,51.0363851,-114.1683996
NB Hawkwood HL @ Hawkley Valley RD NW,51.126137,-114.1785625
SB Hawkwood DR @ Hawkside RD NW,51.1282075,-114.1842254
WB Marbank DR @ Mardale DR NE,51.0635576,-113.9663395
SB 50 ST SW @ Glamis DR,51.0150218,-114.1598486
WB 24 AV NW @ Upper PL,51.074484,-114.1329973
NB Quarry Park BV @ Quarry GA SE,50.9616956,-114.0174394
NB University DR @ 16 AV NW,51.0670953,-114.1217568
EB Auburn Bay BV @ Auburn Bay CL SE,50.8853458,-113.9559828
Saddletowne Terminal Stop C,51.1255383,-113.9480535
NB 14 ST SW@ 25 AV SW,51.0317922,-114.0945748
WB Dalton DR (West) @ S. of Dalhousie DR NW,51.1022288,-114.1556897
Sunnyside LRT Station (SB 9A ST NW @ 4 AV NW),51.0562818,-114.0846919
EB Varsity Estates DR @ Varsity Estates PL NW,51.1076552,-114.1760454
EB John Laurie BV @ 100 Crowfoot GA NW,51.1283658,-114.1964231
SB Seton WY @ Seton GV SE,50.8658094,-113.9520397
EB Panamount BV @ E. Leg Panamount RD NW,51.1565258,-114.0885433
NB 28 ST NE @ 10 AV NE,51.0623,-113.9931864
SB John Laurie BV @ Arbour Wood CL NW,51.132703,-114.2040086
NB Oakfield DR @ Cedarille DR SW,50.9601984,-114.1322599
WB 45 Street CTrain Station,51.0379485,-114.1533829
NB 24 ST SW @ Bridlecrest DR,50.9044556,-114.1168823
SB Douglas Woods DR @ Douglas Woods PL SE,50.946035,-114.0007282
WB Panatella BV @ Panamount BV NW,51.1630791,-114.0934463
SB Sage Hill BV @ N. of Sage Hill RD NW,51.1741294,-114.1454026
NB 36 ST SE @ Dover Ridge DR,51.021493,-113.9814674
NB Chaparral Valley DR @ Chaparral Valley GV SE,50.8841875,-114.0151617
WB Discovery Ridge BV @ Discovery Ridge HL SW,51.0153354,-114.2146856
NB 36 ST SE @ Radcliffe DR,51.0485332,-113.9814738
EB 50 AV SE @ 47 ST SE,51.0086815,-113.9647197
EB Sun Valley BV @ Sunpark DR SE,50.9064974,-114.0545868
EB 8 AV NE @ 33 ST NE,51.0594827,-113.9855072
EB Madigan DR @ Madeira DR NE,51.06322,-113.9457916
EB Taravista DR @ Taracove Estate DR NE,51.1212875,-113.940014
WB @ Hawkstone DR NW Terminal,51.1331297,-114.1660847
SB 17 ST SE @ 3 AV SE,51.0503646,-114.0135537
EB Douglas Woods DR @ Douglas Woods MR SE,50.9455639,-113.9950061
NB Lake Bonavista DR @ Lake Wasa GR SE,50.9461414,-114.0654074
NB Castleridge BV @ Westwinds DR NE,51.107594,-113.9675987
SB 20 ST SW @ 42 AV SW,51.0155659,-114.1094502
SB Quarry Park RD @ N. of Quarry Park RD SE,50.9616229,-114.0073967
SB Centre ST N @ 64 AV N,51.1098331,-114.0626313
SB Somercrest ST @ 162 AV SW,50.9034647,-114.0900149
SB Scurfield DR @ Scanlon PL NW,51.1234707,-114.2185447
EB Edgebrook RI @ Edgebrook DR NW,51.1343402,-114.1334723
EB 17th AV SE @ 61st ST SE,51.037752,-113.942179
WB 14 AV SE @ 52 ST SE,51.0410292,-113.9592374
EB Campus DR NW @ Earth Sciences,51.0806807,-114.1291626
SB Oakfield DR @ Oakridge GA SW,50.963288,-114.1324399
NB Macleod TR @ 45 AV SW,51.0132981,-114.0654167
WB 40 AV NW @ W. of Shaganappi TR,51.0883646,-114.1565123
WB Sierra Morena BV @ Sierra Nevada CL SW,51.0134013,-114.1816925
WB Bowness RD @ Home RD NW,51.0753941,-114.1646469
WB Whitehorn DR @ Whitehorn RD NE,51.0848003,-113.9679338
EB 17 AV SW @ 4 ST SW,51.0377369,-114.0707769
Mt Royal University W Gate WB,51.014091,-114.133613
NB Macleod TR @ Southland DR SE,50.9656743,-114.0713267
SB Skyview Ranch WY @ Skyview Shores MR NE,51.1580621,-113.9659706
Riverbend Station (SB),50.9767732,-114.0160367
NB Queensland DR @ Queen Alexandra CL SE,50.9364093,-114.028467
WB Memorial DR @ 59 ST NE,51.0534576,-113.9494743
EB Castleridge DR @ 54 ST NE,51.108052,-113.9554662
NB Southland CTrain Station,50.9644584,-114.076645
EB 46 AV SW @ Glamorgan CR,51.0123737,-114.1560038
WB Silver Springs RD @ Nose Hill DR NW,51.1097377,-114.2099394
WB 12 AV SE @ 5 ST SE,51.0411839,-114.0515547
NB 25 ST SE @ 48 AV SE,51.0109493,-113.9992059
EB Prestwick GA @ Prestwick CI SE,50.925362,-113.9603294
Quarry Park Station (SB),50.9628668,-114.0120628
SB Greenbriar WY @ Grenbriar PL NW,51.0875837,-114.2180358
SB 21 ST NE @ 25 AV NE,51.07462,-114.0091785
EB Kincora DR @ Kincora PT NW,51.1604608,-114.1371479
SB 36 ST SE @ 17 AV SE,51.0371991,-113.9818443
SB Panatella BV @ Panora HT NW,51.1673735,-114.09777
WB 44 AV NE @ 40 ST NE,51.092203,-113.9759053
SB 74 ST SE @ 106 AV SE,50.9618622,-113.9280899
SB 19 ST E @ CENTRE AV E,51.0520595,-114.0084354
NB Old Banff Coach RD @ Patterson HL SW,51.0631881,-114.1850916
SB Hawksbrow DR @ Hawkwood HL NW,51.1275358,-114.1757756
NB Fairmount DR @ @ 99 AV SE,50.9617561,-114.0585975
NB Panatella BV @ Hidden Creek BV NW,51.1659198,-114.0989214
SB Panatella DR @ Panatella GA NW,51.1671686,-114.0737134
SB Silver Springs BV @ Silver Springs RD NW,51.1099303,-114.19994
NB Bowness RD @ Bowwater CR NW,51.0811419,-114.1731915
SB Scenic Acres DR @ Scenic Acres GA NW,51.1143661,-114.211661
WB Heritage DR @ 5 ST SW,50.9796624,-114.0796222
EB 69 Street CTrain Station,51.0375136,-114.1884891
SB Aspen Summit DR @ Aspen Summit BV SW,51.0429467,-114.2051773
NB Woodbine BV @ Woodmark CR SW,50.9460883,-114.1257961
EB 90 AV SW @ Oakside GA,50.9722143,-114.1212478
SB Skyview CI NE @ Skyview Parade NE,51.1556006,-113.9525754
WB Madigan DR @ Madeira DR NE,51.0624188,-113.9543806
NB 4 ST NW @ 12 AV NW,51.0638028,-114.0714433
SB 44 ST SE @ 4 AV SE,51.0490031,-113.9701311
EB McIvor BV @ Copperstone ST SE,50.9159272,-113.9342498
WB 76 AV SE @ 68 ST SE,50.9852108,-113.9357438
Westbrook LRT Station,51.0407719,-114.1365312
WB Hamptons BV @ Hamptons DR NW,51.1442996,-114.1523307
WB 130 AV @ 50 ST SE,50.9321108,-113.9629766
WB 6 AV SW@ 2 ST SW,51.0476665,-114.0685947
WB Cougar Ridge DR @ Cougar Ridge CI SW,51.0704373,-114.2015405
EB Sierra Morena BV @ Sierra Vista CL SW,51.020176,-114.1798982
EB Southland DR @ Maplecreek DR SE,50.964613,-114.04166
NB 36 ST NE @ S. of 5 AV NE,51.0560586,-113.9813738
SB Sarcee RD @ 40 AV SW,51.0176439,-114.1350038
WB Southland DR @ 24 ST SW,50.9614409,-114.1198916
WB Parkland BV@ Parkland GR SE,50.9285033,-114.0362728
WB 48 ST NW @ 22 AV NW,51.0771151,-114.1599582
EB Canterbury DR @ Canyon Meadows DR SW,50.9368688,-114.0800508
WB Chapala WY @ Chapman LI SE,50.8810521,-114.0277126
EB Hidden Valley DR @ Hidden Vale CL NW,51.1449622,-114.1037856
EB Varsity Estates DR @ Varsity Estates PL NW,51.1045512,-114.1704341
EB Royal Oak DR @ Royal TC NW,51.1381686,-114.224252
WB Dalhousie DR @ Dalmeny GA NW,51.1161071,-114.1618109
SB 14 ST NW @ Cromwell AV,51.085778,-114.0948901
SB Evanspark BV @ Evanston DR NW,51.1733073,-114.1181258
9th Avenue SE Station (EB),51.0366167,-114.021232
WB 9 AV SE @ The Confluence,51.0440573,-114.045308
YYC Airport International Terminal,51.1308615,-114.0065389
SB Centre ST N @ 12 AV N,51.0629709,-114.0626742
EB 17 AV SW @ Glenmount DR,51.037705,-114.1501865
NB 14 ST NW @ 14 AV NW,51.0641041,-114.0939498
SB 9 ST SE @ N. of 42 AV SE,51.0180284,-114.0407892
SB 28 ST SE @ 28 AV SE,51.0284936,-113.9923665
SB Walden DR SE @ acr. Walden TC SE,50.8740863,-114.0365851
EB Harvest Hills DR @ Harvest Rose GD NE,51.1438144,-114.0606949
SB Oakwood DR @ 93 AV SW,50.9702455,-114.1388491
NB Centre ST N @ 12 AV N,51.063702,-114.0624138
EB 6 AV NW @ 18 ST NW,51.057566,-114.1017056
NB 69 ST SW @ Elmont DR,51.0288787,-114.1873317
SB Edgedale DR @ Edgehill DR NW,51.1218423,-114.1579718
WB Willingdon BV @ Wilderness DR SE,50.9529411,-114.057887
NB Bow TR SW @ Westbrook Mall Overpass,51.0435446,-114.138128
NB Sirocco DR @ Sirocco PL SW,51.0343726,-114.1666393
NB Harvest Hills DR @ Harvest Park RD NE,51.1497677,-114.0600375
WB Martindale BV @ Martinbrook RD NE,51.1143141,-113.9596702
WB 9 AV SE @ 14 ST SE,51.0394073,-114.0293679
WB 144 AV NE @ Livingston HL NE,51.1835489,-114.0540173
NB Arbour Lake DR @ Arbour Vista HL NW,51.1371346,-114.1990084
EB Midvalley DR @ Midridge DR SE,50.915245,-114.0472896
NB 12 ST NE @ N. of 45 AV NE,51.0944669,-114.0333233
EB Spruce DR @ Wedgewood DR SW,51.0522317,-114.1498223
EB Sandarac DR @ Sandalwood GA NW,51.139658,-114.1040034
EB 58 AV SE @ 1 ST SE,51.0013071,-114.0618116
WB 80 AV NE @ Saddlefield DR,51.1252912,-113.9377509
NB Whitehorn CTrain Station,51.0870073,-113.9816002
NB Barlow TR @ Airport RD NE,51.1353598,-114.0002917
NB Elbow DR @  Canterbury DR SW,50.9481439,-114.0842905
SB Harvest Hills BV @ 96 AV NE,51.1420428,-114.0700588
SB 19 ST NE @ 100 AV NE,51.1428232,-114.0135077
EB Northmount DR @ Brisebois DR NW,51.0928144,-114.1284579
EB Bowness RD @ Home RD NW,51.0752912,-114.164853
WB 64 AV NW @ Travois CR NW,51.1107224,-114.0693908
WB Canyon Meadows DR @ Lake Placid RI SE,50.9306875,-114.0525455
WB Temple DR@ 55 ST NE,51.0859523,-113.9548191
EB Promenade WY @ Promenade PA SE,50.9134633,-113.9631684
WB Bow TR @ 24 ST SW,51.0418031,-114.1177897
WB Tuscany BV @ Tuscany Valley VW NW,51.1249973,-114.2434945
NB Chaparral DR @ 194 AV SE,50.8775518,-114.0367846
SB Edgemont DR @ Edgemont RD NW,51.1165893,-114.1487338
NB 36 ST SE @ 8 AV SE,51.0455362,-113.9814448
SB 11 ST NE@ McDougall RD,51.0505086,-114.0368628
"SB Wolf Willow BV SE @ Wolf Creek AV SE, farside",50.8746596,-114.0039623
North Pointe Terminal  I,51.1579021,-114.0693654
EB 26 AV SW @ 26A ST SW,51.0299978,-114.1245563
SB Panatella BV @ Hidden Creek BV NW,51.1652269,-114.0990908
EB Heritage DR @ Haysboro CR SW,50.9794781,-114.091332
37 ST @ Richmond RD SB nearside,51.0238053,-114.1423082
EB Arbour Lake WY @ Arbour Lake DR NW,51.1353545,-114.2005459
EB Dalhousie DR @ 54 ST NW,51.1087395,-114.1643629
SB Invermere Drive @ Springmere Drive,51.0451418,-113.8344144
NB Cranston DR @ Cranleigh GA SE,50.8887794,-113.9877567
WB 26 AV SW @ Springborough BV,51.0306009,-114.1940855
SB Shaganappi TR @ Sherwood GA NW,51.1626714,-114.1433481
WB Shawnee DR @ Shawnee CR SW,50.9265522,-114.084503
NB 52 ST NE @ 80 AV NE,51.1257551,-113.9581937
WB 12 AV SE@ 6 ST SE,51.0410872,-114.048793
NB 19 ST SE @ 2 AV SE,51.0510838,-114.00827
North Hill Station (WB),51.0670895,-114.1008991
EB Chaparral Valley SQ @ Chaparral Valley LI SE,50.8868396,-114.0151712
NB 68 ST NE @ Abbeydale DR NE,51.0600403,-113.9349816
SB Marlborough CTrain Station,51.059003,-113.9818387
WB  Evanston VW @ Evanston RI NW,51.1645347,-114.1184527
NB 77 ST NW @ S. of 43 AV NW,51.090791,-114.1992401
SB Dalton DR (East) @ Dalhousie DR NW,51.1029544,-114.1476733
WB 8 AV NE @ Middleton DR,51.059946,-114.0090544
EB 33 AV SW@ 20 ST SW,51.0239402,-114.1087294
EB 34 AV SE @ 8 ST SE,51.0230408,-114.0426519
NB 46 ST @ 88 AV NE,51.1331639,-113.9656882
WB Taradale DR @ Tararidge DR NE,51.1139314,-113.9412177
NB 44 ST SE @ 4 AV SE,51.0498151,-113.9698783
NB 52 ST NE @ N. of ped crossing,51.0888562,-113.9582132
NB Braeside DR @ Braniff RD SW,50.9547201,-114.1027481
WB Country Hills BV @ Cornerstone ST NE,51.1545083,-113.9435035
NB Centre ST N @ 36 AV N,51.0853425,-114.0623703
NB Shawnessy DR @ Shawmeadows GA SW,50.9113637,-114.0735298
EB 8 AV NE @ 16A ST NE,51.0591888,-114.0205333
WB Silver Ridge DR @ Silver Springs BV NW,51.1036508,-114.1901476
NB Ogden RD @ 69th AVE SE,50.9908609,-114.0015601
NB Tusslewood DR @ Tusslewood HT NW,51.1364644,-114.2511691
SB Nose Hill DR@ Silver Springs RD NW,51.1096691,-114.2115867
EB 63 AV SW @ Lacombe WY,50.9971148,-114.119535
WB Douglasdale BV @ Douglasview BV SE,50.9408769,-113.9915969
NB 8 ST SW @ Durham AV,51.0342186,-114.0825826
EB 12 AV SE@ 1 ST SE,51.0412295,-114.0604977
NB 36 ST NE @ 88 AV NE,51.1326112,-113.981406
WB Sandarac DR @ Sandstone DR NW,51.1386661,-114.1013632
SB Auburn Bay ST @ Auburn Bay BV SE,50.88628,-113.9508025
33rd Street SE Station (EB),51.0377888,-113.9857993
NB 2 AV NW@ 9 ST NW,51.0550928,-114.0828256
Foothills Hospital (Women's Health Centre),51.0652578,-114.1326199
EB Woodpark BV @ 22 ST SW,50.9356996,-114.1141521
WB 5 AV NW @ 12 ST NW,51.057154,-114.0922586
SB 68 ST NE @ 4 AV NE,51.055543,-113.9354358
EB Pinetown PL @ 56 ST NE,51.07684,-113.9523907
SB Bowness RD @ 44 ST NW,51.0699215,-114.1570867
NB 14 ST NW @ Berkshire BV,51.1324116,-114.1063155
NB Kincora Glen GR @ Kincora RI NW,51.1615482,-114.1323743
EB Strathcona DR @ Strathridge GD SW,51.0498502,-114.1914947
WB Whitehorn DR @ Whitehorn CR NE,51.0848475,-113.9704443
EB Taradale DR @ Tarington CL NE,51.1140224,-113.9337092
EB 4 AV NE @ 55 ST NE,51.0571032,-113.9502622
NB Crowchild TR @ Glenmore TR SW,50.9992465,-114.1177066
SB Elbow DR @ 96 AV SW,50.9684158,-114.0849009
WB Cranston AV @ Cranberry RD SE,50.8795552,-113.9770668
EB University AV @ Shaganappi TR NW,51.0766736,-114.1512083
SB 51 ST SW @ Glengrove CL,51.0235701,-114.1610944
WB 4 AV SW @ 8 ST SW,51.0499611,-114.081921
NB Oakwood DR @ 93 AV SW,50.9709145,-114.1386228
Castleridge Boulevard Station (NB),51.1004365,-113.9580098
WB Country Village RD @ W.of Coventry Hills WY NE,51.1616585,-114.0600936
WB Lakeview DR @ N. of La Salle CR (N. Leg) SW,51.0068327,-114.13796
WB 8 AV SE @ 47 ST SE,51.0452493,-113.9662096
EB James McKevitt RD @ Millrise WY SW,50.9212328,-114.0804839
SB Cresthaven RI @ Crestmont BV SW,51.0853847,-114.2668157
WB 54 AV SW@ 21 ST SW,51.0050727,-114.1125123
SB 4 ST NW @ 32 AV NW,51.0816446,-114.071644
SB Tusslewood DR @ S.OF Tuscany Springs BV NW,51.1378306,-114.2537686
NB Country Hills BV @ Country Hills DR NW,51.1517047,-114.0683953
EB W. Lakeview DR @ W. of Rainbow RD,51.0320866,-113.8449712
NB 19 ST NE @ 35 AV NE,51.0843402,-114.0115074
WB Cranston DR SE @ W. of Cranwell SQ SE,50.8834775,-113.9862219
WB Willingdon BV @ Wilcox ST SE,50.9505089,-114.0488417
EB 16 AV NW @ 8 ST NW,51.0667731,-114.0808632
SB 45 ST SW @ 46 AV SW,51.0121605,-114.1529399
EB Palliser DR @ Oakfield DR SW,50.9703867,-114.1306776
SB Woodpark BV @ 117 AV SW,50.9468201,-114.1091772
WB 54 AV SW @ Lissington DR,51.0050698,-114.1153067
WB 16 AV SE @ Robson CR,51.0394401,-113.9913005
WB Berkshire BV @ E. of Sandarac DR NW,51.1322111,-114.0964211
EB 31 AV NW @ Bowview RD,51.0805824,-114.1775809
WB Sun Valley BV @ Midpark BV SW,50.9066428,-114.0560714
NB Centre ST S @ 4 AV S,51.0497289,-114.0626136
NB 37 ST NW @ 40 AV NW,51.088015,-114.1410807
Edgebrook RI NW Terminal,51.1324675,-114.1257114
EB Southland DR @ Southport RD SW,50.9649141,-114.0737989
NB 14 ST NW @ Roselawn CR,51.0751569,-114.0945991
Canyon Meadows LRT Station EB,50.936785,-114.0674916
SB 36 ST NE @ 26 AV NE,51.0770306,-113.9820058
NB Panatella BV @ Panatella BV NW,51.1636202,-114.0830322
SB 1 ST SE @ 17 AV SE,51.0374986,-114.0612904
WB 28 AV NE @  Rundlehorn DR,51.0779771,-113.9415207
NB 112 AV @ Sarcee TR NW,51.1584043,-114.1637729
WB 80 AV NE @ Saddlemont WY,51.12529,-113.9414818
SB 4 ST NW @ Blackthorn RD NW,51.1069094,-114.0715753
NB Douglasdale BV @ 130 AV SE,50.9327725,-113.9834898
WB Hidden Valley DR @ 14 ST NW,51.1467553,-114.1065619
EB Coventry Hills WY @ Covepark DR NE,51.1694495,-114.0531896
SB 45 ST SW @ 30 AV SW,51.0263494,-114.152595
SB 1 ST SE@ 12 AV SE,51.0410448,-114.0610231
WB Citadel WY @ Citadel Mesa CL NW,51.1474253,-114.1911778
EB Hamptons BV @ Hamptons TC NW,51.1435413,-114.1466863
EB 6 AV SE @ 5 ST SE,51.0469285,-114.0503236
SB Shawville LI @ Shawville WY SE,50.8993168,-114.0665505
NB Panorama Hills DR @ Panamount GD NW,51.156045,-114.0847689
SB Martindale GA @  Martindale BV NE,51.1120274,-113.9654792
NB Crowfoot CTrain Station,51.1226979,-114.2068856
SB Renfrew DR @ 15 AV NE,51.0649835,-114.0341107
NB 11 ST SE @ 60 AV SE,50.9984202,-114.0372766
NB Hawksbrow DR @ Hawkridge CO NW,51.1274896,-114.1753496
EB Radcliffe DR @ 28 ST SE,51.0467555,-113.9891281
EB Shawnessy BV @ E. of Shawnessy DR SW,50.9139296,-114.0815218
EB Tuscany BV @ Tuscany Springs BV NW,51.1253472,-114.2381981
SB Royal Oak DR @ Royal Crest WY NW,51.1414037,-114.2164512
SB Rocky Ridge DR @ Rocky Ridge BV NW,51.1428342,-114.2378131
NB 31 ST NW @ 34 AV NW,51.0849015,-114.129291
NB Cranston AV @ Cranarch CR SE,50.8667465,-113.9706039
WB Auburn Meadows DR @ Auburn Meadows VW SE,50.8940929,-113.9474174
EB Deer Run DR @ Deer Side RD SE,50.9174772,-114.0049993
SB  Crowfoot CR @  Crowfoot TC NW,51.12797,-114.2046805
WB Somerset DR @ Somercrest GD SW,50.901186,-114.0870134
EB Varsity DR @ 49 ST NW,51.0936715,-114.1594718
WB 41 AV NE @ 1 ST NE,51.0900599,-114.0589575
SB Elbow DR @ 75 AV SW,50.9864437,-114.0832907
EB 26 AV SW@ 37 ST SW,51.0299847,-114.1405043
NB Fairmount DR @ 86 AV SE,50.9762519,-114.059861
EB 17 AV SW @ 26 ST SW,51.0377512,-114.1230916
EB Belmont BV @ Belmont DR,50.8703281,-114.0648607
NB 4 ST NE @ Beaver Dam RD,51.1023818,-114.0535605
78th Avenue N Station (SB),51.1223976,-114.0716144
WB 6 AV SW @ 3 ST SW,51.0477152,-114.0698189
EB 25 AV SW @ 4 ST SW,51.0305119,-114.0711928
NB Shawville BV @ Shawville RD SE,50.9023941,-114.0648747
EB 78 AV NE @ Huntington RD,51.1213033,-114.0598452
NB Taradale DR @ 80 AV NE,51.1245697,-113.9297941
EB 5 AV NW @ 11 ST NW,51.0570456,-114.0882691
WB Dalhousie DR @ Dalham CR NW,51.1068226,-114.1591367
EB Edgevalley WY @ E. of Edgevalley DR NW,51.1318897,-114.1447031
NB Harvest Hills DR @ Harvest Grove CM NE,51.1483071,-114.045595
NB 4 ST SW @ 30 AV SW,51.0267309,-114.0712858
NB Edmonton TR @ 1 AV NE,51.0535619,-114.0501687
Lions Park LRT Station (WB 14 AV NW),51.0652785,-114.103569
EB 26 AV NE @ 32 ST NE,51.0777978,-113.9879259
WB Cougar Ridge DR @ Cougarstone CR SW,51.0716791,-114.2124729
SB Spruce DR @ Bow TR SW,51.0422082,-114.1355337
WB Bowness RD @  66 ST NW,51.0886486,-114.1864444
SB 4 ST NW @ 21 AV NW,51.0710849,-114.0716543
NB Falconridge BV @ 64 AV NE,51.1113281,-113.9465769
WB Country Hills DR @ Country Hills RD NW,51.1455676,-114.0736378
EB Millican RD @ Lynnview RD SE,50.9988046,-114.0113169
WB 58 AV SE @ 4 ST SE,51.0014776,-114.0546588
WB 50 AV SE @ 47 ST SE,51.008869,-113.9660478
SB Sierra Morena BV @ Sierra Morena CO SW,51.0162748,-114.1859673
NB 52 ST & 4 AV NE,51.0556598,-113.9565842
NB 18 ST NE @ 120 AV NE,51.1622351,-114.0164361
SB 39 Avenue CTrain Station,51.0178479,-114.0614215
EB Pensacola WY @ Pensacola CL SE,51.0409038,-113.9537382
SB Riverbend DR @ Riverside WY SE,50.9804309,-114.0249287
EB Country Hills BV @ Edgeridge PA NW,51.1396104,-114.1345468
NB Fairmount DR @  Willow Ridge PL SE,50.9567621,-114.0592406
SB Chaparral DR @ Chapalina WY SE,50.8866942,-114.0462096
SB Rocky Ridge RD @ Rocky Vista DR NW,51.1381843,-114.2344021
NB Dalhousie CTrain Station,51.1035338,-114.1609742
NB 44 ST SE @ 19 AV SE,51.0366472,-113.969912
WB 20 AV NW @ 18 ST NW,51.0706063,-114.1051349
WB 9 AV SW @ 85 ST SW,51.0597996,-114.210238
Dalhousie LRT Station WB,51.1040736,-114.1589053
SB Hunterview DR @ Hunterburn HL NW,51.1174787,-114.0830971
SB Springbluff BV @ Spring Valley WY SW,51.0235984,-114.1995146
NB Sherwood BV NW @ Sherwood WY NW,51.1603725,-114.1474067
EB 162 AV SW @ James McKevitt RD,50.9049573,-114.0980092
NB 11 ST SE @ 64 AV SE,50.9962503,-114.0382559
WB 106 AV SE @ N Dufferin Industrial,50.9669403,-113.9453034
WB 66 AV SW @ Lionel CR,50.9946605,-114.1203142
SB Centre ST S @ Glenmore TR S,50.994543,-114.0639638
EB 90 AV SE @ 44 ST SE,50.9721836,-113.9690391
SB 45 ST SW @ 8 AV SW,51.0446943,-114.1527823
SB Strathcona DR @ Strathlorne CR SW,51.0439478,-114.1686944
WB Downtown-West Kerby Station (Free Fare Zone),51.0472372,-114.0877117
EB 58 AV @ W. of Chinook Centre,51.0013012,-114.0780632
WB Auburn BAY BV @ Auburn Shores WY SE,50.8853912,-113.9570321
SB Edgepark BV @ Edgeland RI NW,51.1321146,-114.1583558
WB Sage Hill Dr @ Symons Valley Rd NW,51.1697923,-114.1339372
SB Elbow DR @ Bel-Aire DR SW,50.9994712,-114.0832958
WB Northmount DR @ Brantford CR NW,51.090061,-114.1207445
EB Country Hills BV @ 14 ST NE,51.1541191,-114.0262139
SB 69 ST SW @ 26 AV SW,51.0300353,-114.1877722
WB 76 AV SE @ 20A ST SE,50.985126,-114.0108337
WB Savanna DR NE @ Savanna MR NE,51.1366887,-113.9529896
NB 4 ST NW @ 53 AV NW,51.1007071,-114.0713818
WB Sunridge BV @ 26 ST NE,51.0769848,-113.9989736
Edmonton Trail Station (WB),51.0670721,-114.0568997
NB Nose Hill DR @ Silver Springs BV NW,51.1166174,-114.2061236
EB Zoo CTrain Station,51.0472697,-114.0255112
WB 50 AV SE @ 30 St SE.,51.0089653,-113.9893976
EB Hawkwood RD @ Hawkwood WY NW,51.1294706,-114.1903667
EB 12 AV SW @ 16 ST SW,51.0423663,-114.0986898
NB 52 ST SE @ S. of Memorial DR,51.0514441,-113.9550441
SB 52 ST SE @ Prestwick GA,50.9266949,-113.9584249
SB Edgemont BV @ Edgehill DR NW,51.1212954,-114.1547182
NB Centre ST N @ Laycock DR,51.0948842,-114.0622937
NB 50 ST SW @ S. of 40 AV SW,51.0147375,-114.1596236
EB Council WY @ 14 St SW,51.0239607,-114.0940464
EB Bedford DR @ Beddington DR NE,51.1278217,-114.0629474
EB Signal Hill DR @ Sienna Park DR SW,51.0266797,-114.1791752
EB Walden DR @ Walden HT SE,50.868072,-114.0324763
WB 48 ST NW @ 19 AV NW,51.0753947,-114.1631905
SB Hawkwood DR @ Hawkdale GA NW,51.130066,-114.1837121
SB 52 ST SE @ 8 AV SE,51.0446743,-113.9586275
SB Victoria Park / Stampede CTrain Station,51.0384082,-114.0584793
EB 24 AV NW @ West Campus PL,51.0740761,-114.1432968
EB Symons Valley PY @ N. Leg of Evanston WY NW,51.1809805,-114.0993936
NB Lakeview DR @ Ladbrooke DR SW,51.0022431,-114.135229
EB McKenzie Towne DR @ Elgin RI SE,50.9067192,-113.9629105
EB Southland DR @  E. of Oakmoor WY SW,50.9612022,-114.1205715
SB University BV @ Pathway NW,51.0689031,-114.1451316
EB 76 AV SE @ 24 ST SE,50.9849741,-114.0010533
WB Tuscany Springs BV @ Tuscany Springs PL NW,51.1347334,-114.2416435
WB Northmount Dr @ Charleswood DR NW,51.0895057,-114.1179225
SB Temple DR @ Templevale GA NE,51.0905058,-113.9394081
EB Varsity Estates DR @ Varsity Estates RD NW,51.1031614,-114.1654188
Southland LRT Station EB,50.9645454,-114.0779643
WB Lake Bonavista DR @ Bonaventure DR SE,50.9417504,-114.0632068
SB Nolan Hill Bv @ Nolancliff Ct NW,51.1735432,-114.1712368
SB 23 ST NE @ 39 AV NE,51.0878754,-114.0051951
EB Auburn Bay DR @ 56 ST SE,50.8991744,-113.9475557
WB 17 AV SE @ 41 ST SE,51.0379889,-113.9741273
EB California BV @ Catalina BV NE,51.0781067,-113.9306883
WB Quarry Park BV @ Quarry DR SE,50.9595796,-114.0101502
WB Berkley DR @ Beacham WY NW,51.1275995,-114.0925509
EB Richmond RD @ Stewart GR SW,51.0172176,-114.1702669
WB Tuscany DR @ Tuscany HL NW,51.118298,-114.2472248
NB Auburn Bay BV @ Auburn Bay CM SE,50.8915977,-113.9685967
SB 52 ST SE @ Erin Woods DR (N. Leg) SE,51.0234809,-113.9585895
WB Panatela GA @ Harvest Hills BV NE,51.16704,-114.069082
SB 17 ST SE @ 24 AV SE,51.031602,-114.0192257
SB Nose Hill DR @ S. of Hawkwood RD NW,51.129855,-114.1923647
EB 26 AV SW @ 20 ST SW,51.0303578,-114.1089003
NB Savanna ST NE @ 88 AV NE,51.1331238,-113.9522594
WB Kincora DR @ Kincora Glen GR NW,51.1613147,-114.1330869
NB 12 ST NE @ 40 AV NE,51.0893255,-114.0320528
WB 17 AV SW @ Aspen Summit DR,51.0381782,-114.2043702
EB Cityscape DR @ Cityscape GA NE,51.1522815,-113.9572351
WB Scurfield DR @ Scanlon PL NW,51.1241161,-114.2192063
SB Macleod TR @ 25 AV SW,51.0301514,-114.0599296
WB Saddlemont BV @ Saddlelake GR NE,51.1297839,-113.9313623
EB 130 AV SE @ 48 ST SE,50.9317617,-113.9639402
SB Penbrooke DR @ 2 AV SE,51.050329,-113.9419738
NB Fairmount DR @ Armstrong CR SE,50.9709793,-114.059083
SB Martindale CTrain Station,51.1177848,-113.9674427
NB 4 ST NW @ Northmount PL,51.1033327,-114.0713443
WB Ranchlands BV @ Ranchero RI NW,51.1182783,-114.1887453
50 AV SE / PATHWAY,51.0086457,-113.9886926
SB 4 ST NE @ 72 AV NE,51.1176769,-114.0526441
WB Taradale DR @ Tarington RD NE,51.1141675,-113.9320419
WB Legacy CI @ Legacy CM SE,50.8609515,-114.0124682
NB Citadel DR @ Citadel Crest GR NW,51.1481392,-114.1804806
EB 16 AV NW @ 6 ST NW,51.0667869,-114.0760229
SB Edmonton TR @ 23 AV NE,51.073034,-114.0565112
WB 28 AV SE @ Inglewood Terminal,51.0289726,-114.0183376
EB Lake Bonavista DR @ Bonaventure DR SE,50.9460018,-114.0595073
WB Fish Creek BV @ James McKevitt  RD SW,50.9177732,-114.1010065
NB Edgemont BV @ Edgepark BV NW,51.1255069,-114.1503713
NB Martha's WY @ Martha's Meadow GA NE,51.1238401,-113.9599577
WB Woodpark BV @ Woodacres DR SW,50.9361922,-114.1222998
SB Centre ST N @ 19 AV N,51.069447,-114.0626637
NB Spiller RD@ 6 ST SE,51.0310454,-114.0479478
WB 6 AV SW @ E. of 1 ST SW,51.0476338,-114.06443
SB Macleod TR @ 90 AV SE,50.9720082,-114.071817
EB Fish Creek BV @ Everwillow PA SW,50.91752,-114.1021436
EB Cedarille DR @ Cedardale CR SW,50.9524802,-114.1311404
EB 58 AV @ 37 ST SW,51.0008675,-114.140611
NB Hawkwood DR @ Hawkwood BV NW,51.1308615,-114.1835064
SB Ogden RD @ 78 AV SE,50.9829493,-113.9989181
SB Queensland DR @ Queen Alexandra WY SE,50.9376401,-114.0273492
WB MacEwan DR @ 14 ST NW,51.1348905,-114.1083478
SB Scurfield DR @ Sceptre CL NW,51.1180851,-114.2231699
NB 37 ST SW @ 17 AV SW,51.038192,-114.1410402
EB Lake Sylvan DR @ Lake Huron CR SE,50.9458985,-114.0302109
EB 54 AV SW @ 21 ST SW,51.0049443,-114.1113227
EB Sunridge BV @ 29 ST NE,51.0757688,-113.9908707
EB Lake Bonavista DR @ Lake Rosen CR SE,50.9467312,-114.0623944
EB Masters RD @ Magnolia LI SE,50.8921889,-113.9175355
NB 6 ST SE @ 8 AV SE,51.0455174,-114.0482686
EB Panatella BV @ Panamount HL NW,51.1631522,-114.0794925
SB Sarcee RD @ 32 AV SW,51.0248008,-114.1297558
WB 146 AV SE @ Deer Lane RD,50.9211024,-114.0130773
SB McKnight - Westwinds CTrain Station,51.1096164,-113.9753838
WB Sierra Morena BV @ Sierra Morina RD SW,51.0204953,-114.1849272
WB 90 AV SW @ 14 ST SW,50.9723512,-114.0966328
EB 5 AV SE @ Macleod TR,51.0480893,-114.0567954
EB 5 AV SW @ 6 ST SW,51.0486751,-114.0765365
NB 4 ST NW @ 44 AV NW,51.0928294,-114.0714513
EB Martin Crossing DR @ Martin Crossing CR NE,51.1178545,-113.9560791
WB Cranston AV @ Cranberry Rd SE,50.8795579,-113.9771007
NB Signal Hill DR @ Signal Hill WY SW,51.027423,-114.1701157
Anderson LRT Station,50.9545757,-114.0742465
NB 85 ST SW @ Aspen Glen LD,51.0414287,-114.2109086
EB Symons Valley PY @ Kincora GA NW,51.1678792,-114.1457015
WB Cityscape Dr @ Skyview PY NE,51.152195,-113.9532948
SB Nolan Hill Bvd @ Nolancrest Gr NW,51.1785292,-114.1706195
EB 37 AV NE @ 23 ST NE,51.0865604,-114.0044232
EB Rundlehorn DR @ 52 ST NE,51.0715321,-113.9575369
NB Centre ST N @ 28 AV N,51.0781545,-114.0624318
NB 52 ST @ Mahogany RD SE,50.8947342,-113.9425026
NB Mahogany BV @ Masters CR  SE (s. leg),50.896132,-113.9117718
Dalhousie LRT Station NB,51.1036693,-114.1581872
EB 63 AV SW @ Louise RD SW,50.9975485,-114.12253
WB Nose Hill Dr @ Tuscany HL NW,51.1073837,-114.2449947
SB Sandstone DR @ Sandpiper RD NW,51.1393157,-114.0999928
NB 69 ST SW @ 34 AV SW,51.0239009,-114.1874021
WB Beddington BV @ Berwick WY NW,51.1304977,-114.0839631
EB 5 AV SW @ 9 ST SW,51.0488739,-114.0826886
EB Sunvale DR @ Sundown WY SE,50.899561,-114.0522596
Chinook LRT Station WB,50.9973828,-114.0670772
WB 106 AV SE @ 50 ST SE,50.957951,-113.9620329
EB Hidden Valley Dr @ Hidden Springs GR NW,51.151571,-114.1110673
WB 43 ST NW @ Bowness RD,51.0688595,-114.1563238
Brentwood LRT Station,51.0864296,-114.1321812
SB Taracove RD @ Taravista DR NE,51.1204076,-113.9365062
SB 31 ST NW @ S. of Brentwood Stn,51.0839717,-114.12952
SB 36 ST NE @ 44 AV NE,51.090832,-113.9820223
NB Tuscany WY @ Tuscany Hills PA NW,51.1213626,-114.2437225
EB Canyon Meadows DR @ Lake Placid DR SE,50.9303673,-114.0583191
NB Douglasdale BV@ Douglas Woods DR SE,50.9434792,-114.003484
SB 73 ST SW @ West Grover RI SW,51.0561537,-114.1936677
WB Richmond RD @ Signal Hill Mall SW,51.01707,-114.1719728
EB 11 AV SE @ 25 ST SE,51.0428221,-113.9996851
WB Willow Park DR@ Bonaventure DR SE,50.9579019,-114.0698645
SB North Haven DR@ 57 AV NW,51.1033757,-114.0860142
SB 4 ST NW @ 34 AV NW,51.0830485,-114.0716696
Whitehorn Stn Parking,51.0870259,-113.9830172
NB 77 ST SW @ Old Banff Coach RD,51.0675835,-114.1991859
WB 144 AV NE @ Livingston GA NE,51.1835499,-114.0662509
WB Parkdale BV @ 27 ST NW,51.0544182,-114.1259971
SB Charleswood DR @ Brooklyn CR NW,51.0861027,-114.1214475
31st Street NW Station (WB),51.0819155,-114.1299229
SB Douglasdale BV @  Douglas Park BV SE,50.9341429,-113.982917
NB 25 ST SE @ 45 AV SE,51.0136969,-113.9990141
SB 14 ST NW @ 2 AV NW,51.0543038,-114.0948349
EB Southland DR @ Oakmoor WY SW,50.9612027,-114.1237263
SB Canterbury DR @ Canova RD SW,50.9431579,-114.0895858
EB Woodbine BV @ Woodglen WY SW,50.946803,-114.1292547
SB 42 ST SE @ 110 AV SE,50.955888,-113.9741705
EB Crowfoot CR @ 200 Crowfoot GA NW,51.1287836,-114.2003431
SB Marlborough WY @ Marlborough DR NE,51.0589939,-113.9752307
EB Midpark BV @ Midpark WY SE,50.9081518,-114.0577687
SB Coventry Hills WY @ N. of Covepark SQ NE,51.1668686,-114.0618966
NB Fish Creek - Lacombe CTrain Station,50.9237048,-114.0731677
EB Mahogany RD @ Mahogany BV SE,50.8945034,-113.9371371
NB 4 ST NE @ Grier AV,51.0987502,-114.0536544
NB 4 ST NW @ Spyhill RD NW,51.1050677,-114.071306
WB 104 AV NE @ 36 ST NE,51.1472095,-113.9787741
SB 77 ST SW @ Spring Valley VW,51.0285082,-114.1994609
EB Country Hills DR @ Country Hills CI NW,51.1468851,-114.0677428
NB Shaganappi Tr @ Sherwood Ga NW,51.1636583,-114.1436905
EB 27 AV NE @ 19 ST NE,51.0768324,-114.0109206
WB 40 AV NW @ 52 ST NW,51.0883479,-114.1624832
EB Memorial DR @ Penworth DR SE,51.0528557,-113.9484721
SB 37 ST SW @ Richmond RD,51.0217496,-114.1414107
WB 17 AV SW @ 8 ST SW,51.0379087,-114.0823078
SB Cranston DR @ Cranston WY SE,50.8870731,-113.9745918
SB Kincora DR @ Kincora BV NW,51.1588317,-114.1282688
EB 26 AV SW @ 33 ST SW,51.0299908,-114.1348839
EB Chapala WY @ Chapala DR SE,50.8811554,-114.0285876
SB Lynnview RD @ S. Leg Lynnview WY SE,50.9947263,-114.021491
EB Somerset DR@ Somerset WY SW,50.9009477,-114.0850368
WB 21 AV NW @ 13 ST NW,51.0714814,-114.0914444
WB Tuscany DR @ Tuscany Glen RD NW,51.118711,-114.2492567
NB McKinnon DR @ McHugh RD NE,51.064724,-114.006662
WB 64 AV NE @ 9 ST NE,51.1107323,-114.0422978
Rundle LRT Station (NB 36 ST NE @ 25 AV NE),51.0743352,-113.9813959
WB 40 AV NW @ 42 ST NW,51.0883812,-114.1516554
WB 2 AV @ 9 ST NW,51.0548326,-114.0836783
NB Hidden Valley DR @ Hidden Vale CR NW,51.1443876,-114.1028492
SB 29 ST NE @ 23 AV NE,51.0724234,-113.9919445
SB Edgepark BV @ Edgeburn CR NW,51.1360279,-114.1572719
EB Douglasbank DR @ Douglasbank CR SE,50.9460342,-114.0098125
SB Homestead DR NE @ Homestead CM NE,51.1221646,-113.9153576
NB Ogden RD @ Glenmore TR SE,50.9815483,-113.9986551
SB 37 ST SW @ 30 AV SW,51.0265864,-114.1413126
NB 36 ST E @ Memorial DR E,51.0538982,-113.9813145
EB 61 AV SE @ 44 ST SE,50.9988865,-113.969626
Elbow Drive Station (EB),50.9794254,-114.0823729
WB Bowness RD @ 64 ST NW,51.0867081,-114.1820635
EB Sage Hill DR @ Sage Hill GD NW,51.1710577,-114.1374542
SB Silver Springs BV @ Silver Ridge DR NW,51.1026156,-114.189739
NB Greenbriar WY @ Greenbriar PL NW,51.0882099,-114.2177769
NB Elbow DR @ Britannia DR SW,51.0151712,-114.0787738
EB Castleridge BV @ 54 AV NE,51.1031996,-113.9688008
WB Rundlehorn DR @ 38 ST NE,51.0715614,-113.979108
NB Centre ST S @ 61 AV S,50.9982697,-114.0637142
SB 1 ST SW @ 8 AV SW,51.0457565,-114.0655733
EB Na'a DR @ Town Centre SW,51.0805944,-114.1984783
EB Berkley DR @ Bermondsey RI NW,51.1270187,-114.0854832
EB Scurfield DR @ Scanlon GR NW,51.124489,-114.2220282
NB Crowchild TR @ Glenmore TR SW,51.0009032,-114.1177749
EB 7 ST @ MacDonald AV SE,51.0410246,-114.0437947
NB 14 ST NW @ 20 AV NW,51.070838,-114.0945414
SB 5 ST SW @ 7 AVE SW,51.046429,-114.0739483
SB 19 ST NW @ Canmore RD,51.0766555,-114.1064135
EB Hidden Valley DR @ Hidden Ranch TC NW,51.1504109,-114.1249392
WB Kensington RD @ 19 ST NW,51.0525796,-114.1062157
SB Douglas Glen Term north bay,50.9535033,-113.9974971
EB Na'a DR @ Na'a HT SW,51.0803628,-114.2036401
WB 50 AV SW @ 22 ST SW,51.0088218,-114.1142611
SB Southland CTrain Station,50.9644457,-114.0768595
WB Skyview Ranch RD @ Skyview Ranch BV NE,51.1629687,-113.951759
SB Midlake BV @ Midland CR SE,50.9089991,-114.0475144
NB 51 ST SW @ 39 AV SW,51.0198286,-114.1603676
NB Scenic Acres Dr @ Scenic RD NW,51.1163889,-114.2108675
North Pointe Terminal A,51.157385,-114.0678634
EB 61 AV SW @ 3 ST SW,50.9975875,-114.0689957
NB Elbow DR @ Malibou RD SW,50.99594,-114.0830897
WB Lake Sylvan DR @ Lake Wapta RI SE,50.9428091,-114.0364161
WB Cranston DR SE @ Cranwell SQ SE,50.8822072,-113.9821803
WB Country Hills BV @ E. of Country Village WY NE,51.1543179,-114.0567732
SB Copperpond BV @ CopperpondCV SE,50.9226141,-113.920684
WB Redstone DR @ Red Embers SQ,51.1684717,-113.9542388
NB 4A ST @ 71 AV SW,50.9898084,-114.0738273
EB Midridge DR @ Midridge CR SE,50.9185401,-114.0555905
NB Elbow DR @ 47 AV SW,51.0117843,-114.0807405
SB Everridge DR @ Fish Creek BV SW,50.9207474,-114.1235166
EB 41 AV NE @ 1 ST NE,51.0899389,-114.0573655
SB 44 ST SE @ 11 AV SE,51.0429583,-113.9701263
WB 17 AV SW @ 73 ST SW,51.0379579,-114.1936837
EB Valley Ridge DR @ Valley Ponds CR NW,51.0909315,-114.2528915
NB Edmonton TR @ 14 AV NE,51.0655223,-114.0561173
NB Scenic Acres DR @ Scandia BA NW,51.1142554,-114.2209847
NB 84 ST SE @ Belvedere AV SE,51.0410108,-113.9083202
WB 114 AV SE @ 35 ST SE,50.9496119,-113.9863647
NB 20 ST SW@ 44 AV SW,51.0145803,-114.1092406
WB 17 AV SW @ Costello BV,51.0374552,-114.1709879
NB 24 ST SW @ Bridle Estates RD,50.8993576,-114.1169698
NB Sheriff King ST @ Belmont BV,50.8709477,-114.0705094
SB Lake Sylvan DR @ Lake Sylvan CL SE,50.942909,-114.0339752
EB 62 AV SE @ 17A ST SE,50.997661,-114.0173545
SB Harvest Hills DR @ Harvest Hills WY NE NearSide,51.1502238,-114.0455583
EB 5 AV SW @ 8 ST SW,51.0487588,-114.0802414
WB 96 AV NE @ Harvest Hills LI,51.1411795,-114.0553917
EB 112 AV NW @ 76 ST NW,51.1540953,-114.195694
Saddletowne Terminal Stop G,51.1244737,-113.9487598
EB Bowness RD @ 75 ST NW,51.088906,-114.1960263
WB James McKevitt RD @ Millpark RD SW,50.9214963,-114.0848335
NB Midpark BV @ Midpark DR SE,50.9129164,-114.0608687
EB 162 AV SW @ Bridlewood BV,50.9064834,-114.1047656
SAIT Station (EB),51.0667194,-114.0891649
NB Shaganappi Tr @ Nolan Hill Bv NW,51.1731804,-114.1547688
EB Richmond RD @ 37 ST SW,51.0225629,-114.1404621
SB 28 ST SE @ 32 AV SE,51.0251988,-113.9915673
NB Centre ST N @ 68 AV N,51.1137729,-114.064782
WB Na'a Drive @ Na'a PZ SW,51.0799651,-114.1944439
NB Coverntry Hills WY @ Coville CR NE,51.1691424,-114.0397188
EB Regal CR @ Russet RD NE,51.0632153,-114.0420606
EB Shawnessy DR @ Shannon DR SW,50.9112553,-114.0813008
SB Tuscany Springs BV @ Tuscarora CI NW,51.1267903,-114.2386708
WB 76 AV SE @ 22A ST SE,50.9851149,-114.0051342
WB 58 AV SE @ 3 ST SE,51.0014625,-114.057625
WB Memorial DR @ Abbeydale DR NE,51.0525682,-113.9320073
WB Country Hills BV @ Hamptons DR NW,51.1403314,-114.1327721
NB Tuscany Springs BV @ S.of Tuscany Springs GD NW,51.1334616,-114.2379867
WB 68 AV NE @ 11ST NE,51.1158665,-114.0376111
EB 17 AV @ Georgia ST SW,51.0377245,-114.1535664
SB Douglas Woods DR @ Douglas Woods GV SE,50.941703,-113.9893467
WB Lake Bonavista DR @ Lake Moraine WY SE,50.937483,-114.0534253
EB 5 AV NW@ 12 ST NW,51.0570186,-114.0911539
SB Mount McKenzie DR @ 130 AV SE,50.9311764,-113.9838949
SB 44 ST SE @ 68 AV SE,50.9935509,-113.9702261
WB Scenic Acres BV @ Nose Hill DR NW,51.1183661,-114.2059037
WB Edgebrook DR @ Edgebrook BV NW,51.1378204,-114.1286814
NB 4 ST SW @ 21 AV SW,51.0341086,-114.0714296
NB 11 ST SE @ 21 AV SE,51.0348796,-114.0366765
WB 13 AV SW @ Aspen Summit CI,51.0470669,-114.204377
EB Auburn Bay BV @ Auburn Bay LI SE,50.8857984,-113.9540918
NB Sherwood BV @ 300 Sherwood PL NW,51.1598656,-114.1541367
NB 37 ST SW @ 23 AV SW,51.0334796,-114.1410737
WB  210 AV SE @ Legacy GA SE,50.8633218,-114.0179906
SB Braeside DR @ Southland DR SW,50.9607643,-114.1034544
WB  Front ST @ Seton WY SE,50.880771,-113.9561631
EB Sun Valley BV @ W. of Sunmills DR SE,50.9065047,-114.0502473
NB Chinook CTrain Station,50.9974713,-114.0655892
SB Northmount DR @ Northmount CR NW,51.0971747,-114.0775905
SB Fairmount DR @ Willow PK DR SE,50.9580316,-114.0592886
SB Deerfield DR @ 146 AV SE,50.919649,-114.0142804
NB 9 ST NE @ McDougall RD,51.0506679,-114.0403061
WB Falconridge DR @ Falton DR NE,51.1004303,-113.9408952
WB Arbour Lake WY @ Nose Hill DR NW,51.1377932,-114.185615
SB  Old Banff Coach RD @ Coach Hill RD SW,51.0562945,-114.1786379
Tuscany Station - Tuscany Terminal,51.1337036,-114.2360123
EB 9 AV S @ Centre ST S,51.0444758,-114.0623582
EB Edgebrook BV @ Edgeridge VW NW,51.1386103,-114.1293473
WB Southport WY @ Southport RD SW,50.9578545,-114.0737128
WB 14 AV SW @ Aspen Ridge WY,51.0453364,-114.1969873
SB Signal Hill DR @ Signal Hill WY SW,51.0265645,-114.1703249
SB Midridge DR @ Midlawn PL SE,50.917418,-114.0631747
NB 51 ST SW @ 35 AV SW,51.022225,-114.1608914
EB Scurfield DR @ Scenic GD NW,51.1222269,-114.2127739
WB 6 AV SE @ 5 ST SE,51.0471969,-114.0510157
NB Kincora Ga @ Shaganappi Tr NW,51.1662365,-114.1476084
SB 77 ST SW @ 9 AV SW,51.0594448,-114.1996203
EB Laguna WY @ Los Alamos PL NE,51.0922739,-113.9276071
SB Walden DR SE @ Walden CR SE (n.leg),50.8729893,-114.0381944
SB 14 ST NW @ 8 AV NW,51.0593685,-114.0948603
NB 14 ST NE @ COUNTRY HILLS BV,51.1550405,-114.0278524
SB Braeside DR @ 107 AV SW,50.9567339,-114.1030643
EB Woodbine BV @ Woodbrook WY SW,50.9468043,-114.133697
SB Elbow DR @ 80 AV SW,50.9811311,-114.0833203
SB Centre ST S @ Glenmore TR S,50.994543,-114.0639638
EB Prestwick DR @ Prestwick CI SE,50.923267,-113.9721219
SB Chaparral BV @ S.OF Chaparral DR SE,50.8833883,-114.024791
WB 32 AV NE @ 27 ST NE,51.081619,-113.9955461
EB  Erin Woods DR @ Erin Grove CL SE,51.0216175,-113.9696077
EB 32 AV NW @ 39 ST NW,51.081364,-114.1442327
EB 21 ST @ River Rock CR SE,50.9664238,-114.0125338
SB Tuscany Glen RD @ Tuscany Glen PA NW,51.116334,-114.2502982
SB Centre ST S @ 58 AV S,51.0009559,-114.0639436
WB Acadia DR @ Ancourt RD SE,50.9723071,-114.0539557
NB Redstone BV @ Red Embers MR NE,51.1703275,-113.9508958
SB Seton WY @ Front ST SE,50.8810834,-113.9574154
WB Bowfort RD @ 83 ST NW,51.0860614,-114.2136772
NB 16 ST SE @ 3 AV SE,51.0504304,-114.0147197
WB  Royal Oak WY @  Royal Oak CI NW,51.1480144,-114.2286661
NB 45 ST SW @ 8 AV SW,51.0448688,-114.1525961
SB 52 ST SE @ 114 AV SE,50.9499551,-113.9584721
SB 52 ST SE @ McKenzie Towne DR,50.9142724,-113.9551787
NB Centre ST N @ 60 AV N,51.1058044,-114.0623154
EB Temple DR @  Property Square,51.0857896,-113.9568578
WB 107 AV SE @ 74 ST SE,50.9588716,-113.9287516
EB 72 AV SE @ 64 ST SE,50.989358,-113.9394967
EB 3 AV SW @ 2 ST SW,51.0503536,-114.0670693
WB Citadel DR @ 400 Citadel Meadow BA NW,51.1491159,-114.1773464
NB 11 ST SE @ N. of 58 AV SE,51.0043515,-114.037205
NB Manhattan RD @ Manilla RD SE,51.0141428,-114.0532428
SB 28 ST NE @ 10 AV NE,51.0612526,-113.9933828
WB 38 AV SW @ 15 ST SW,51.0202342,-114.0982071
WB Hamptons BV @ Hamptons SQ NW,51.1446457,-114.1595305
SB 4 ST SW @ 19 AV SW,51.035709,-114.0716895
SB Centre ST N @ 16 AV N,51.0663616,-114.0626593
EB 130 AV SE @ W.Entr South Trail Mall,50.9318308,-113.970754
EB Maryvale DR @ 42 ST NE,51.0561053,-113.9699812
EB 40 AV NW@  E. of Hudson RD,51.0878487,-114.0744226
SB Ogden RD @ 50 AV SE,51.0083831,-114.0113767
WB Kensington RD @ 16 ST NW,51.05259,-114.0986242
SB 36 ST SE @ 12 AV SE,51.0421526,-113.9817362
EB Lake Bonavista DR @ Lake Erie RD SE,50.9394087,-114.0577311
SB Glenside DR @ 17 AV SW,51.0381096,-114.1605192
Chinook LRT Station WB,50.997543,-114.0666537
WB Kincora Glen RD @ Kinlea GA NW,51.1651285,-114.1351463
NB James McKevitt RD @ Shannon AV SW,50.9093367,-114.0995549
96th Avenue N Station (SB),51.1433086,-114.0683442
SB Ogden RD @ N. of 34 AV SE,51.0249943,-114.0310174
NB 4 ST NW @ 64 AV NW,51.1111241,-114.0712787
SB 24 ST NW @ Charlebois DR,51.0825553,-114.1180264
NB Edmonton TR @ Greenview DR NE,51.0917442,-114.052266
NB Queensland Dr @ Canyon Meadows DR SE,50.9326393,-114.0270135
WB 11 AV SE @ 28 ST SE,51.0429253,-113.9935573
WB 16 AV @ Moncton RD NE,51.0673243,-114.0448392
Whitehorn Drive Station (SB),51.0855814,-113.9586039
EB 26 AV NE @ Rundlehorn DR,51.076103,-113.9403736
Martindale LRT Station EB (Martin Crossing DR),51.1173652,-113.9670071
NB Edgedale DR @ Edegehill DR NW,51.1201609,-114.1591041
WB Dalhousie DR @ Dalton DR NW,51.1035331,-114.1481662
SB Grey Eagle Blvd @ Grey Eagle Dr SW,51.0042163,-114.1429626
SB 45 ST SW @ Windermere RD,51.0491591,-114.1528865
EB Douglasdale BV @ Douglasbank GD SE,50.942678,-114.0024108
NB Simcoe BV @ Simcoe GA SW,51.0332175,-114.1794913
Lions Park LRT Station (WB 14 AV NW),51.0652606,-114.1035701
EB Northmount DR @ Brantford DR NW,51.0898851,-114.1205412
WB Panatella BV NW @ Panamount RI NW,51.1632921,-114.0814221
SB Fairmount DR @ Willow Ridge PL SE,50.9562348,-114.0597297
SB Panamount BV @ Hidden Creek WY NW,51.1590802,-114.0928739
SB Country Hills BV @ Harvest Hills BV N,51.1527539,-114.0676609
WB Walden DR SE @ Walgrove ST SE,50.8667884,-114.0259084
WB Northmount DR @ 14 ST NW,51.0831595,-114.0958239
NB McCall WY @ George Craig BV NE,51.0955774,-114.0094968
EB Mahogany BV @ Mahogany HT SE,50.9024371,-113.9327468
SB Tuscany HL @ Tuscany DR NW,51.1177513,-114.2467356
SB Skyview Shores MR NE @ Skyview Shores CO NE,51.1568262,-113.9625787
EB Redstone DR @ Redstone GV NE,51.1682936,-113.9653401
NB Edenwold DR @ Edforth WY NW,51.1266175,-114.1383961
SB Bannister RD @ 149 AV SE,50.9186861,-114.0685307
EB Hawkstone DR @ Hawktree CL NW,51.1349724,-114.1701178
NB Kincora DR @ Kincora LD NW,51.1575867,-114.1263237
SB 52 ST SE @ 23 AV SE,51.0316094,-113.9586447
EB Dalhousie DR @ Dalham CR NW,51.1062225,-114.158502
SB 10 ST NE @ 72AV NE,51.1174119,-114.0400274
SB Chaparral DR@ Chaparral WY SE,50.8862127,-114.0318491
NB Rocky Ridge RD @ S. of Royal Elm RD NW,51.1414465,-114.2340526
EB Falconridge DR @ Falconridge CR NE,51.0993212,-113.9476686
WB Market ST @ 45 ST SE,50.8814119,-113.9446224
SB Fish Creek BV @ Everbrook DR SW,50.9179429,-114.1101287
SB Saddlebrook DR @ Saddlecrest BV NE,51.1360114,-113.9308219
NB Shaganappi TR @ Hidden Valley DR NW,51.1477859,-114.1356218
EB Canyon Meadows DR @ Parkland BV SE,50.9300981,-114.0378652
EB Northmount DR @ Bulyea RD NW,51.0951302,-114.1337566
EB Northmount DR @ Clarendon RD NW,51.0852226,-114.1011372
EB  Fish Creek  BV @ Everridge DR SW,50.9212157,-114.1224489
WB Canyon Meadows DR @ Queen Charlotte DR SE,50.9318986,-114.0237157
SB Ogden RD @ 80 AV SE,50.9805871,-113.9990193
WB 8 AV NE @ Regal CR,51.0596975,-114.0374177
EB Arbour Lake WY @ Arbour Summit CL NW,51.1377646,-114.1881616
WB Cedarille DR @ Cedardale CR SW,50.9526056,-114.1322149
NB 52 ST SE @ 94 AV SE,50.9695859,-113.9582574
EB Bow TR @ 37 ST SW,51.0446799,-114.1404123
EB Tuscany DR @ Tuscany Glen RD NW,51.118262,-114.2484445
Saddletowne Terminal Stop D,51.1253373,-113.9482454
WB 17 AV SW @ 31 ST SW,51.0378718,-114.1331135
NB McKenzie Lake BV @ McKenzie Meadows DR SE,50.9006037,-113.9917727
NB 19 ST NW @ 16 AV NW,51.0676002,-114.1061506
SB 4 ST NW @ 29 AV NW,51.078398,-114.0716635
WB Midlake BV @ Midridge DR SE,50.9148191,-114.0624847
SB Harvest Hills BV @ Panatella BV NW,51.1639968,-114.0709716
68 AV SE @ 55 ST SE eb,50.9940846,-113.9512711
SB Seton WY @ Seton DR SE,50.8760299,-113.9577604
SB Bonaventure DR @ Heritage DR SE,50.9788645,-114.068282
WB Centre AV @ Monument PL E,51.0524423,-113.9977643
EB 78 AV NE @ Huntridge HL NE,51.1211463,-114.0618275
McKnight-Westwinds LRT Station,51.108972,-113.9750215
SB Fairmount DR @ 86 AV SE,50.9754817,-114.0599951
NB Bonaventure DR @ S. of Fairmount DR SE,50.952686,-114.0601489
EB Richardson WY @ Bishop WY SW,51.0141983,-114.1280239
SB Tuscany Ravine RD @ Tuscany Meadows CM NW,51.116948,-114.2405156
EB Hidden Valley DR @ 300 Hidden Vale PL NW,51.1435932,-114.1023699
SB Bellevue AV @ MacDonald AV SE,51.0408058,-114.0433606
NB Canterbury DR @ 118 AV SW,50.9472776,-114.0762713
NB 51 ST @ Richmond RD SW,51.0185507,-114.1596386
Mount Royal University Station (SB),51.010981,-114.1276282
NB Sherwood Bv @ Sherwood Ga NW,51.1630028,-114.1506261
NB Hidden Valley Dr @ Hidden Valley Ga NW,51.1475367,-114.1004554
EB Evanston VW @ Evanston RI NW,51.1642711,-114.1176093
NB 10 ST @ Kensington RD NW,51.0529989,-114.085783
NB Deer Run  BV @ Deermoss  CR SE,50.9293843,-114.0108668
SB  Sherwood BV NW @ E. of Sherwood LI NW,51.160699,-114.149691
EB 27 AV NE @ 15 ST NE,51.0768623,-114.0215992
EB 80 AV NE @ Martha's Meadows DR,51.1250959,-113.9636302
WB Abbeydale DR @ Aboyne WY NE,51.0600144,-113.9321457
EB 5 AV SW @ 9 ST SW,51.0488739,-114.0826886
SB Crowchild TR @ 17 AV SW Overpass,51.0376353,-114.1136544
EB 17 AV SE @ 84 ST SE,51.0376574,-113.9111074
NB Citadel DR @ Citadel CL NW,51.1426808,-114.1719768
WB 33 AV SW@ 16 ST SW,51.0240517,-114.100165
NB  Redstone GV @  Redstone DR NE,51.168743,-113.9657742
EB Sherwood Blvd @ Sherwood Heights,51.1656083,-114.1575597
NB Dalton DR @ Dalton BA NW,51.106271,-114.1464688
EB 34 AV SW @ 69 ST SW,51.0231789,-114.1868126
EB Panatella GA @ Panatella DR NW,51.1673475,-114.0730969
SB Douglas Glen BV @ Douglas Glen ME SE,50.9514745,-114.0055328
EB @ Holy Cross Care Ctr SW,50.9916105,-114.0970437
WB Chaparral DR @ Chapala DR SE,50.8855318,-114.0305415
WB Varsity DR @ Viscount DR NW,51.0930361,-114.1525833
WB 90 AV SE @ 44 ST SE,50.9723936,-113.9708918
SB Arbour Lake WY @ Arbour Glen CL NW,51.1362711,-114.1915121
SB 33 ST NE @ 12 AV NE,51.0624258,-113.9861681
EB Palliser DR @ Oakwood DR SW,50.9694128,-114.1250964
SB 52 ST @ Auburn Meadows DR SE,50.8930904,-113.9427995
NB 52 ST NE @ 23 AV NE,51.0743913,-113.9581773
WB Valley Ridge DR @ Valley Creek RD NW,51.0908717,-114.2595364
NB Douglas Glen Term south bay,50.9530755,-113.997687
SB Spruce DR @ 3 AV SW,51.0500279,-114.1362154
EB Ranchview LI @ Ranchview DR NW,51.1156979,-114.1759192
WB Strathcona DR @ Strathcona DR SW,51.0458507,-114.1830327
WB Bridlewood AV @ Bridlewood DR SW,50.8973786,-114.0999101
WB 16 AV NW @ Crowchild TR NW,51.0670995,-114.1175852
SB Northland DR @ 52 AV NW,51.1004296,-114.1415287
EB Panatella BV @ Panton VW NW,51.1703189,-114.0835879
EB Richmond RD @ 48 ST SW,51.0183031,-114.1560829
WB 44 AV NE @ 38 ST NE,51.0912291,-113.9789398
WB Symons Valley PY (128 Av NW) @ Nolan Hill RI NW,51.1682326,-114.157065
Rundle LRT Station (SB 36 ST NE @ 25 AV NE),51.0745417,-113.9820065
SB Shawnessy DR @ Shannon CL SW,50.9096391,-114.0794044
EB Northmount DR @ 19 ST NW,51.0873778,-114.1086146
NB 24 ST SW @ 106 AV SW,50.9580607,-114.1177793
NB Taradale DR @ Tarington WY NE,51.1169224,-113.9270001
EB 32 AV NE @ 15A ST NE,51.0813743,-114.0200526
WB 40 AV NW @ Harvard ST,51.0888574,-114.0827427
NB Hidden Creek DR @ Beddington TR NW,51.1541855,-114.1054962
SB Mount McKenzie DR @ Mount Aberdeen CI SE,50.9274097,-113.9816877
SB Shawville WY @ 162 AV SE,50.902573,-114.0694866
NB 37 ST SW @ 46 AV SW,51.0129081,-114.1410564
EB Rundlehorn DR @ 50 ST NE,51.0715632,-113.9608043
WB Sun Valley BV @ Midpark BV SW,50.9066428,-114.0560714
WB 17 AV SE @ 68 ST SE,51.0379258,-113.9361112
SB 29 ST NW @ 7 AV NW,51.0584289,-114.1296166
NB Northmount DR @ Thorneycroft DR NW,51.1018336,-114.0743393
SB 52 ST E @ Memorial DR,51.052703,-113.9557178
SB Edenwold DR @ Edgemont BV NW,51.1265794,-114.1449308
NB 32 ST NE @ Sunridge BV NE,51.0764827,-113.988554
SB Westwinds DR @ 3770 Westwinds DR NE,51.1068722,-113.9757374
EB Kensington RD @ 10A ST NW,51.0524451,-114.0866598
EB  Shawnessy DR @ Shawmeadows RD SW,50.908791,-114.0754625
WB Ranchview DR @ Ranchview DR NW,51.1206589,-114.1845132
EB Patina DR @ Prominence WY SW,51.0628892,-114.1749465
NB Edmonton TR @  36 AV NE,51.0847398,-114.0520118
WB 4 AV NE @ Madigan DR,51.0558207,-113.9424966
SB Prestwick BV @ Prestwick GA SE,50.91718,-113.9649612
EB 26 AV SE @ 11 ST SE,51.0305196,-114.0357137
SB 14 ST SW@ 30 AV SW,51.026509,-114.0948055
WB Canyon Meadows DR @ Lake Lucerne RD SE,50.9294733,-114.0461461
WB McIvor BV @ Copperstone GA SE,50.9143319,-113.9384456
EB Prospect AV @ 8 ST SW,51.0323518,-114.0838268
SB Midpark BV @ Midpark GA SE,50.9099235,-114.062039
SB Varsity Estates DR @ Varsity Estates VW NW,51.1061254,-114.1734098
SB Strathcona DR @ Strathlea CR SW,51.0504534,-114.2072696
NB Brentwood RD @ N. of Charleswood DR NW,51.0848996,-114.1270204
SB  Tuscany WY @ Tuscany Hills PA NW,51.1207595,-114.2436626
WB 76 AV SE @ Ogden RD,50.9851221,-113.9994619
"WB Mahogany RD SE @ Marina CA SE, farside",50.8946814,-113.9304576
SB Silvergrove DR @ 66 AV NW,51.1122983,-114.1917948
NB Marlborough CTrain Station,51.0589967,-113.9815965
WB Ranchlands BV @ Ranchview DR NW,51.1162151,-114.1822541
WB Belmont BV @ Belmont DR,50.8706404,-114.0662982
EB 48 AV NW @ 88 ST NW,51.0958259,-114.215334
WB Panorama Hills DR @ Panorama Hills BV SW,51.1507469,-114.0764792
SB Uxbridge DR @ Unwin RD NW,51.0705365,-114.1300092
SB Acadia DR @ 6 ST SE,50.9695863,-114.0488001
NB Lake Sylvan DR @ N. of Lake Michigan CR SE,50.944761,-114.0289877
SB Macleod TR @ S. of 61 AV SW,50.9965566,-114.0717904
NB SAIT / AUArts / Jubilee CTrain Stn,51.0630697,-114.0910598
NB 10 ST NE @ 68 AV NE,51.116207,-114.0393328
NB 68 ST NE @ California BV,51.0728192,-113.934862
WB 50 AV SW @ Crowchild TR,51.0087835,-114.1225472
SB Bannister RD @ 145 AV SE,50.9222735,-114.069899
NB Douglasdale BV @ Douglasbank DR SE,50.9448965,-114.0047313
NB Kincora Glen GR @ Kincora Glen BA NW,51.1639525,-114.1348358
NB Elbow DR @ 75 AV SW,50.9857652,-114.0830297
WB 26 AV SW @ 25 ST SW,51.0301383,-114.121495
SB Mount McKenzie DR @ Mount McKenzie BA SE,50.9296569,-113.9826666
EB 5 AV SW @ 1 ST SW,51.0483996,-114.0659085
Heritage LRT Station NB,50.9792842,-114.0742172
EB 80 AV NE @ Tarawood RD,51.1251109,-113.9365322
SB  Douglas Woods DR @ Douglas Woods HL SE,50.9438563,-113.9901757
WB 58 AV SW @ Chinook Centre,51.0014592,-114.0768273
EB 28 AV NE @ Pineland BA,51.0778759,-113.9438406
SB 18 ST SE @ Lysander DR,50.9876283,-114.0158176
NB Radcliffe DR @ 12 AV SE,51.0453565,-113.9929574
EB 12 AV SW @ 7 ST SW,51.0417823,-114.078583
NB Mount McKenzie DR @ Mount Apex GR SE,50.9253851,-113.9802675
EB Copperpond BV @ Copperpond GA SE,50.9246058,-113.9240294
WB Coventry Hills WY @ W. of Covewood LI NE,51.1648715,-114.0483185
EB 106 AV SE @ Amazon Warehouse,50.9624588,-113.9379543
SB Evergreen ST @ Shawnee DR SW,50.929331,-114.094933
SB 41 ST SE @ 26 AV SE,51.030187,-113.9743548
NB Barlow TR @ 100 AV NE,51.1441764,-114.0014071
NB Sunpark DR @ Sunbank WY SE,50.9046912,-114.0550139
WB Panatella BV @ Panatella CL NW,51.164127,-114.0770347
WB Millrise DR @ Millside DR SW,50.9169472,-114.0788541
NB Hunterview DR @ Huntsbay RD NW,51.1119721,-114.0797859
SB Arbour Lake WY @ Arbour Ridge WY NW,51.1373843,-114.1901506
NB 14 ST SW @ 12 AV SW,51.0425209,-114.0944882
WB 72 AV NE @ Huntridge HL,51.1181924,-114.0638301
EB Country Hills BV @ Harvest Hills BV N,51.1540665,-114.0628678
SB 74 ST SE @ N. of 107 AV SE,50.9603428,-113.9261035
SB Panorama Hills BV @ Panorama Hills MR NW,51.1528633,-114.0773036
SB 21 ST SW @ 51 AV SW,51.0070431,-114.1120249
EB 114 AV SE/ 29 ST SE,50.951608,-113.9967977
NB Scurfield DR @ Scripps LD NW,51.1201414,-114.2226464
Brentwood LRT Station,51.0867693,-114.1324601
EB 114 AV SE @ W. of 35 ST SE,50.9493719,-113.9905881
SB 51 ST SW @ 30 AV SW,51.0267457,-114.1611142
Russet Road Station (WB),51.0671325,-114.0431612
EB 53 AV SE @ 3 ST SE,51.0058927,-114.0562766
SB 14 ST SW @ 10 AV SW,51.0439896,-114.0949527
WB Panorama Hills DR @ Panorama Hills GR NW,51.1492161,-114.0800483
WB 194 AV & Chaparral BV SE,50.8783207,-114.0208515
NB Somerset - Bridlewood CTrain Station,50.8987664,-114.0687017
EB Varsity DR @ Viscount DR NW,51.0927368,-114.1517447
EB Sunmills DR @ Sunwood GA SE,50.8977623,-114.0297204
WB Savanna DR NE @ Savanna GD NE,51.1367629,-113.9640638
NB Citadel GA @ Country Hills BV NW,51.1416079,-114.1811791
Braeside Station (NB),50.9545962,-114.1177232
SB Scenic Acres DR @ Scenic Glen CR NW,51.1159288,-114.2111868
EB Hawkwood DR @ Hawkwood RD NW,51.1266866,-114.1864335
SB 68 ST NE @ 26 AV NE,51.075733,-113.9353847
SB  Martindale BV @ Martha's Haven PL NE,51.1193497,-113.968958
EB Scenic Acres GA @ Scenic Acres DR NW,51.1144416,-114.2110563
EB Varsity DR @ 40 ST NW,51.0911702,-114.145785
WB 50 AV SW @ W. of 45 ST SW,51.0093317,-114.1568929
EB Panamount BV @ W. Leg Panamount RD NW,51.156734,-114.0918485
SB Sheriff King ST @ Silverado WY SW,50.8817832,-114.0711163
SB Crowfoot GA @ John Laurie BV NW,51.1282916,-114.1978285
SB 4 ST NE @ Blackthorn RD,51.1085062,-114.0570858
EB Shawnessy BV @ Shawnessy DR SW,50.9139045,-114.0837544
NB Franklin CTrain Station,51.0470363,-113.994618
WB Aspen WY @ Silver Birch WY NW,51.090954,-114.217355
EB Tuscany Springs BV @ Tuscany Springs RD NW,51.1349192,-114.2446375
NB Silvergrove DR @ Silver Springs RI NW,51.113887,-114.1935275
SB 10 ST NW@ 20 AV NW,51.0702314,-114.0849998
SB @ Access RD Chateau Ests,51.0633434,-113.9126856
NB  Edenwold DR @ Edforth CR NW,51.1242768,-114.1449299
NB Springborough BV @ Springborough GR SW,51.0330652,-114.1929523
NB Russet RD @ 15 AV NE,51.0663358,-114.0423897
SB 8 ST SW @ 19 AV SW,51.0357678,-114.0819431
EB Country Hills BV @ Edgebrook BV NW,51.1404931,-114.1309319
EB Symons Valley PY @ Sage Meadows GR NW,51.1679203,-114.1245522
SB Elbow DR @ 38 AV SW,51.0202238,-114.0779568
SB Varsity Estates DR @ 700 Varsity Estates PL NW,51.1025789,-114.1785122
NB Citadel WY @ Citadel Acres CL NW,51.1456199,-114.1942761
NB Parkland BV @ Parkvalley RD SE,50.9188444,-114.0253889
EB Centre AV @  E. of 23 ST E,51.0523886,-114.0033764
YYC Airport Domestic Terminal,51.1326557,-114.0109904
WB Woodpark BV @ 24 ST SW,50.9358905,-114.118966
WB Shaganappi Point CTrain Station,51.0416094,-114.1242707
EB McKinnon DR @ 19 ST NE,51.0653472,-114.0127316
SB Palliser DR @ 90 AV SW,50.9752448,-114.134011
EB 43 AV NE @ 68 ST NE,51.0916115,-113.9342358
WB Somerset DR @ Somerglen CL SW,50.8965222,-114.0774905
Marlborough LRT Station (EB Marlborough DR),51.0594599,-113.9796822
NB 37 ST SW @ 58 AV SW,51.0011756,-114.1409228
EB Coventry Hills WY @ W. of Covewood LI NE,51.1647359,-114.0472256
EB Canyon Meadows DR @ Elbow DR SW,50.9391487,-114.0842841
WB Parkdale BV @ 29 ST NW,51.0556679,-114.1303269
EB Southport WY @ Southport RD SW,50.9577199,-114.0733653
NB 17 ST SE@ 3 AV SE,51.0506278,-114.0132942
SB Norquay DR @ Norquay HT NW,51.0963947,-114.0931958
EB Cranston AV @ Cranarch CR SE,50.8639666,-113.9761712
SB 20 ST SW@ 50 AV SW,51.0082668,-114.109277
EB 8 AV NW @ 18 ST NW,51.0595909,-114.1027252
NB Copperfield BV @ Copperfield HT SE,50.9124273,-113.9454701
EB Martin Crossing DR @ Martin Crossing GR NE,51.1177213,-113.9585603
NB Symons Valley RD @ Symons Valley PY NW,51.1685073,-114.1320783
SB Fairmount DR @ 99 AV SE,50.9611857,-114.0588045
NB 11A ST @ Colonel Baker PL NE,51.0493088,-114.0345991
EB Deer Run DR @ Deer Side DR SE,50.9181985,-114.0005131
WB Seton DR @ 45 ST SE,50.8772368,-113.9462208
NB Saddlebrook DR @ Saddlebrook CI NE,51.134226,-113.9310333
EB 9 AV SW @ W. of 6 ST SW,51.0449457,-114.0772509
NB Citadel WY @ N. of Country Hills BV NW,51.1433816,-114.1952713
EB Whitehorn DR @ 38 ST NE,51.084965,-113.9781057
56th Avenue N Station (SB),51.1022938,-114.0625666
WB Rockyvalley DR @ Rockledge TC NW,51.1486831,-114.253566
WB Harvest Oak GA @ Harvest Hills DR NE,51.1469885,-114.0611152
EB Tuscany DR @ Tuscany Vista RD NW,51.1194065,-114.2520179
EB Springbank BV @ Spring CR SW,51.018339,-114.1954965
WB Hawksbrow DR @ Hawkwood BV NW,51.1251344,-114.1679751
WB Maryvale DR @ E. of 42 ST NE,51.0562328,-113.9703868
EB Hidden Valley DR @ Hidden Hill TC NW,51.149142,-114.1289365
NB 8 ST SE@ 17 AV SE,51.0381549,-114.0413324
NB 85 ST SW @ 9 AV SW,51.0601013,-114.2108565
NB Hawkwood RD @ Hawkwood WY NW,51.1277231,-114.1876426
NB 6 ST SW @ 130 AV SW,50.9366474,-114.0756288
EB 9 AV SW @ 2 ST SW,51.0446892,-114.068954
SB Deer Ridge DR @ Canyon Meadows DR SE,50.9313017,-114.0172488
EB Somerset DR @ Somercrest CL SW,50.9007544,-114.0816207
SB Douglasdale BV @ Douglasbank DR SE,50.9442233,-114.0047888
NB Edmonton TR @ 10 AV NE,51.0618712,-114.0554355
Sarcee Road Station (WB),51.0125841,-114.1394323
EB Southland DR @ Oakmoor DR SW,50.9612122,-114.1139094
WB Savanna DR NE @ Savanna CR NE,51.13669,-113.9563194
NB Northmount DR @ Cornwallis DR NW,51.0855574,-114.0892771
NB Elbow DR @ Landsdowne AV SW,51.0169358,-114.0781209
EB Berkshire BV @ E. of Berkley DR NW,51.1319651,-114.0952071
NB Royal Oak DR @ 200 Royal Birch ME NW,51.1467108,-114.2154453
SB 19 ST SE @ 2 AV SE,51.0505726,-114.0085042
NB Edmonton TR @ 40 AV NE,51.0890112,-114.0516115
EB 26 AV SW Overpass @ Crowchild TR,51.0301743,-114.1174517
SB Douglas Park BV @ Douglas Park VW SE,50.9370456,-113.9925661
WB Bowness RD @ 75 ST NW,51.0890439,-114.1969035
SB 53 ST NW @ Dalhart RD,51.1109084,-114.1592289
EB Strathcona DR @ Strathlea GR SW,51.0507052,-114.2061413
WB Silver Springs RD @ 70 ST NW,51.1105594,-114.1894283
EB McKinnon DR @ McKinnon RD NE,51.0653794,-114.0080187
WB 4 AV NE @ Maidstone DR,51.0571886,-113.9497428
NB 14 ST NW @ North Haven DR,51.0924532,-114.0945715
WB 72 AV NE @ Huntbourne GA,51.1179166,-114.0603748
WB 17 AV SW @ 27 ST SW,51.0378806,-114.1272494
EB Northmount DR @ 14 ST NW,51.0829502,-114.0941734
Anderson LRT Station,50.954241,-114.0741678
WB 112 AV NW @ 76 ST NW,51.1542496,-114.1974009
NB 42 ST SE @ 112 AV SE,50.9530052,-113.9749019
WB 17th AV SE @ 61st ST SE,51.0379773,-113.943705
WB 14 AV @ 73 ST SW,51.0452882,-114.1937812
NB 24 ST SE @ 86 AV SE,50.9773857,-113.9987741
EB 86 AV SW @ Haddon RD,50.9759659,-114.0784537
SB Springborough BV @ Springborough GR SW,51.0324477,-114.1938313
WB Hawstone DR @ Hawktree CL NW,51.1352246,-114.171246
NB Prestwick BV @ McKenzie Towne BV SE,50.9173339,-113.9646523
EB Coventry Hills WY @ Covette BA NE,51.1650596,-114.04473
WB 34 AV NW @ 49 ST NW,51.0830994,-114.1589631
WB Dover Ridge DR @ 36 ST SE,51.0211907,-113.9823
EB 75 AV @ 4A ST SW,50.9858579,-114.0749052
SB Cornerstone BV @ Corner Meadows MR NE,51.1536057,-113.9383684
SB Deer Ridge DR @ 137 AV SE,50.9278381,-114.0260389
EB 90 AV SE @ Bonaventure DR SE,50.9721951,-114.0652176
NB 10 ST NW @ 20 AV NW,51.0709618,-114.0847112
WB Taravista DR @ Tarawood CL NE,51.1214217,-113.9411228
EB Crestmont DR @ Crestbrook VW SW,51.0826765,-114.2706682
WB Quarry Park BV @ Quarry LI SE,50.9595382,-114.0136964
WB 40 AV NW @ 4 ST NW,51.0875209,-114.0710299
WB 13 AV @ Aspen Summit GR SW,51.047084,-114.2005832
EB 26 AV SW@ 42 ST SW,51.0304334,-114.1474519
EB 50 AV SW @ 19 ST SW,51.008625,-114.1059469
WB Sunvale DR @ E. of Sunpark DR SE,50.8997152,-114.0542327
SB Crowfoot CL @ Crowfoot WY NW,51.1253454,-114.2075391
NB Brisebois DR @ Crawford RD NW,51.0981968,-114.1271386
SB Sierra Morena BV @ Sierra Morena WY SW,51.0196532,-114.1861904
WB 17 AV SE @ 40 St SE,51.0379833,-113.9762734
WB Country Hills BV @ Country Village WY NE,51.1543061,-114.0616654
NB 12 ST NE @ 27 AV NE,51.0773511,-114.0252518
NB 19 ST NE @ N. of 16 AV NE,51.0679292,-114.0132791
NB Prestwick CI @ Prestwick DR SE,50.9234292,-113.9724814
EB 100 AV SE @ 68 ST SE,50.9672905,-113.9340978
SB Centre ST N @ 60 AV N,51.1051546,-114.0625852
EB Dalhousie DR @ Dalton DR NW,51.1033052,-114.1469373
NB Country Hills DR @ Country Hills  PL NW,51.1480038,-114.065727
NB Tuscany Springs BV @  Tusslewood TC NW,51.1384367,-114.2507016
NB Sheriff King ST @ N of 194 AV SW,50.8781291,-114.0706759
SB 68 ST NE @ 64 AV NE,51.1101235,-113.9353378
WB 17 AV SW @ 33 ST SW,51.0379065,-114.1359932
NB Acadia DR @ Willow Park DR SE,50.9603249,-114.0443168
WB Windermere RD @ 45 ST SW,51.0501264,-114.1534907
NB Cranston BV @ Cranston DR SE,50.8923225,-113.9852808
EB Taradale DR @ Falconridge BV NE,51.1140623,-113.9459821
EB Crowfoot WY @ Crowfoot CI NW,51.1244857,-114.2015321
EB 50 AV SW @ Crowchild TR,51.0086026,-114.1189313
NB 29 ST SE @ 114 AV SE,50.9512663,-113.9953359
NB Wentworth RI @ Wentworth AV SW,51.0590269,-114.2133617
WB 17 AV SW @ 29 ST SW,51.0378688,-114.1300607
EB Centre Street Station (Free Fare Zone),51.0463847,-114.0612557
WB Northmount DR @ 34 ST NW,51.0961007,-114.1377534
SB 37 ST SW @ Grafton DR,51.0144174,-114.1413485
EB 5 AV SW @ 4 ST SW,51.0485397,-114.0718502
SB Centre ST N @ 36 AV N,51.0846823,-114.0625835
WB Sunridge WY @ W. of 29 ST NE,51.0693646,-113.9957692
NB 4 ST NW @ Blackthorn RD NW,51.1076325,-114.0713581
EB Deer Run BV @ Deercross RD SE,50.9268082,-114.0093241
WB Copperfield BV @ Copperleaf PS SE,50.9112524,-113.9274474
EB Hospital DR @ Cal Wenzel  PH Bldg NW,51.0658944,-114.1370872
NB 68 ST NE @ Abbercove Dr,51.0501353,-113.9349282
NB Elbow DR @ Southland CR SW,50.9640472,-114.0846617
SB 28 ST NE @ 3 AV NE,51.053994,-113.9933966
NB Signal Hill DR @ Signal Hill TC SW,51.0227775,-114.177002
WB Sunmills DR @ Sunset CR SE,50.8991074,-114.0458504
NB Macleod TR @ 55 AV SW,51.0044005,-114.0703695
University LRT Station (SB),51.080368,-114.1251908
SB 24 ST SE @ Quarry PK BV,50.9626518,-114.0018567
EB 17 AV SW @ Suffolk ST,51.0377526,-114.1147599
NB 29 ST NW @ 7 AV NW,51.0591252,-114.1294022
NB 14 ST NW @ Kensington RD,51.0529126,-114.0945938
EB Aspen Stone BV @ Aspen Stone RD SW,51.0409465,-114.2129379
SB Taradale DR @ Taralake RD NE,51.1201562,-113.9282004
SB 60 ST NE @ Saddlehorn DR,51.1290068,-113.9469527
SB @ Glenmore Auxiliary Hospital,50.9920421,-114.0984847
SB Symons Valley RD @ Sage Hill DR NW,51.169242,-114.1333218
NB Castleridge BV @ N. of Castleridge DR NE,51.1087328,-113.965798
SB Falconridge BV @ Castleridge BV NE,51.0991478,-113.9586088
SB Chaparral Valley DR @ Chaparral Valley VW SE,50.885357,-114.0154452
NB McKnight - Westwinds CTrain Station,51.1095372,-113.9751746
SB 4 ST NW @ Thornhill PL,51.0973063,-114.0717111
SB Tuscany WY @ Tuscany BV NW,51.123373,-114.2457866
NB Sarcee TR @ Citadel GR NW,51.1451662,-114.1680068
WB Coach Hill RD @ Coach Side RD SW,51.0569073,-114.1802876
SB Crowchild TR @ S. of 33 AV SW,51.0193438,-114.1181852
EB  Martindale BV @ Martinview RD NE,51.1134255,-113.961129
EB Falconridge DR @ Fallswater RD NE,51.1005834,-113.9398708
EB Midridge DR @ Midcrest CR SE,50.9194466,-114.0597881
EB Auburn Bay AV SE @ Auburn Meadows BV SE,50.8921559,-113.9489521
SB 19 ST SE @ 64 AV SE,50.9955871,-114.013639
EB 26 AV @ Southwood DR SE,51.0304663,-113.9851492
SB Ogden RD @ Highfield BV SE,51.0196248,-114.0299773
NB University DR @ McMahon Stadium,51.0711024,-114.12522
NB 23 ST NE @ 32 AV NE,51.0822255,-114.0049405
WB Northmount DR @ Benson RD NW,51.0942534,-114.1313826
WB Panatella BV @ Panatella HL NW,51.1688661,-114.0882722
WB Willowpark DR @ Bonaventure DR SE,50.9579511,-114.0696762
NB Ogden RD @ Bonnybrook RD SE,51.028154,-114.0307583
WB 33 AV SW@ 15 ST SW,51.0240702,-114.0976537
SB Panorama Hills DR NW @ Panorama Hills LD NW,51.1538786,-114.0859067
SB Aspen Stone BV @ 17 AV SW,51.0381549,-114.2169146
NB Coventry Hills BV @ Country Hills BV NE,51.1548403,-114.0524104
SB 4 ST NW @ 14 AV NW,51.0651664,-114.0716569
EB Northmount DR @ Bowlen ST NW,51.0906293,-114.1233658
EB 22 AV NE @ Rundlehorn DR,51.0725449,-113.9401801
SB Woodbine BV @ Woodbrook RD SW,50.9451351,-114.1364196
NB Queensland DR @ 600 Queensland PL SE,50.934412,-114.0178753
SB 52 ST SE @ 110 AV SE,50.9534266,-113.9588277
WB Hawkwood DR @ Hawkwood RD NW,51.1265946,-114.1874682
WB 26 AV SW @ Glenmount DR,51.0305687,-114.1485705
NB 19 ST NW @ Canberra RD,51.0847739,-114.109891
WB Radnor Ave @ Remington Road,51.0640712,-114.0408383
SB 14 ST NW @ MacEwan Glen DR,51.1313726,-114.1064949
SB Panorama Hills DR @ Panorama Hills ME NW,51.1513819,-114.0856622
WB 42 AV SE @ Cleveland CR SE,51.016015,-114.0540081
SB Cityscape Dr @ Cityscape Mr NE,51.1503612,-113.9664789
Richmond Road Terminal SB,51.0187377,-114.1606339
NB Evergreen DR @ Evergreen  LD SW,50.9250942,-114.1025266
NB 44 ST SE @ 64 AV SE,50.9970276,-113.9700565
SB Skyview Ranch RD @ 128 AV NE,51.1647014,-113.9622027
EB Country Hills DR @ Country Hills WY NW,51.1502478,-114.0669718
SB 10 ST NW@ 5 AV NW,51.0580897,-114.086134
NB Edgmont BV @ Edgedale DR NW,51.1190727,-114.1554122
WB 52 AV NW @ Beaver RD,51.101043,-114.1382908
North Pointe Terminal B,51.15686,-114.0684488
NB McCall WY @ McCall LD NE,51.0986331,-114.0041324
NB 52 ST SE @ 48 AV SE,51.0114317,-113.9582719
EB 88 AV NE @ 60 ST NE,51.1323899,-113.9457158
SB University DR @ Unwin RD NW,51.071767,-114.1262781
NB 14 ST NW @ Rosehill DR,51.0781076,-114.0946141
NB Harvest Hills DR @ Harvest Oak GA NE,51.1472726,-114.0602534
EB Arbour Crest DR @ Arbour Crest TC NW,51.1385343,-114.2056292
EB Auburn Springs BV @Auburn Bay ST SE,50.886763,-113.9503884
NB MacEwan DR @ S. of MacEwan Park CL NW,51.1374891,-114.1163205
NB Parkland BV @ Parkside DR SE,50.9239636,-114.0282501
WB 130 AV SE @ 52 ST SE,50.9317141,-113.9593171
NB Falconridge BV @ Falworth RD NE,51.1031791,-113.955558
EB Regal CR @ 6 ST NE,51.0632234,-114.0477128
WB Tuscany Ravine RD @ Tuscany Ravine TC NW,51.1138074,-114.2397682
EB Saddlemont BV @ Saddlelake GR NE,51.1296353,-113.9302242
EB 32 AV NE @ 27 ST NE,51.0813945,-113.9941612
WB Arbour Lake RD @ Arbour Grove CL NW,51.1268479,-114.2096654
SB 53 ST NW @ N.Leg Dalhousie DR,51.1132415,-114.1567851
NB Harvest Hills BV @ Country Village RD NE,51.1608397,-114.0706868
SB 22 ST NE @ Aerial PL,51.1208365,-114.0061083
SB 10 ST NW @ 13 AV NW,51.0636089,-114.0845453
NB Hawkstone DR @ Hawkcliff WY NW,51.1314478,-114.1660876
NB Hunterview DR @ 78 AV NW,51.1234325,-114.0849429
NB Cityscape DR@ Cityscape MR NE,51.1507926,-113.9661517
WB Symons Valley PY @ Evanston VW (West Leg)  NW,51.1682445,-114.1221943
NB Penbrooke DR @ Penbrooke Terminal SE,51.0520364,-113.9418056
WB Pinetown PL @ 56 ST NE,51.0769552,-113.9526687
WB Norfolk DR @ Nottingham RD NW,51.1058851,-114.0834846
EB 9 AV SE @ 19 ST SE,51.0351455,-114.0195546
SB Sun Valley BV @ Sun Harbour RD SE,50.9005002,-114.0245589
NB Citadel DR @ Citadel WY NW,51.1469418,-114.1815546
SB Centre ST N @ 22 AV N,51.0720998,-114.0626384
SB 26 ST SE @ Doverglen CR,51.018346,-113.9993127
NB Bowness RD @ 45 ST NW,51.0713124,-114.1586533
SB Everridge DR @ Everwoods GA SW,50.9170861,-114.1238706
WB 46 AV SW @ Galway CR,51.0125411,-114.1495914
EB Dalhousie DR @ Dalham CR NW,51.1062273,-114.1583302
NB 4 ST NW @ Thornhill PL,51.0979454,-114.0713707
NB Millrise BV @ Millrise DR SW,50.9159579,-114.0737608
McKnight-Westwinds LRT Station,51.1086457,-113.9749971
EB 162 AV SW @ Bridleridge WY,50.9065981,-114.1096794
SB 19 ST NW @ 24 AV NW,51.0738851,-114.1064151
NB Somercrest ST @ Somerside GV SW,50.9020297,-114.0901841
NB 4 ST NW @ 68 AV NW (JG Diefenbaker HS),51.1128215,-114.0713157
NB Russet RD @ Regal CR NE,51.0636949,-114.0425296
SB Scenic Acres DR @ Scandia RI NW,51.1118315,-114.2200442
EB 90 AV SW @ Bay Ridge DR,50.9721283,-114.1086735
EB Lake Bonavista DR @ Lake Erie RD SE,50.9454995,-114.0552817
WB Bonaventure DR@ W. of Fairmount DR SE,50.9544782,-114.06642
NB Deer Ridge DR @ Deermont RD SE,50.9277943,-114.0151676
NB 50 ST SW @ 46 AV SW,51.0127774,-114.1596579
NB North Haven DR @ Nipawin CR NW,51.0970509,-114.0870407
WB Chaparral DR @ Chaparral CI SE,50.8876982,-114.0435863
SB 16 ST SW @ 38 AV SW,51.01979,-114.1006022
NB 16 ST SW @ Altadore AV,51.0128231,-114.1004096
SB Auburn Bay BV @ Autumn CR SE,50.8961044,-113.9680465
SB Copperfield  BV @ Copperfield CL SE,50.9149639,-113.9243441
SB Redstone BV @ Red Embers WY,51.1664768,-113.9512114
EB Nolan Hill GA @ Nolanfield WY NW,51.1789747,-114.1627632
SB Crowchild TR @ 63 AV SW,50.9968458,-114.118112
WB 88 AV NE @ Savanna ST,51.1327156,-113.952851
NB 53 ST NW @ Valiant DR,51.0905975,-114.1643736
Heritage Park (NB),50.9800952,-114.0954869
SB Ogden RD @ 50 AV SE,51.0082297,-114.0114607
WB Arbour Crest DR @ Arbour Butte RD NW,51.1401823,-114.2023269
EB Dalhousie DR @ 53 ST NW,51.1074518,-114.1613413
WB Valley Ridge DR @ Valley Stream CL NW,51.0914966,-114.2631701
WB New Brighton DR @ W. of New Brighton DR SE,50.9254518,-113.9544925
EB Cornerstone WY @ Cornerstone DR NE,51.1505619,-113.9344268
Southland Leisure Centre (WB),50.9615206,-114.1071106
EB Kensington RD @ 20 ST NW,51.0524402,-114.1074531
WB 17 AV SW @ 19 ST SW,51.0378903,-114.1068761
EB Sun Valley BV @ Sun Valley DR SE,50.9036293,-114.0266297
WB 6 AV NW @ 15 ST NW,51.0576923,-114.0956732
EB 46 AV SW @ 45 ST SW,51.012425,-114.1522079
SB 52 ST SE @ 76 AV SE,50.9846433,-113.9587219
EB Bowness RD @ 63 ST NW,51.0854723,-114.1796823
NB 1 ST SW @ 10 AV SW,51.0431553,-114.0655409
NB 52 ST SE @ Dufferin PL SE,50.9580553,-113.9581636
SB 24 ST @ Palliser DR SW,50.9697658,-114.1181811
SB Douglas Glen Term north bay,50.9534487,-113.9974722
WB Ranchview LI @ Ranch Estates DR NW,51.1157813,-114.1758355
EB Beddington BV @ Berkley RD NW,51.1283677,-114.079709
EB Woodpark BV @ Woodfield RD SW,50.9359861,-114.1237901
WB 8 AV NE @ 13A ST NE,51.0592177,-114.0290813
WB Douglasdale BV @ Douglasview BV SE,50.9408745,-113.9917494
WB Whitehorn DR @ 49 ST NE,51.0858185,-113.9631542
EB 1 AV NE @ Edmonton TR,51.053203,-114.049849
NB 12 ST NE @ 34 AV NE,51.0838192,-114.0295208
WB Madigan DR @ Manora DR NE,51.063353,-113.9439985
EB Marbank DR @ Mardale DR NE,51.0633548,-113.9651109
NB Saddlebrook DR @ Saddlelake WY NE,51.1316327,-113.9293526
NB Oakwood DR @ Oakmount DR SW,50.9678136,-114.138973
WB 50 AV SE @ 35 ST SE,51.008908,-113.9820941
EB Country Hills RD @ Country Hills LD NW,51.143284,-114.0715603
EB Queensland DR @ Queensland CI SE,50.9398213,-114.0239925
WB Hamptons DR @ Hamptons HT NW,51.1481449,-114.1440426
NB 16 ST NE @ 100 AV NE,51.1439562,-114.0200137
EB 140 AV @ 14 ST NW,51.1812868,-114.093763
EB 33 AV SW @ 18 ST SW,51.0239391,-114.1039658
SB Varsity Estates DR @ 1000 Varsity Estates PL NW,51.0994892,-114.174229
NB 45 ST SW @ 30 AV SW,51.0271452,-114.1524021
EB 6 AV SE @ 3 ST SE,51.0470476,-114.0540432
SB Saddlemont BV @ Saddlehorn DR NE,51.1283725,-113.9417883
NB 19 ST NW @ 23 AV NW,51.0736194,-114.1062175
Lions Park LRT Station (EB 14 AV NW),51.0651211,-114.1019372
NB Mount McKenzie DR @ Mount Aberdeen CI SE,50.9282027,-113.9813944
NB 1 ST SW @ 8 AV SW farside,51.0460381,-114.0653586
WB Unwin RD @ Usher RD NW,51.0721054,-114.1268711
WB Legacy CI @ Legacy VW SE,50.8609575,-114.0099294
EB Silver Springs RD @ Silver Brook DR NW,51.1104348,-114.1906076
SB Coral Springs BV @ Coral Keys DR NE,51.1055215,-113.9268425
SB North Haven DR @ Nelson RD NW,51.093703,-114.0898508
NB Saddlebrook DR @ Saddlelstone GR NE,51.1276651,-113.9293586
EB Hidden Valley DR @ Hidden Valley CR NW,51.1460623,-114.0989262
NB Seton WY @ 202 AV SE,50.8667428,-113.9519234
NB Home RD @ 46 ST NW,51.0711051,-114.1643381
SB Sirocco DR @ 17 AV SW,51.0370535,-114.1696285
WB 4 AV SE @ 1 ST SE,51.0493796,-114.0598102
SB Beacon Hill CTR @ Shoppers Drug Mart,51.1576409,-114.160191
EB Erin Woods DR @ 52 ST SE,51.0240523,-113.9598072
EB 16 AV NW @ 2 ST NW,51.0668337,-114.0667693
Somerset-Bridlewood Stn,50.8986633,-114.0699698
NB 4 ST NE @ 64 AV NE,51.1118696,-114.0567005
EB Lancaster WY @ Lakeview DR SW,50.9985567,-114.1324314
NB 8 ST SE @ 11 AV SE,51.04044,-114.0417003
SB 18 ST @ Riverview CI SE,50.9659058,-114.0134146
NB 52 ST @ Mahogany DR SE,50.8913593,-113.9422672
NB 40 ST SE @ 122 AV SE,50.9400678,-113.973564
EB Na'a DR @ Sarcee TR SW,51.0783229,-114.191649
WB McKenzie Towne BV @ 52 ST SE,50.9182963,-113.9594667
WB 23 AV SE@ 8 ST SE,51.0330213,-114.0414313
SB 18 ST SE @ Riverview CL,50.9697609,-114.0153397
EB 194 AV SE @ Walden GA SE,50.877111,-114.0358998
NB Macleod TR @ 31 AV SE,51.0258979,-114.058901
EB 20 AV NW @ 10 ST NW,51.0704852,-114.0843557
EB 17 AV SW @ Richmond RD,51.0377272,-114.1115515
NB Abbeydale DR @ Abalone CR NE,51.0565131,-113.9280925
EB 24 AV NE @ 21 ST NE,51.0742033,-114.008363
EB 8 AV NE @ 9 ST NE,51.0595603,-114.0401669
NB 68 ST NE @ Coral Springs BV,51.0995913,-113.9349648
NB 77 ST SW @ 9 AV SW,51.0598155,-114.1993267
NB Edmonton TR @ 23 AV NE,51.0737007,-114.0561976
WB Panamount BV @ Panamount LN NW,51.1572113,-114.0832078
EB 107 AV SE @ 24 ST SE,50.9565666,-114.0004541
NB 52 ST @ Mahogany ST SE,50.8971548,-113.9429826
WB Cranston GA  @ Cranford WY SE,50.8677321,-113.967616
EB Sage Hill GA @  W. of 37 St NW,51.1707192,-114.1425171
SB 9 ST NE @ 65 AV NE,51.1116895,-114.0415579
EB Canyon Meadows DR @ Acadia DR SE,50.929488,-114.0477963
NB W. Chestermere Drive @ Anniversary Park,51.0488428,-113.8217749
SB Crowchild TR@ 26 AV SW Overpass,51.0303218,-114.1183598
EB Shawinigan DR @ Shawfield DR SW,50.9051974,-114.080162
SB Mount McKenzie DR @ Mount Brewster CI SE,50.9196989,-113.9819594
WB 8 AV NW @ 16 ST NW,51.0597174,-114.0976788
EB Hamptons BV @ Hamptons SQ NW,51.1445232,-114.1578221
WB Bow TR @ Spruce DR SW,51.0419176,-114.1363763
NB Elbow DR @ Sacramento DR SW,50.9534461,-114.0844569
WB 11 AV SW @ 2 ST SW,51.0426061,-114.0687432
WB Beddington BV @ Beddington DR NE,51.1252708,-114.0634524
EB Martindale BV @ Martindale GA NE,51.1123824,-113.9642555
EB 64 AV NW @ Hunterview DR,51.1113199,-114.0767263
EB 17 AV SE @ 33 ST SE,51.0377024,-113.986006
NB Signall Hill DR @ Sienna Heights WY SW,51.0294585,-114.182501
SB 85 ST @ Bow TR SW,51.0515556,-114.2111647
SB McKenzie Towne DR @ Elgin GA SE,50.9085224,-113.9692949
SB 68 ST NE @ 37 AV NE,51.0861778,-113.935408
NB Midrige DR @ Midcrest CR SE,50.9171767,-114.0628769
EB Maryvale DR @ 52 ST NE,51.0567749,-113.9576771
NB Woodbine BV @ Woodmark CR SW,50.9434077,-114.1257907
SB Centre ST S @ 61 AV S,50.997566,-114.0639197
NB Tuscany Springs BV @ Tuscarora WY NW,51.1292554,-114.2367941
WB Stoney BV NE @ CT Stoney Garage,51.1653515,-114.0210446
SB 20A ST SE @ Lynndale RD,50.9919934,-114.0102924
SB Cedarille DR @ Cedardale RD SW,50.9527089,-114.134957
SB Shawville WY @ Shawville LI SE,50.9003437,-114.0691857
NB 36 ST E @ Memorial DR E,51.0538997,-113.9813715
EB Silvercreek DR @ Nose Hill DR NW,51.1136624,-114.2085597
SB Rocky Ridge BV @ Rockbluff CL NW,51.1483444,-114.2491101
EB Hidden Valley DR @ Hidden Valley LI NW,51.1507283,-114.1057269
SB 53 ST NW @ Valiant DR,51.0896489,-114.1645745
NB Elbow DR @ Heritage DR SW,50.9800327,-114.0829916
EB 71 AV SE @ SB 4a ST SW,50.9895851,-114.0734936
SB Silver Ridge DR @ Silver Crest CR NW,51.1049239,-114.1997141
SB Tuscany Valley VW @ Tuscany  DR NW,51.1291499,-114.2429899
WB Falconridge DR @ Falconridge CR NE,51.0995551,-113.9473246
SB Applewood DR @ Applemont CL SE,51.0443562,-113.9258724
NB Centre ST N @ 54 AV N,51.1000573,-114.062337
Fairmount Drive Station (EB),50.9794614,-114.0605415
EB Northmount DR @ Braden CR NW,51.0938062,-114.1307532
SB Bow TR @ Westbrook Mall Overpass,51.0431944,-114.1385205
NB 33 ST NE @ 8 AV NE,51.0599631,-113.9859299
SB Edmonton TR @ 30 AV NE,51.0793153,-114.0551985
EB Sirocco CTrain Station,51.0381118,-114.1694984
EB Danloe ST @ Child AV NE,51.0584934,-114.0332126
NB 6 ST NE @ 8 AV NE,51.0601158,-114.0482532
EB 72 AV NE @ 8 ST NE,51.1177177,-114.0443953
SB Silver Springs BV @ Silver Mead RD NW,51.1058694,-114.1888986
SB Ogden RD @ 69 AV SE,50.9906539,-114.0018343
NB 4 ST NW @ 30 AV NW,51.080012,-114.0714616
WB 4 AV SW @ 7 ST SW,51.0498855,-114.0792572
WB John Laurie BV @ 100 Crowfoot GA NW,51.1291943,-114.197588
NB 73 ST @ 15 AV SW,51.0419718,-114.1933668
NB Centre ST N @ 10 AV N,51.0618671,-114.0624158
NB 4 ST SW@ 17 AV SW,51.0381395,-114.0714078
EB Kensington RD @ 25 ST NW,51.0523877,-114.1198865
NB Barlow TR @ 72 AV SE,50.9898599,-113.981569
SB Sherwood BV @ Sherwood ST NW,51.1631302,-114.1507971
WB 4 AV SE @ 1 ST SE,51.0493857,-114.0600524
WB 26 AV SW @ 17A ST SW,51.0304975,-114.1040132
SB 114 AV SE @ 29 ST SE,50.9508448,-113.9957333
SB Country Village WY @ Country Hills BV NE,51.1553302,-114.0611841
SB Elbow DR @ Haverhill RD SW,50.9756609,-114.0843472
EB Country Hills BV @ Harvest Hills GA NE,51.154106,-114.047304
WB Mahogany GA @ Mahogany BV SE,50.8997331,-113.9376785
Tuscany Station - Rocky Ridge Terminal,51.1351762,-114.2348049
WB Castleridge DR @ Castlebrook  DR NE,51.107533,-113.9631732
NB @ Rocky Ridge Recreation Centre,51.1577039,-114.2322245
WB McKenzie Lake BV @ Mount McKenzie DR SE,50.9165601,-113.9819776
EB 5 AV SW @ 3 ST SW,51.0484528,-114.0691016
NB 7 ST SE @ N. of 42 AV SE,51.0193397,-114.0456827
EB 33 AV SW@ 16 ST SW,51.0239367,-114.0991596
WB Hidden Valley DR @ Hidden Hills TC NW,51.1496106,-114.1304376
"NB Wolf Willow BV SE @ Wolf Hollow CR SE, farside",50.8755363,-114.003562
EB Harvest Hills DR @ Harvest Wood RD NE,51.1511616,-114.0525263
WB Millrise DR @ Millcrest RD SW,50.9179498,-114.0876166
SB 69 ST SW @ 69 Street West LRT Station,51.0371863,-114.1877813
WB 12 AV N @ Centre ST N,51.0634555,-114.063343
WB Taravista DR @ Taracove RD NE,51.1207364,-113.9369375
SB Hawkwood BV @ Hawkview RD NW,51.1292271,-114.1690969
WB 11 AV SW @ 73 ST SW,51.0543436,-114.1940984
WB Lake Bonavista DR @ Acadia DR SE,50.9375545,-114.0487799
WB Canada Olympic Dr @ W of Na'a Dr SW,51.0827563,-114.2130148
WB Cityscape BV @ Cityscape DR NE,51.1472799,-113.9678451
NB 68 ST SE @ N Leg of Applewood Dr SE,51.0457828,-113.9349032
SB Saddlemont BV @ Saddlemead WY NE,51.1269095,-113.9439048
EB W. Creek BV @ E. of Lavender WY,51.0286409,-113.8352459
WB Somerset DR @ Somerset CI SW,50.896803,-114.0822377
SB Scenic Acres DR @ Scenic Glen CR NW,51.1119132,-114.2132805
EB Sage Valley DR @ Sage Valley RD NW,51.1796478,-114.1534144
SB 52 ST SE @ 21 AV SE,51.0350366,-113.9585115
NB Cornerstone DR @ Corner Meadows AV NE,51.1486482,-113.9350242
NB Bonaventure DR @ 90 AV SE,50.9727112,-114.0685758
NB Woodpark BV @ Woodview DR SW,50.9419527,-114.1087674
EB Shawnee DR @ Evergreen  ST SW,50.9296714,-114.0941574
EB Mahogany BV @ Marine DR SE,50.9019412,-113.9240606
WB 112 AV @ Sarcee TR NW,51.1599898,-114.1633194
EB Mahogany GA @ Mahogany PZ SE,50.8993885,-113.9413767
Centre Street N Station (EB),51.0667438,-114.061583
NB Centre ST N @ 14 AV N,51.0657973,-114.0623953
SB Brisebois DR @ Bulyea RD NW,51.0987824,-114.1282736
SB 60 ST NE @ 88 AV NE,51.1317825,-113.9469139
NB Edgedale DR @ Edgeland RD NW,51.1263921,-114.1553196
EB 24 AV NW @ 5 ST NW,51.0742358,-114.0735542
EB Richard RD @ Richardson WY SW,51.0113848,-114.1240828
SB 52 ST SE @  S. Leg Erin Woods DR,51.0185974,-113.9586241
SB Copperfield BV @ McIvor BV SE,50.9134775,-113.9433894
NB Cambrian DR @ 31 AV NW,51.0809364,-114.0890104
NB Canterbury DR @ 120 AV SW,50.9454058,-114.0755203
WB 46 AV SE @ Highfield CI,51.0115237,-114.0453528
SB Tuscany WY @ Tuscany Ridge HT NW,51.1303217,-114.2513825
NB 19 ST NE @ Matador CR,51.0572023,-114.0118575
SB Ranchero DR @ Ranchero PL NW,51.1226759,-114.189836
SB Nose Hill DR @ Scenic Acres GA NW,51.1137681,-114.2095964
SB Elbow DR @ N. of Southland DR SW,50.9638212,-114.084975
EB Richmond RD @ Kerrydale RD SW,51.0234541,-114.1375549
WB 16 AV NW @ 8 ST NW,51.0670674,-114.0818439
WB Sherwood Ga @ Sherwood Sq NW,51.1633571,-114.146862
NB Woodbine BV @ Wood Valley DR SW,50.9386505,-114.1324193
NB Elbow DR @ 70 AV SW,50.9906942,-114.0830198
NB Parkland BV @ 200 Parkglen PL SE,50.9216508,-114.0260921
WB Richardson WY @ Richard RD SW,51.0126314,-114.1228365
NB Shaganappi Tr @ Symons Valley PY NW,51.1683316,-114.1515279
SB 68 ST NE @ 12 AV NE,51.0625655,-113.9354385
WB Temple DR @ 60 ST NE,51.084975,-113.947357
SB Centre ST S @ 5 AV S,51.0478502,-114.0630179
EB Hawkstone DR @ Hawkwood DR NW,51.1355884,-114.1807167
NB Arbour Crest DR @ Arbour Lake TC NW,51.1397145,-114.2038278
EB Somerset DR @ Somercrest ST SW,50.900565,-114.0888018
SB 39 ST SE @ 30 AV SE,51.0265159,-113.9770901
EB John Laurie BV @ 100 Crowfoot GA NW,51.1283316,-114.1964967
WB Kincora BV @ Symons Valley RD NW,51.1607392,-114.1264996
NB Tuscany WY @ Tuscany  BV NW,51.1252914,-114.246966
WB Bonaventure DR @  Southcentre Mall (WB),50.9543802,-114.0660986
SB 14 ST NW @ MacEwan DR,51.1398059,-114.1088841
SB Seton WY @ 212 AV SE,50.8641278,-113.9519235
WB Rocky Ridge DR @ Rocky Ridge VI NW,51.1413034,-114.2434522
SB Dalhousie CTrain Station,51.1034096,-114.1610819
NB Seton WY @ Market ST SE,50.8799797,-113.9564152
EB 64 AV NW @ 4 ST NW,51.1104472,-114.0706842
WB Coventry Hills WY @ Coverbrook GR NE,51.1692723,-114.0544757
SB 37 ST SW @ 41 AV SW,51.0174572,-114.1413326
EB Royal Birch BV @ Royal Birch MT NW,51.1491871,-114.2147342
NB 11 ST @ Aviation PA NE,51.1004699,-114.036296
EB Martindale BV @ Martinbrook RD NE,51.1142675,-113.9585729
NB Bonaventure DR @ 86 AV SE,50.9762974,-114.0684638
WB Valley Ridge DR @ Valley Crest RI NW,51.09263,-114.2670167
NB Abbeydale DR @ Aberdare CR NE,51.0589386,-113.9266044
WB 8 AV SE @ 44 ST SE,51.045245,-113.9705477
WB @ 7130 - 80 AV NE,51.1252919,-113.9336271
EB Panorama Hills DR @ Panorama Hills GR NW,51.1490737,-114.080432
EB 12 AV SW@ 14 ST SW,51.0422365,-114.0942634
40th Avenue N Station (SB),51.0882903,-114.0626261
WB McKenzie Towne DR @ Elgin ST SE,50.9061302,-113.9675526
SB Harvest Hills BV @ Harvest Oak GA NE,51.1465239,-114.0644623
SB 20 ST SW @ 47 AV SW,51.0108704,-114.1094429
EB Symons Valley PY @ Sherwood DR NW,51.1678826,-114.1596517
WB Douglasbank DR @ Douglasbank CR SE,50.946499,-114.0107509
NB Symons Valley PY @ Evansford CL NW,51.1709842,-114.1093942
SB 46 ST NE @ Savanna AL NE,51.1364371,-113.9658238
Westbrook LRT Station,51.0401729,-114.1360545
EB Evanston VW @ Evansbrooke LI NW,51.1645415,-114.1200058
EB Lake Bonavista DR @ Lake Mead DR SE,50.9381131,-114.0552219
EB Hamptons DR @ Hampstead TC NW,51.1447046,-114.1336492
NB Hidden Valley DR @ Hidden Valley GR NW,51.1462134,-114.0988524
NB Palliser DR @ Oakwood DR SW,50.9731721,-114.1334834
EB 40 AV NW @ E. of 49 ST NW,51.0881325,-114.1565837
NB Sarcee RD @ Tommy Prince RD SW,51.0216174,-114.1306999
WB Memorial DR @ 52 ST NE,51.053249,-113.956995
WB MacEwan DR @ MacEwan Park RD NW,51.1357837,-114.1150115
SB 14 ST SW@ 17 AV SW,51.0374578,-114.0948907
NB Erin Woods DR @ Erin Park CL SE,51.0205029,-113.9731032
EB 3 AV NW @ 37 ST NW,51.0597057,-114.1405993
EB Hidden Creek DR @ Hidden Creek GR NW,51.1550501,-114.1037257
EB Country Hills BV @ Freeport DR NE,51.154039,-114.00543
WB Fish Creek BV @ Everbrook DR (West Leg),50.9214444,-114.1157534
WB Symons Valley PY @ 14 St NW,51.1816124,-114.0961868
Alberta Children's Hospital Station (SB),51.0753335,-114.1459078
SB Citadel WY @ Citadel Acres CL NW,51.145286,-114.1953545
WB 90 AV SE @ 38 ST SE,50.9723994,-113.9784365
WB 48 AV NW @ 85 ST NW,51.0959464,-114.2117128
NB 26 ST SE @ Dover Ridge DR,51.0191365,-113.9989194
WB 114 AV SE @ 35 ST SE,50.9496047,-113.9863624
NB 53 ST NW @ Dalhurst GA,51.1136867,-114.1558575
EB 9 AV SW @ 81 ST SW,51.0595596,-114.2055039
SB Scurfield DR @ Schooner CL NW,51.1217908,-114.2243054
WB Douglas Woods DR @ Douglas Woods HL SE,50.9450618,-113.9908809
NB 19 ST NW @ Cardston CR,51.0823327,-114.1090151
NB 4 ST NW @ 28 AV NW,51.0782306,-114.0714456
SB 11 ST SE @ 73 AV SE,50.9883558,-114.0397991
SB Madigan DR @ 8 AV NE,51.05989,-113.9406383
NB Auburn Springs BV @ Auburn Crest WY SE,50.8895364,-113.9474723
WB Ranchview DR @ Ranchlands BV NW,51.120192,-114.1796967
EB Country Village RD @ Country Village  LI NE,51.1602843,-114.066907
SB 37 ST NW @ Varsity DR,51.0883933,-114.1414715
Vista Heights Terminal (SB 19 ST NE @ 24 AV NE),51.0740127,-114.0132155
SB 18 ST SE @ Lynnover RD,50.9904477,-114.0156224
NB Harvest Hills DR @ Harvest Glen WY NE,51.1454176,-114.0506388
SB Aero DR @ Aero GA NE,51.121118,-114.0362016
EB 20 AV @ 12 ST NW,51.0704813,-114.0893542
SB Signal Hill DR @ Sirocco DR SW,51.0320812,-114.1704452
WB 16 AV NW @ W.of Banff TR,51.0670988,-114.113551
SB Laguna WY @ Anaheim PL NE,51.0851704,-113.9273641
EB Dalhousie DR @ 53 ST NW,51.107389,-114.1613451
NB Silver Springs DR @ S of Silver Springs HILL NW,51.1061398,-114.1848103
EB Hidden Valley DR @ Hidden PA NW,51.1468091,-114.1147412
Douglas Glen Boulevard Station (NB),50.9575087,-114.0077908
WB Marbank DR @ Mardale RD NE,51.0632356,-113.9629489
NB 4 ST NW @ 63 AV NW,51.1095472,-114.0713084
SB Cranston DR @ Cranston GA SE,50.8882857,-113.9881825
WB Sun Valley BV @ Sun Valley DR SE,50.9040901,-114.0277668
EB 64 AV NE @ 11 ST NE,51.1104311,-114.0349925
NB Panorama Hills BV NW @ Panorama Hills DR NW,51.1510423,-114.075345
NB 9 ST NE @ 64 AV NE,51.1116485,-114.0411819
SB 11 ST SE @ 46 AV SE,51.0115085,-114.0365904
SB McKenzie Lake BV @ Mount Sparrowhawk LD SE,50.9056472,-113.9895695
EB 1 AV NE @ 7 ST NE,51.0532095,-114.0451247
SB Symons Valley PY @ Evanston DR (North Leg) NW,51.1778096,-114.1059878
EB Centre AV @ Monument PL E,51.0523395,-113.9962154
NB Sage Valley DR NW @ S.Leg Sage Valley PA NW,51.1804424,-114.1487431
YYC Airport International Terminal,51.1308641,-114.006533
SB Centre ST N @ 10 AV N,51.0611181,-114.0626774
WB 72 AV NE @ 10 ST NE,51.1178934,-114.040747
NB 17A ST SW @ 26 AV SW,51.0307956,-114.1033385
WB Freeport BV @ Barlow TR NE,51.150953,-114.0029069
SB Cranston AV @ Cranbrook LN SE,50.8678675,-113.9824774
WB 17 AV SW @ 42 ST SW,51.0379154,-114.1503305
EB 33 AV SW @ 15 ST SW,51.0239445,-114.0965776
SB 1 ST SE @ 8 AV SE,51.0456245,-114.0607159
EB Strathcona DR @ 69 ST SW,51.0473126,-114.1872262
EB Kensington RD @ Kensington CR NW,51.0524438,-114.0898566
WB Northmount DR @ Bulyea RD NW,51.0956272,-114.1345829
EB Citadel WY@ Citadel Meadow GD NW,51.1467786,-114.1863551
EB Southland DR @ Bonaventure DR SE,50.964886,-114.0675161
EB Castleridge DR @ Castlebrook DR NE,51.1073604,-113.9620701
SB McKenzie Lake BV @ McKenzie Lake WY SE,50.9073838,-113.9878497
NB Promenade WY @ McKenzie Towne DR SE,50.9110725,-113.9566127
EB Tuscany BV @ Tuscany WY NW,51.1241628,-114.2451022
WB  Harvest Hills DR @ Harvest Lake DR NE,51.1461295,-114.0498726
EB Martin Crossing DR @ Martin Crossing PA NE,51.1177324,-113.9624469
SB Skyview Ranch WY @ S leg Skyview Springs GD NE,51.161442,-113.9660262
NB 44 ST SE @ 23 AV SE,51.0335436,-113.9698991
NB Deer Ridge DR @ Deer Point RD SE,50.9267141,-114.0246446
WB 17 AV SW @ 16 A ST SW,51.0379002,-114.1003842
WB Chaparral DR @ Chaparral ST SE,50.8871305,-114.0368106
SB Tuscany Valley VW @ Tuscany  Valley GA NW,51.1269299,-114.2438225
Dalhousie LRT Station EB,51.1034065,-114.1588462
SB Crowfoot Cl @ Crowfoot WY NW,51.1253994,-114.2074687
NB Evergreen ST @ 200 Shawnee GD SW,50.928507,-114.0947139
NB 12 ST NE @ 44 AVE NE,51.0922447,-114.0333085
EB Beddington DR @ Beddington RI NE,51.1288417,-114.0663134
SB Canterbury DR @ 116 AV SW,50.9454606,-114.0895843
WB 8 AV NE @ 19 ST NE,51.0596943,-114.0139807
WB Riverbend DR @ Riverbirch RD SE,50.9812288,-114.0223555
EB 90 AV SE @ 40 ST SE,50.9722132,-113.9752402
EB Dover Ridge DR @ 26 ST SE,51.0186778,-113.9982217
WB Country Village RD @ Coventry Hills WY NE,51.1628987,-114.0572638
SB 52 ST SE @ 72 AV SE,50.9889974,-113.9587364
SB McKenzie Towne DR @ Elgin WY SE,50.90622,-113.9686194
NB Elbow DR @ Hays DR SW,50.9715182,-114.0845071
WB Bowness RD @ Veteran's WY NW,51.0613286,-114.1436966
EB Skyview Ranch DR @ Skyview Ranch ST NE,51.1579561,-113.955012
EB Oakwood DR @ Oakmount WY SW,50.9721584,-114.1354263
NB 24 ST SW @ Oakmoor DR,50.9634696,-114.1176822
SB Evanston DR @ Evansborough GA NW,51.1792414,-114.1218268
EB Whitehorn DR @ 48 ST NE,51.0854932,-113.9637896
SB Hawkwood DR @ Hawkstone DR NW,51.1357531,-114.1819505
Mt Royal University W Gate EB,51.0147494,-114.1339788
SB 12 ST NE @ Centre AV NE,51.0520416,-114.033825
NB Lake Fraser Dr @ N. of Lake Fraser GA SE,50.942256,-114.0679302
NB Spruce DR @ 8 AV SW,51.0453642,-114.1353047
NB Nolan Hill Bv @ Nolancrest Ga NW,51.1741595,-114.1714323
WB Ogden RD @ 15A ST SE,51.018672,-114.0243481
NB Crowchild TR@ 5 AV NW,51.0576796,-114.1178166
SB 1 ST SW @ 13 AV SW ns,51.0406913,-114.0659578
NB 11 ST @ Heritage DR SE,50.9876579,-114.039587
EB Madigan DR @ 52 ST NE,51.0621145,-113.9571984
WB Evanston DR @ 24 ST NW,51.1798067,-114.1185245
EB Lake Sylvan DR @ Lake Michigan DR SE,50.9427497,-114.0308957
WB Tuscany BV @ Tuscany Springs BV NW,51.1256174,-114.238898
SB Russet RD @ Remington RD NE,51.061584,-114.0415794
EB Kincora Glen RD @ Kincora ST NW,51.1653902,-114.1427108
SB Macleod TR @  53 AV SW,51.0052257,-114.0702747
EB Hamptons BV @ Hamptons GV NW,51.1443099,-114.1546036
NB Hawkwood BV @ Hawksbrow RD NW,51.1253243,-114.1669058
SB 17 ST E @ Centre AV E,51.0520734,-114.0135436
EB 17 AV SW @ 37 ST SW,51.0377391,-114.1405403
EB 130 AV SE @ 50 ST SE,50.9315627,-113.9611348
WB 78 AV NE @ Huntwick WY,51.121305,-114.063847
EB 26 AV SW @ 31 ST SW,51.0299931,-114.1320452
WB Falconridge DR @ Falsbridge DR NE,51.099665,-113.9560176
SB Hamptons BV @ Hampshire CL NW,51.1395336,-114.1571851
WB 26 AV NE @ 50 ST NE,51.0763599,-113.961932
SB 52 ST NE @ Marbank DR,51.0612806,-113.9586805
SB Parkland BV @ Parkland WY SE,50.9254019,-114.0299801
SB 12 ST NE @ McKnight BV,51.0954099,-114.03362
WB 6 AV SW @ 2 ST SW,51.0476783,-114.0687081
EB North Haven DR @ 14 ST NW,51.092115,-114.0939928
SB Arbour Lake DR@ Arbour Crest DR NW,51.1381946,-114.199702
WB 17 AV SW @ 11 ST SW fs,51.0379043,-114.0897396
NB 41 ST SE @ 30 AV SE,51.0273035,-113.9741576
EB Legacy CI SE @ Legacy HT SE,50.8552753,-114.0150225
WB Alpine AV SW @ 37 ST SW,50.9160017,-114.1410139
Rundleside Drive Station (EB),51.0813846,-113.9693783
SB Northmount DR @ Thornhill DR NW,51.0987788,-114.0766322
University LRT Station (NB),51.0800183,-114.1245771
WB 40 AV NW @ Hudson RD,51.0887829,-114.0779628
WB Mahogany RD @ Mahogany BV SE,50.8947122,-113.9371405
SB 68 ST @ Applewood DR (N. Leg) SE,51.0453736,-113.935384
SB Inverness GA @ McKenzie Towne BV SE,50.9153945,-113.9651343
SB 39 ST NW @ 32 AV NW,51.0806736,-114.1451335
Castleridge Boulevard Station (NB),51.1003172,-113.9580577
WB Copperfield BV @ Copperfield CR SE,50.9088107,-113.9398909
SB Beddington BV @ Berkshire BV NW,51.1330227,-114.0885503
NB Home RD @ 20 AV NW,51.0787956,-114.1643388
WB 17 AV SW @ 45 ST SW,51.0378823,-114.1533998
NB Rundle CTrain Station,51.0751971,-113.9816125
WB Shawnessy BV @ Millrise DR SW,50.9141808,-114.0932405
NB Springborough BV @ 26 AV SW,51.030961,-114.1933506
NB 14 ST NW @ Chelsea ST,51.0820472,-114.0946098
WB 17 AV SE @ 47 ST SE,51.0379107,-113.9662613
WB Homestead BV NE @ 84 ST NE,51.1149608,-113.9125422
SB Hidden Valley Link NW @ Beddington TR NW,51.1532776,-114.1063897
SB Homestead DR NE @ Homestead AV NE,51.1247915,-113.9153669
Falshire Drive Station (SB),51.1065231,-113.9502701
SB Deer Run BV @ Canyon Meadows DR SE,50.9328387,-114.0101755
SB Saddlebrook DR @ Saddlebrook LI NE,51.1336113,-113.930881
NB 17A ST SW @ 21 AV SW,51.035325,-114.1028133
WB 12 AV NE @ 6 ST NE,51.0633441,-114.0489327
WB 50 AV SW @ 20 ST SW,51.0088125,-114.1098846
EB 26 AV NE @ 36 ST NE,51.0777556,-113.9807177
NB Panorama Hills BV @ Country Hills BV NW,51.1490767,-114.0740049
NB 52 ST SE @ McKenzie Terminal,50.9154449,-113.95709
WB Strathcona DR @ 69 ST SW,51.048059,-114.1884495
WB Oakfield DR @ W. of Cedarbrook BA SW,50.9541007,-114.1257145
NB Saddletowne CTrain Station,51.125549,-113.9482915
EB Cranston DR @ Cranston BV SE,50.8918701,-113.9844852
NB Penbrooke DR @ 4 AV SE,51.0495852,-113.9417374
NB Tuscany Ravine RD @ Tuscany Meadows DR NW,51.1150289,-114.2404913
NB Evanston VW @ Evanscreek CO NW,51.1673471,-114.121253
WB Cranston AV @ Cranston RD SE,50.8799573,-113.9794949
WB Shawville GA @ Shawville BV SE,50.8993915,-114.0639428
EB McIvor BV @ Copperstone GA SE,50.9144105,-113.9369862
SB Coral Springs BV @ Coral Shores DR NE,51.1037005,-113.9256632
SB Shawville LI @ Shawville WY SE,50.8993145,-114.0665336
SB Lake Bonavista DR @ Lake Louise WY SE,50.9435137,-114.0478897
NB 6 ST SW @ 7 AV SW,51.0467404,-114.0761447
SB Centre ST N @ Bergen RD N,51.1286142,-114.0715883
WB Morley TR @ 19 ST NW,51.0751358,-114.1067939
WB 6 AV SW @ 3 ST SW,51.0477429,-114.0707075
WB New Brighton DR @ BrightonCrest TC SE,50.9221173,-113.9428711
SB Edmonton TR @ 14 AV NE,51.0646835,-114.0563847
EB Coral Springs BV @ Coral Keys DR NE,51.1080439,-113.932462
EB Temple DR @ 64 ST NE,51.0925661,-113.9421716
SB Ranchlands BV @ Ranchview RD NW,51.1171927,-114.1851242
WB Castleridge DR @ Castleridge RD NE,51.1082357,-113.9528536
WB 6 AV SE @ 1 ST SE,51.0474857,-114.059973
EB Southport WY @ Southport RD SW,50.9577195,-114.073351
SB Bonaventure DR @ Willow Park DR SE,50.9573926,-114.0689281
EB New Brighton DR @ New Brighton GD SE,50.9158191,-113.9510621
SB 32 AV NE @ 36 AV NE,51.0842839,-114.0464283
EB Crowfoot WY @ Crowfoot CR NW,51.1252143,-114.2064193
WB Berkshire BV @ Berkshire RD NW,51.1355056,-114.0856776
NB Citadel DR @ Citadel BV NW,51.1450733,-114.1730888
EB 9 AV SE @ 12 ST SE,51.0410271,-114.0339968
WB Heritage DR @ Fraser RD SE,50.9798352,-114.0540318
NB Saddlemont BV @ Saddlemont CR NE,51.1272723,-113.9430203
WB Royal Oak WY @ Royal Oak CI NW,51.1503064,-114.2240525
SB 2 AV NW @ 6 ST NW,51.0580732,-114.0782707
SB Manhattan RD @ 42 AV SE,51.0154004,-114.0535338
WB 33 AV SW @ 14 ST SW,51.0240729,-114.0952289
NB 28 ST E @ Centre AV,51.0527751,-113.9932187
NB University CTrain Station,51.0802586,-114.12301
WB Saddlemont DR @ Saddleland CR NE,51.1297982,-113.9357086
Heritage LRT Station,50.9793526,-114.0746119
NB Seton WY @ Seton AV SE,50.8723861,-113.956252
SB Tuscany Springs BV @ Tuscarora CR NW,51.1286585,-114.2374158
SB East Hills SQ @ East Hills BV SE,51.0408226,-113.9111336
SB Barlow TR @ 66 AV SE,50.9938041,-113.9820826
WB 17 AV SW @ 39 ST SW,51.0378596,-114.1446216
WB Woodbine BV @ Woodbrook WY SW,50.9469363,-114.1350416
EB 44 AV NE @ Whiteram WY,51.092371,-113.9747516
EB Laguna WY @ San Diego MR NE,51.0928835,-113.9295808
NB Douglasdale BV @ Douglasbank DR SE,50.945125,-114.0048732
WB Symons Valley PY (128 Av NW) @ Shaganappi TR NW,51.1681436,-114.1523392
NB 29 ST NW @ 15 AV NW,51.0673016,-114.1290388
WB Cornerstone BV @ Cornerbrook GR NE,51.1581228,-113.9311259
SB Evanston VW @ Evansford RD NW,51.1665368,-114.1128342
WB Berkley DR @ W. of Bermondsey Cr NW,51.126499,-114.0956789
SB Beddington BV @ Berwick DR NW,51.131406,-114.0864791
SB Lake Fraser DR @ N. of Lake Fraser GA SE,50.9405353,-114.067825
NB Acadia DR @ Southland DR SE,50.9644731,-114.0482839
SB Seton WY @ Market ST SE,50.8792152,-113.9570395
EB 50 AV SW @ 20 ST SW,51.0086461,-114.1086118
SB Shaganappi TR @ Nolan Hill GA NW,51.1792931,-114.1599846
WB 27 AV NE @ 21 ST NE,51.076972,-114.0096979
SB 8 ST NE @ N. of 65 AV NE,51.1130865,-114.044691
EB Ogden RD @ 15A ST SE,51.0185574,-114.0230292
EB Harvest Hills DR @ Harvest Rose CI NE,51.1432146,-114.0568036
EB 8 AV SE @ Pensdale RD,51.0450429,-113.9543768
SB North Haven DR @ 48 AV NW,51.0982716,-114.0869353
EB Symons Valley PY @ Evanspark BV NW,51.1679339,-114.117325
SB 45 ST SW @ 29 AV SW,51.0284024,-114.152683
WB Beddington BV@ Centre ST N,51.1253014,-114.0721982
EB Panorama Hills DR @ Panorama Hills CI NW,51.1495189,-114.0834929
SB Chapala DR @ Chapala WY SE,50.8809802,-114.0294803
NB Hamptons DR @ Hamptons HT NW,51.1457669,-114.1398567
Crescent Heights High School,51.0609977,-114.0651529
NB Edmonton TR @ 25 AV NE,51.0755614,-114.0557939
9th Avenue SE Station (WB),51.0367043,-114.0213163
WB Mahogany BV @ Marquis GR SE,50.9032154,-113.9144766
SB 73 ST SW @ Old Banff Coach RD,51.0665629,-114.1937659
NB Royal Oak DR @ Royal Crest WY NW,51.1419066,-114.2157775
NB Centre ST N @ 25 AV N,51.0755218,-114.0624358
NB 1 ST SW @ 8 AV SW,51.0452661,-114.0654217
NB Macleod TR @ 61 AV SW,50.9981804,-114.0712605
EB Springbank BV @ Springbank PL SW,51.018956,-114.2017196
SB Macleod TR @ 31 AV SW,51.0255469,-114.0592513
WB 72 AV NE @ Huntridge GA,51.1184361,-114.0670874
SB Wolf Willow  Blvd SE @ 194 AV SE,50.8771254,-114.0040045
SB Somerset - Bridlewood CTrain Station,50.8987369,-114.0689595
EB Canyon Meadows DR @ Bonaventure DR SE,50.9301413,-114.0620597
NB Macleod TR @ 94 AV SE,50.9691376,-114.0713366
WB Richardson WY @ Bishop WY SW,51.0151354,-114.1295545
EB Harvest Hills DR @ Harvest Oak WY NE,51.1518638,-114.0579019
WB Oakmoor DR @ Oakmoor CR SW,50.9632151,-114.1265475
Dalhousie LRT Station NB,51.1038721,-114.1580176
NB Nose Hill DR @ Ranchlands BV NW,51.1246849,-114.1974608
WB 17 AV SW @ 47 ST SW,51.0379079,-114.1562944
WB 114 AV SE (WBay) @ 29 ST SE,50.9522406,-113.9972254
NB Douglasdale BV @ Douglas Ridge GR SE,50.9372106,-113.9815368
EB Harvest Hills DR @ Harvest Hills GA NE,51.1511216,-114.0475189
NB Taradale DR @ Taralake WY NE,51.1192698,-113.9269872
EB Marbank DR @ Marlyn WY NE,51.0632326,-113.9763531
NB Harvest Hills BV @ Country Village WY NE,51.157826,-114.0698823
EB Arbour Lake WY @ Arbour Ridge WY NW,51.137663,-114.185996
NB Macleod TR @ 12 AV SE,51.0414347,-114.0582875
EB Mckenzie Towne LI @ Promenade WY SE,50.9125479,-113.9584501
NB Symons Valley RD @ S. of Kincora BV NW,51.1602475,-114.1236979
EB Temple DR @ Templegreen DR NE,51.0925663,-113.9449284
SB Edmonton TR @ 6 AV NE,51.0577372,-114.0544405
Shawnessy Station,50.91061,-114.0700558
SB Chaparral BV @ Chapala WY SE,50.8814467,-114.0248437
NB Silver Ridge DR @ Silver Mead RD NW,51.1067835,-114.1977443
NB Shawnee GA @ James McKevitt  RD SW,50.9219295,-114.0748674
NB Rocky Ridge RD @ Royal Oak DR NW,51.1390184,-114.2340348
SB Sage Hill DR @ Sage Hill WY NW,51.1784813,-114.1413658
SB Woodbine BV @ Woodmark CR SW,50.9457878,-114.126014
SB Sunpark DR @ Sunpark PZ SE Sleg,50.9008191,-114.0553465
WB Citadel DR @ Citadel PA NW,51.1402593,-114.1737548
WB Queensland PL @ Queensland DR SE,50.9396166,-114.0258421
NB 25 ST SE @ 14 AV SE,51.0408024,-114.0002009
NB 68 ST NE @ 4 AV SE,51.0559484,-113.9348752
WB 75 AV @ 4A ST SW,50.9861506,-114.0745277
WB Country Hills BV @ 60 ST NE,51.1545349,-113.9485836
WB New Brighton DR @  New Brighton PA SE,50.9164748,-113.9459363
NB Brisebois DR @ Northmount DR NW,51.0933457,-114.1284821
EB 26 AV SW @ 25 ST SW,51.0299571,-114.1203509
NB Springbluff BV @ Springbluff LN SW,51.0225176,-114.1990806
NB Acadia DR @  Lake Bonavista DR SE,50.9423453,-114.04402
WB Martindale BV @ Martha's WY NE,51.1226848,-113.9616072
NB Sheriff King ST @ Yorkville AV SW,50.8748475,-114.070633
WB Bridlewood AV @ Bridlewood CO SW,50.8971849,-114.1040612
EB Hidden Valley DR @ Hidden CI NW,51.1470173,-114.1119539
26th Street SE Station (EB),51.0374393,-113.9940125
EB Kincora DR @ Kincora BA NW,51.1546319,-114.129797
WB Varsity Estates DR @ Varsity Estates PL NW,51.1046448,-114.1687283
NB Macleod TR @ 42 AV SE,51.0164964,-114.063974
Dalhousie LRT Station NB,51.1041668,-114.1582995
WB Symons Valley Py (128 Av NW) @ Kincora Ga NW,51.1681963,-114.1479695
EB Edgebrook DR @ Edgebrook LD NW,51.1367063,-114.1312955
Woodview Station (SB),50.9403892,-114.1182151
EB Northmount DR @ 4 ST NW,51.102588,-114.0717772
NB Laguna WY @ 43 AV NE,51.0920706,-113.9332199
EB Panatella BV @ Panamount ST NW,51.1632125,-114.087607
SB Tararidge DR @ Taradale DR NE,51.1134828,-113.9405757
WB Cranston DR @ Cranberry LN SE,50.8837602,-113.9745577
NBLake Bonavista DR @ E. of Lake Crimson DR SE,50.9340658,-114.0353496
EB Silverado WY @ Silverado CM SW nearside,50.8811551,-114.0730795
SB Cornerstone BV @ Cornerstone AV NE,51.160785,-113.9248509
NB Royal Oak DR @ Royal Birch RD NW,51.1439993,-114.2148936
SB Bridleridge WY @ Bridleridge HT SW,50.9028929,-114.1104353
SB Panatella BV @ Panatella GD NW,51.1652846,-114.0823263
NB 89 ST @ 9 AV SW,51.0599254,-114.2166063
SB Ogden RD @ 78 AV SE,50.9828434,-113.9989962
WB Westbrook CTrain Station,51.0405535,-114.1366103
NB Macleod TR @ 58 AV SW,51.0010434,-114.0713652
NB Pensacola WY @ Pennsburg DR SE,51.0415325,-113.9509431
SB 8 ST SW @ 11 AV SW,51.042471,-114.0816643
EB 9 AV SE @ 15 ST SE,51.0373392,-114.0244499
EB Citadel WY @ Citadel Mesa CL NW,51.1473039,-114.1902414
EB Canyon Meadows DR @ Deer Ridge DR SE,50.9317382,-114.0262454
WB 42 AV SE @ E. of 1 ST SE,51.0160619,-114.0605077
NB Elbow DR @ Southampton DR SW,50.9611332,-114.0846733
NB 24 ST SE @ Quarry Park BV,50.9637932,-114.0015025
WB Coventry Hills WY @ Covepark DR NE,51.164648,-114.0522955
EB Ranchview DR @ Ranchview RD NW,51.1203917,-114.1835004
SB Strathcona DR @ Strathcona HL SW,51.0495554,-114.1684807
WB Sunmills DR @ Sunwood GA SE,50.8977532,-114.0311291
SB Edmonton TR @ 10 AV NE,51.0611966,-114.0554355
NB 52 ST SE @ 14 AV SE,51.0415962,-113.9582157
EB 46 AV SW @ 43 ST SW,51.0124254,-114.1478019
EB 17 AV SE @ 52 ST SE,51.0377972,-113.9577513
SB 11 ST NE @ N. of Aero RD,51.1077905,-114.036599
NB 36 ST @ 104 AV NE,51.1476511,-113.9814881
SB Tuscany Glen RD @ Tuscany DR NW,51.1180397,-114.2493966
NB Manning RD @ N. of Centre AV E,51.0541011,-114.0175662
EB Lake Sylvan DR @ Acadia DR SE,50.9433722,-114.0423032
WB Cedarille DR @ Oakfield DR SW,50.959812,-114.1330101
Crowfoot LRT Station,51.1237999,-114.2078339
NB Macleod TR @ 17 AV SE,51.0383554,-114.0585255
EB Country Hills BV @ Hamptons BV NW,51.1386608,-114.1490462
EB Old Banff Coach RD @ 77 ST SW,51.0668978,-114.1986478
WB Sandstone DR@ Sanderling HL NW,51.139608,-114.0936548
WB Silver Springs RD @ S Silver Valley DR NW,51.1091615,-114.2069021
WB Harvest Hills DR @ Harvest Park GA NE,51.1433949,-114.058069
SB 10 ST NW @ 18 AV NW,51.0683696,-114.0850041
EB Southland DR @ E. of 14 ST SW,50.9622191,-114.0909208
NB Centre ST N @ 32 AV N,51.0818886,-114.062375
NB Edmonton TR @ 2 AV NE,51.0549209,-114.0512669
EB Shawnessy BV @ James McKevitt RD SW,50.9139226,-114.0993806
EB 16 AV NE @ 1 ST NE,51.0668119,-114.0594616
WB Hidden Valley DR @ Hidden Ranch BV NW,51.1468323,-114.1195131
WB Applewood DR @ Applestone PA SE,51.042312,-113.9271493
EB Symons Valley PY @ Nolan Hill RI NW,51.1678784,-114.1552269
WB 26 AV NE @ 66 ST NE,51.076221,-113.9386951
WB 14 AV SE @ 47 ST SE,51.0409974,-113.9663163
EB 58 AV SE @ Burbank RD,51.0014406,-114.043941
EB 50 AV SE @ Barlow TR SE,51.0085239,-114.0007313
NB 14 ST NW @ Cambrian DR,51.0837715,-114.0945017
EB Morley TR @ 26 AV NW,51.0765472,-114.1100327
SB 27 ST SE @ 107 AV SE,50.9563864,-113.9975746
SB 85 ST SW @ Aspenshire DR,51.0484834,-114.2111039
NB Nolan Hill Dr @ Symons Valley PY NW,51.1689007,-114.1604275
Rundleside Drive Station (WB),51.081616,-113.9702185
26th Avenue SW Station (SB),51.0297446,-114.1413179
EB 25 AV SW @ 1 ST SW,51.030387,-114.0660769
WB Redstone DR @ Redstone BV NE,51.1684709,-113.9520327
EB Shawville WY @ W. of Shawville LI SE,50.8999113,-114.0688047
NB 8 ST SW @ 7 AV SW,51.0467139,-114.0810907
NB Elbow DR @ Canterbury CO SW,50.9419313,-114.0854909
EB 54 AV SW @ Lissington DR,51.0049464,-114.1143164
WB Canada Olympic DR @ W. of Canada Olympic RD SW,51.0838664,-114.2214421
NB McKenzie Lake WY @ 1000McKenzie Lake BA SE,50.9135369,-113.9777766
NB Old Banff Coach RD @ Coach Hill RD SW,51.0569454,-114.1776206
NB Brentwood RD @ Brentwood Co-Op,51.0875208,-114.1314153
WB Country Hills DR @ Country Hills CR NW,51.1465948,-114.0690768
EB Barlow - Max Bell CTrain Station,51.0454158,-114.0066791
NB 28 ST NE @ 10 AV NE,51.0607802,-113.9931993
WB 6 AV SW @ 6 ST SW,51.0478884,-114.0756157
Whitehorn LRT Station (SB 36 ST NE @ 37 AV NE),51.0865798,-113.9821136
WB Kincora DR @ Kincora HT NW,51.155916,-114.1361264
EB 28 AV NE @ 56 ST NE,51.0775284,-113.9494753
SB 19 ST NE @ 39 AV NE,51.0878986,-114.0117206
SB 12 ST SE @ 42 AV SE,51.0156024,-114.034156
SB 57 ST SE @ 61 AV SE,50.9986034,-113.9470261
EB New Brighton GA @ 52 ST SE,50.9181474,-113.9572423
WB Arbour Lake RD @ Watergrove PARK,51.1288371,-114.2142483
4th Street NW Station (WB),51.0670733,-114.072877
NB 52 ST NE @ Temple DR N leg,51.0918969,-113.9582278
NB 19 ST NW @ 20 AV NW,51.0709658,-114.1062118
SB Centre ST N @ 25 AV N,51.074835,-114.062665
NB 14 ST NW @ 2 AV NW,51.0548556,-114.0946006
EB Harvest Hills DR @ Harvest Hills LI NE,51.1434846,-114.0538479
SB Redstone GV @ Redstone VI NE,51.1697952,-113.9659755
SB Dalhousie DR @ 66 AV NW,51.1119895,-114.1674504
SB Elbow DR @ Sabrina RD SW,50.9566589,-114.0848823
WB Shawinigan DR @ Shawglen RI SW,50.9050375,-114.0773695
64th Avenue N Station (SB),51.1098331,-114.0626313
EB Mountain Park DR @ Mount Kidd RD SE,50.9027831,-113.9939651
EB 26 AV SE @ 28 ST SE,51.0304629,-113.9912975
Rockyview Hospital (NB),50.9877793,-114.095986
SB 85 ST NW @ 46 AV NW,51.0937458,-114.2110882
WB 32 AV NW @ 33 ST NW,51.0816541,-114.1347758
WB Sage Valley BV @ Sage Hill VW NW,51.1760352,-114.1461677
SB Millrise DR @ Millview RD SW,50.9169933,-114.0925429
WB 20 AV NW @ 16 ST NW,51.0706018,-114.1002383
EB Temple DR @ 60 ST NE,51.0848565,-113.9462651
SB Tuscany Ravine RD @ Tuscany Meadows DR NW,51.1142394,-114.2406527
NB Scenic Acres BV @ Scenic Park GA NW,51.1177049,-114.2177765
SB Auburn Bay BV @ Auburn Bay GD SE,50.8908917,-113.9679088
NB Douglasdale BV @ Douglas Woods RD SE,50.9391239,-113.9835198
EB Richmond RD @ 32 ST SW,51.0246676,-114.1334866
NB Auburn Bay BV @ Auburn Sound VW SE,50.8850638,-113.9633857
NB Queensland DR @ Queen Anne WY SE,50.9372681,-114.0173508
NB 64 AV NW @ Norfolk DR NW,51.1107307,-114.0776208
NB North Haven DR @ Nesbitt RD NW,51.1013029,-114.0847732
EB 52 AV NW @ Benton DR,51.1008992,-114.1368282
SB 24 ST SW @ Woodglen RI,50.9456409,-114.1182347
WB Canyon Meadows DR @ Queensland DR SE (E. leg),50.9320089,-114.0181715
NB Canyon Meadows CTrain Station,50.9364175,-114.0696928
EB Seton BV @ E. of Auburn Bay LI SE,50.8832236,-113.9525663
WB Dalhart RD @ Dalton DR NW,51.1074646,-114.1467239
NB Erin Woods DR @ Erin Park DR SE,51.0228982,-113.9673134
Quarry Park Station (NB),50.9640086,-114.0121803
EB Memorial DR @ 39 ST SE,51.0524998,-113.9759396
NB 37 ST SW @ 13 AV SW,51.0417535,-114.1410206
SB 12 ST NE @ 36 AV NE,51.0849602,-114.030176
WB Legacy Main ST SE @ Legacy GA SE,50.8609513,-114.0181192
SB Deer Ridge DR @ Deermont WY SE,50.9291428,-114.0161914
NB  Redstone GV @  Redstone PZ NE,51.1718557,-113.9652063
SB Deer Ridge DR @ S. of Canyon Meadows DR SE,50.9306331,-114.027355
Beddington Towne Centre Station (SB),51.1263849,-114.0716436
WB 25 AV SW @ 1 ST SW,51.0305073,-114.066212
NB 44 ST SE @ 75 AV SE,50.987753,-113.9700338
EB Richmond RD @ 50 ST SW,51.0179562,-114.1591986
WB Chaparral DR @ Chaparral MR SE,50.8873352,-114.039912
WB Oakfield DR @ 26 ST SW,50.9541328,-114.1215399
Whitehorn LRT Station,51.08694,-113.9824072
WB 116 AV SE @ 42 ST SE,50.9472195,-113.9753889
NB 1 ST SW @ 6 AV SW,51.0477965,-114.065176
NB 10 ST NW @ 18 AV NW,51.0691718,-114.0847095
SB Hidden Valley DR @ Hidden Valley DR NW,51.1490051,-114.1297716
WB Riverglen DR @ Rivercrest DR SE,50.9761988,-114.0131314
NB 21 ST @ River Rock CI SE,50.9713952,-114.0089094
SB 44 ST SE @ 23 AV SE,51.0329651,-113.9701366
NB 4 ST NW @ 22 AV NW,51.0727079,-114.0714519
SB Edgebrook BV @ Country Hills BV NW,51.139804,-114.1318039
SB Tuscany WY @ Tuscany DR NW,51.1287383,-114.2501072
WB Rundlehorn DR @ 56 ST NE,51.0716388,-113.9533466
NB Saddletowne CI @ 80 AV NE,51.1257411,-113.9442822
WB 144 Av NE @ 1 St NE,51.1834776,-114.0697175
WB 1 AV NE @ Edmonton TR,51.0533424,-114.0496689
SB 1 ST SE @ 7 AV SE,51.0467547,-114.0605901
NB 32 ST NE @ 23 AV NE,51.0743598,-113.9885491
NB 24 ST SE @ 86 AV SE,50.9774225,-113.9987333
52nd Street SE Station (EB),51.0378076,-113.9575638
EB 16 AV NW @ 10 ST NW,51.0667609,-114.083976
NB Barlow TR @ 66 AV SE,50.9944086,-113.9817027
EB 90 AV SW @ 19 ST SW,50.9721459,-114.1057519
WB Hidden Valley DR @ Hidden Valley LD NW,51.147103,-114.1133471
SB Auburn Bay AV @ Auburn Sound MR SE,50.8939558,-113.9591475
Valley Ridge East Terminal,51.0929507,-114.2366789
NB Russet RD @ 8 AV NE,51.0600317,-114.040665
SB Midpark BV @ Midlake BV SE,50.9143152,-114.0614066
EB 26 AV NE @ 50 ST NE,51.0761956,-113.9608005
WB Coach Hill RD @ Coach Bluff CR SW,51.0560218,-114.1859403
SB Braeside DR @ 104 AV SW,50.9592354,-114.1034641
SB 14 ST SW @ 14 AV SW,51.0400838,-114.094869
WB 3 AV NW @ 32 ST NW,51.056904,-114.1345493
WB Hawksbrow DR @ Hawkridge PL NW,51.1255503,-114.1706654
EB Shawville GA @ 6 ST SW,50.8978538,-114.0714046
SB Walden GA @ 194 AV SE,50.8761202,-114.0363764
WB 64 AV NE @ 68 ST NE,51.1107993,-113.936139
WB Taradale DR @ Taravista ST NE,51.1141724,-113.9346281
NB Nolan Hill Dr @ Nolanfield Rd NW,51.1725833,-114.1604329
WB Memorial DR @ 47 ST NE,51.0529996,-113.964347
SB Cougar Ridge DR @ Cougarstone GA SW,51.0721274,-114.2195844
NB Westwinds DR @ N.OF 54 AV NE,51.1053783,-113.9758164
NB Nolan Hill Dr @ Nolanfield Ln NW,51.1745633,-114.1610409
WB Richmond RD @ Kerrydale RD SW,51.0232834,-114.1386635
NB Shawville BV @ 162 AV SE,50.9047045,-114.0662515
EB Bowfort RD @ 83 ST NW,51.0858709,-114.213573
EB Southland DR @ Macleod TR SE,50.9649075,-114.0701641
EB 12 AV SW @ 10 ST SW,51.0419968,-114.0860887
EB Fish Creek BV @ Everstone DR SW,50.9175125,-114.1051038
SB 4 ST NW @ 19 AV NW,51.0692863,-114.071668
NB Cranston DR @ Cranberry LN SE,50.8837763,-113.9741713
WB Nolan Hill BV @ Nolanshire CR NW,51.173246,-114.1647247
NB 19 ST SE @ Crestwood RD,50.9956902,-114.0134471
NBTuscany Springs BV @  Tusslewood VW NW,51.1360192,-114.2477687
NB 42 ST SE @ 110 AV SE,50.9566484,-113.9738676
WB University WY @ Craigie Hall,51.0764843,-114.1270637
EB Silvergrove DR @ 78 ST NW,51.1165321,-114.199555
EB Country Hills BV @ Barlow TR NE,51.1541323,-113.999946
EB 46 AV SW @ 50 ST SW,51.0123376,-114.1589576
SB Berkley DR @ Berkshire BV NW,51.1315142,-114.0998672
SB 57 ST SE @ 68 AV SE,50.9937635,-113.9470048
WB Midridge DR @ Midcrest CR SE,50.9192933,-114.0619181
NB Crowchild TR @ 63 AV SW,50.9974405,-114.11779
NB SarceeTR NW @ Beacon Hill SC,51.1581444,-114.1620338
Chinook LRT Station NB,50.9972545,-114.0673419
NB 52 ST SE @ Copperfield GA,50.9108007,-113.9493756
EB Auburn Bay DR @ Auburn Glen GR SE,50.8978276,-113.952985
WB Maryvale DR @ 50 ST NE,51.0565176,-113.9636886
NB Sunmills DR @ Sun Harbour CR SE,50.8989186,-114.0277976
EB Arbour Lake WY @ Arbour Estates WY NW,51.1327834,-114.1960983
EB Belmont BV @ Sheriff King ST,50.8703303,-114.0693484
NB West Campus BV NW @ S. of 24 AV NW,51.0720095,-114.147139
WB Beddington BV @ Bedridge WY NE,51.1252843,-114.0672108
NB 31 ST NW@ 34 AV NW,51.0849008,-114.1292625
WB 64 AV NW @ Centre ST N,51.110784,-114.0639613
SB Castleridge BV @ Westwinds CR NE,51.1069298,-113.9690424
NB 36 ST NE @ 32 AV NE,51.0821007,-113.9814342
NB 77 ST NW @ Bowness RD,51.0893063,-114.1992156
SB Barlow TR @ Freeport BV NE,51.149993,-114.001988
EB Tuscany DR @ Tuscany Ridge CL NW,51.1188733,-114.2507619
WB Sage Hill Ga @ 37 St NW,51.1709803,-114.1423794
EB Evanston RD @ Evansridge DR NW,51.1735798,-114.1207559
WB 54 AV NW @ Silverdale DR,51.1015199,-114.1875626
EB 90 AV SE @ Bonaventure DR SE,50.9721955,-114.0680954
NB 52 ST SE @ 52 AV SE,51.0069468,-113.9582033
SB 19 ST NE @ Matheson DR,51.0553744,-114.0103768
SB Russet RD @ Regal CR NE,51.0629707,-114.0427042
NB Auburn Bay BV @ Auburn Sound GR SE,50.8876012,-113.9656951
WB Belmont BV @ Belmont ST SW,50.8705235,-114.0622968
SB 14 ST SW @ 24 AV SW,51.0316811,-114.09481
WB 20 AV NW @ 15 ST NW,51.0706062,-114.0978824
WB Wentworth DR @ 700 Wentworth PL SW,51.0543818,-114.2060484
SB 16 ST SW @ 48 AV SW,51.0102287,-114.1006143
WB Sunridge BV @ 32 ST NE,51.075893,-113.9894062
NB 19 ST SE @ Century PL,51.0479181,-114.0082886
EB 17 AV SW @ 33 ST SW,51.0377438,-114.1348619
SB Harvest Hills DR @ Harvest Oak GA NE,51.1465957,-114.0606267
NB 44 ST SE @ 11 AV SE,51.0435907,-113.9698852
SB Franklin CTrain Station,51.0471403,-113.9948111
WB James McKevitt RD @ Evergreen ST SW,50.9214754,-114.0955365
EB 58 AV SE @ 4 ST SE,51.0013156,-114.0532293
NB Heritage DR @ 79th AV SE,50.9833187,-114.0483278
SB Copperfield BV @ Copperfield MR SE,50.9102545,-113.9380062
SB Patina DR @ Village Mews SW,51.0587782,-114.1652773
SB 16 ST NE @ 104 AV NE,51.146398,-114.0202139
EB Richmond RD @ Sierra Morena BV SW,51.0160187,-114.1753593
32nd Avenue NE Station (SB),51.0822011,-113.9586387
SB Evergreen DR @ Evergreen CV SW,50.9248969,-114.1029089
EB Chaparral DR @ Chaparral GV SE,50.8826333,-114.041433
SB Arbour Ridge WY @ Arbour Ridge HT NW,51.139655,-114.1912208
NB Hidden Creek BV @ N. of  Hidden Creek RD NW,51.1577085,-114.101385
NB 36 ST NE @ Marbank DR,51.0629946,-113.9814076
SB 28 ST SE @ Doverthorn RD,51.0202301,-113.9916452
WB Kincora Glen RD @ Kincora Glen PA NW,51.16591,-114.1431865
EB Martindale BV @ Martha's WY NE,51.1226225,-113.9609396
SB 24 ST SE @ 85 AV SE,50.9753667,-114.0008862
EB Ranchview DR @ Ranchview CR NW,51.1143058,-114.1791693
WB 26 AV SW @ Crowchild TR,51.0302138,-114.1187231
SB Cedarille DR @ Cedarwood HL SW,50.9553967,-114.1363524
EB Silver Ridge DR @ Silver Crest DR NW,51.1033721,-114.1938933
EB 8 Street SW Station (Free Fare Zone),51.0469224,-114.0799674
SB Regal CR @ Radford RD NE,51.0609256,-114.0372536
EB Panatella BV @ Panora GA NW,51.1680649,-114.094064
SB Woodpark BV @ Woodview DR SW,50.9410717,-114.1091496
NB Hawkwood DR @ Hawkside RD NW,51.1290273,-114.1835323
EB Panatella BV @ Panamount BV NW,51.1628342,-114.0922801
NB Taradale RD @ Taralake VIEW NE,51.1232827,-113.9307943
NB Skyview Ranch BV @ Skyview Ranch AV NE,51.1613778,-113.950804
SB Bonaventure DR @ 86 AV SE,50.9755653,-114.0686809
SB 50 ST SW @ 50 AV SW,51.0093164,-114.1598509
SB Bellevue AV @ 17 AV SE,51.0380982,-114.0447743
NB Coventry DR @ Covington CL NE,51.1619794,-114.0427955
NB University BV NW @ Pathway,51.0694135,-114.1454071
SB Hamptons DR @ Hampstead RD NW,51.1413761,-114.13253
WB 26 AV SE @ 43 ST SE,51.0305815,-113.9718755
EB Rivervalley DR @ Riverview PA SE,50.9727554,-114.0191794
EB Cranston AV @ Cranarch RD SE,50.8789356,-113.9749571
WB Sage Hill BV @ E. of  Shaganappi Tr NW,51.1705278,-114.1510376
NB Ranchview DR @ Ranchview ME NW,51.1186567,-114.1760888
NB Martindale GA @ 64 AV NE,51.1111906,-113.9651196
EB 40 AV NW @ 9 ST NW,51.0887165,-114.0792666
NB Edgedale DR @ Edgehill DR NW,51.1229542,-114.1570889
SB 11 ST @ Country Hills BV NE,51.1534638,-114.0323189
SB 69 ST SW @ Springbank GA,51.0204524,-114.1891226
EB Fish Creek BV @ 100M W. of 24 ST SW,50.9212203,-114.1178947
SB Fairmount DR @ Fredson DR SE,50.9819421,-114.0600713
NB Spruce DR @ 3 AV SW,51.0506417,-114.135935
EB Savanna DR NE @ Savanna GD NE,51.1365308,-113.9629224
EB Strathcona DR @ Strathlea PL SW,51.0515348,-114.203223
SB Auburn Bay BV @ Autumn GA SE,50.8968568,-113.9647773
EB Morley TR @ 22 ST NW,51.0777419,-114.1125141
EB Arbour Lake RD @ Crowfoot RI NW,51.1268152,-114.2101819
SB Symons Valley RD @ Kincora BV NW,51.1606743,-114.1249587
NB Ogden RD @ 69 AV SE,50.9907574,-114.0015568
EB 44 AV NE @ Whiteridge WY,51.0924054,-113.968793
SB Beddington BV @ Bedford DR NE,51.1260026,-114.0560732
NB 4 ST SW@ 7 AV SW,51.0463503,-114.0713462
EB 34 AV SE @ 26A ST SE,51.0231038,-113.9950946
WB 44 AV NE @ 52 ST NE,51.0914926,-113.9592828
SB Penbrooke DR @ 5 AV SE,51.0479719,-113.9419579
SB Chaparral DR @ Chapalina TC SE,50.8792311,-114.0374543
EB Rundlehorn DR @ 36 ST NE,51.0713895,-113.9804613
SB West Creek DR @ Lavender Link,51.0287901,-113.8407233
NB Walden DR @ acr nleg of Walden CR SE,50.8733143,-114.037534
WB 144 Av @ Lucas Way NW,51.1835515,-114.0802534
EB Northmount DR @ Boulton RD NW,51.0959573,-114.1399763
SB Silverado BV @ Silverado Ranch WY SW,50.8851181,-114.0872627
EB Cornerstone AV @ Cornerbrook ST NE,51.1611335,-113.9321219
SB 14 ST @ 110 AV NE,51.152204,-114.0282965
SB Woodpark BV @ Anderson RD SW,50.9498524,-114.1092168
WB Discovery Ridge BV @ Discovery Ridge GD SW,51.0159488,-114.2197438
EB 39 AV NE @ 34 ST NE,51.0886742,-113.984848
EB 5 AV SW @ 1 ST SW,51.0483414,-114.0657409
SB 19 ST @ Collingwood DR NW,51.0799171,-114.106564
WB 106 AV SE @ 52 ST SE,50.9578714,-113.9603575
SB Centre ST N @ Tache AV N,51.1075255,-114.0625462
Oakridge Station (EB),50.9612059,-114.1169293
SB Panorama Hills WY NW @ Panorama Hills CR NW,51.1526288,-114.0700959
WB Falshire DR @ Falton DR NE,51.1064121,-113.9415859
WB Douglas Woods DR @ Douglas Woods TC SE,50.9461023,-113.9970502
NB Bonaventure DR @ S. of Fairmount DR SE,50.9527829,-114.0601755
SB Chaparral DR @ Chapalina GA SE,50.8813794,-114.0391664
EB Lake Sylvan DR @ Lake Wapta RI SE,50.9426764,-114.0354422
WB Masters AV @ Masters VI SE,50.8926332,-113.9212794
EB Westwinds DR @ 47 ST NE,51.1000434,-113.9655473
SB Cougar Ridge DR @ Cougarstone CO SW,51.0694962,-114.217872
EB McKenzie DR @ McKenna CR SE,50.9014882,-113.9870071
SB 31 ST NW @ S. of Brentwood Station,51.0839464,-114.1294815
NB 4A ST @ 69 AV SW,50.9916194,-114.0737304
NB Madigan DR @ 8 AV NE,51.0598873,-113.9403287
WB 8 AV NE @ Remington RD,51.0596897,-114.0434987
SB Aero DR NE @ Bldg 21,51.1161504,-114.0299087
WB Heritage DR @ Fairview DR SE,50.9796581,-114.0643905
WB 80 AV NE @ Saddlebrook DR NE,51.1252969,-113.9311782
EB Signal Hill Centre @ Sierra Morena BV SW,51.0179621,-114.1753837
NB Tuscany Springs BV @ Tuscarora CL NW,51.1271484,-114.2382206
EB 26 AV SW@ 29 ST SW,51.0299966,-114.1288926
SB Scurfield DR @ Scenic GD NW,51.1206605,-114.2112104
SB 4 ST SW@ 12 AV SW,51.0409544,-114.0716026
EB 64 AV NE @ Hunterhorn RD,51.110485,-114.0531591
EB 90 AV SW @ Oakside GA,50.9736124,-114.125421
SB Country Hills DR @ Country Hills GV NW,51.1475214,-114.0665727
EB Spruce DR @ 40 ST SW,51.0522076,-114.1447862
EB Kincora DR @ Kincora HT NW,51.1552755,-114.1351349
WBLake Bonavista DR @ Lake Linnet CR SE,50.9462572,-114.0518023
WB Heritage DR @ 10 ST SW,50.979647,-114.0887282
SB Sierra Morena BV @ S Morena CL SW,51.0145301,-114.1762911
WB Shannon AV @ Shannon CM SW,50.909637,-114.0951357
WB Madigan DR @ Manora HL NE,51.0630477,-113.9498713
SB Citadel DR @ Citadel BV NW,51.1442129,-114.1732129
WB 66 AV SW @ Legare DR,50.9946536,-114.1269709
NB Shawville BV @ Shawville RD SE,50.9023761,-114.0648758
SB Saddlebrook DR NE @ Saddlelake DR NE,51.131907,-113.9297604
NB Nose Hill DR @ Hawkwood RD NW,51.130511,-114.191217
SB Bannister RD @ 146 AV SE,50.9209398,-114.0694421
EB 58 AV SE @ 3 ST SE,51.0013177,-114.0565222
NB 53 ST NW @ S. of Varsity DR,51.0928287,-114.1643941
WB Seton DR @ Main ST SE,50.8770129,-113.9507282
WB Radcliffe DR @ 28 ST SE,51.0469525,-113.9890939
NB Centre ST N @ 72 AV N,51.1186755,-114.0698162
Westbrook LRT Station,51.0403462,-114.1356058
WB Heritage DR @ Glendeer CI SE,50.9872057,-114.0358407
EB Old Banff Coach RD @ 73 St SW,51.0667466,-114.1924272
SB 4 ST SW @ 14 AV SW,51.0394859,-114.071651
NB 83 ST NW @ 33 AV NW,51.0892964,-114.209328
SB Saddlecrest BV @ Saddlecrest PL NE,51.1351819,-113.9427578
WB Northmount DR @ Clarendon RD NW,51.0854127,-114.1011824
EB Nose Hill Dr @ Crimson Ridge GA NW,51.1077749,-114.2644042
SB University DR @ 13 AV NW,51.0637885,-114.1193355
NB Inverness GA @ Promenade WY SE,50.9141145,-113.9650327
WB Aero DR @ 19 ST NE,51.1376343,-114.0142574
EB Lake Bonavista DR @ Lake Moraine PL SE,50.941091,-114.0613122
EB Coventry Hills WY @ Coventry Hills BV NE,51.1634003,-114.0556082
Saddletowne Circle Station (NB),51.1208526,-113.9465674
NB Heritage CTrain Station,50.9793145,-114.0736311
69 Street West LRT Station,51.0374037,-114.1865027
EB Hamptons DR @ Hampstead RI NW,51.1446262,-114.1362151
EB 17 AV SW @ 85 ST SW,51.037821,-114.2104977
WB 17 AV SW @ Richmond RD,51.0379196,-114.1124568
EB 1 AV NW @ 21 ST NW,51.0534093,-114.1110647
WB 26 AV SW@ 29 ST SW,51.0301448,-114.1301672
WB Erin Woods DR @ 52 ST SE,51.019151,-113.9595005
EB Manhattan RD @ Manitou RD SE,51.0111646,-114.0509635
WB 78 AV NE @ Huntington  ST,51.1210651,-114.0546722
SB  Edenwold DR @ Edgemont BV NW,51.1266995,-114.1388056
WB Somerset DR @ Somerset CR SW,50.8970848,-114.0863165
NB @ Sandstone Terminal,51.1343696,-114.0891803
NB 52 ST SE @ New Brighton DR,50.9262563,-113.957887
EB Applewood DR @ Appleridge GR SE,51.0492491,-113.9275603
EB 37 AV NE @ Temple DR NE,51.0864475,-113.9386622
EB 5 AV SW @ 9 ST SW,51.0489207,-114.0838416
WB 28 AV NE @ Pineland RD,51.0780778,-113.9450268
SB 68 ST NE @ Laguna WY,51.0841123,-113.9353675
WB Shawnessy BV @ Millrise BV SW,50.9130867,-114.0748018
WB Zoo CTrain Station,51.0474144,-114.0255447
EB 5 AV SW @ 6 ST SW,51.0486854,-114.0755084
SB 8 ST SE @ 17 AV SE,51.0375637,-114.0414271
EB Panatella GA @ Harvest Hills BV NW,51.1670777,-114.0699394
WB Sirocco CTrain Station,51.0381583,-114.1695997
NB 52 ST SE @ 90 AV SE,50.972781,-113.9582209
31st Street NW Station (WB),51.0818904,-114.1299987
SB Elbow DR@ Malibou RD SW,50.9956486,-114.0833076
WB Northmount DR @ Bennett CR NW,51.0919748,-114.1261389
EB Cranston AV @ Cranbrook GD SE,50.8627552,-113.9720184
SB 46 ST NE @ Savanna AV NE,51.1342894,-113.9659761
WB Country Village WY @ Country Village LINK NE,51.1566435,-114.0670251
NB 4 ST NE @ McKnight BV,51.0966304,-114.0537692
NB Bannister RD @ North of 146 AV SE,50.922991,-114.0699208
EB 12 AV SW @ 12 ST SW,51.0421366,-114.0909738
NB Sierra Morena BV @ Sierra Morena PA SW,51.0149342,-114.1855779
WB Discovery Ridge BV @ Discovery Ridge LI SW,51.0122609,-114.2072274
SB 2A ST SE @ N. of 25 AV SE,51.0325661,-114.0584458
WB 44 AV NE @ 49 ST NE,51.0917005,-113.9634685
Heritage LRT Station SB,50.9791053,-114.075119
SB Arbour Ridge WY @ Arbour Ridge CI NW,51.1381518,-114.1904256
NB Erlton / Stampede CTrain Staion,51.0319321,-114.0588469
EB Sunalta CTrain Station,51.044579,-114.0988326
NB 14 ST NW @ 22 AV NW,51.0725752,-114.0945896
EB Arbour Lake DR @ Arbour Lake WY NW,51.1361325,-114.2003558
WB Auburn Bay DR SE @ 52 ST SE,50.8996989,-113.9460477
SB Richardson WY @  Richardson RD SW,51.013151,-114.1370204
SB 45 Street West LRT Station,51.0381935,-114.1528814
WB Valley Ridge DR @ Valley Ridge BV NW,51.0919198,-114.2505476
EB Rundlehorn DR @ 40 ST NE,51.0707445,-113.974307
SB 14 ST NW @ 22 AV NW,51.071945,-114.0949289
EB Heritage DR @ 10 ST SW,50.9794975,-114.0877829
WB Varsity Estates DR @ Varsity Estates PL NW,51.1079364,-114.177257
SB Royal Oak DR @ 100 Royal Birch ME NW,51.1460039,-114.2152233
NB Woodbine BV @ Woodview DR SW,50.9418963,-114.1257843
EB Abbotsford DR @ Abingdon CR NE,51.0637967,-113.9286807
NB 24 ST SE @ Quarry Park BV,50.9640067,-114.0014076
NB 68 ST NE @ 32 AV NE,51.0820662,-113.9348274
WB 6 AV SW @ 5 ST SW,51.0478586,-114.0744617
SB Country Hills BV @ Panorama Hills WY NW,51.1510882,-114.0696358
SB Acadia DR @ Southland DR SE,50.9635894,-114.0485536
EB Panatella BV @ Panton HT NW,51.1701301,-114.0816082
NB 4 ST NE @ Bus Trap,51.1037289,-114.0549035
WB Country Hills BV @ Cornerstone BV NE,51.1545061,-113.9392957
NB Panamount BV @ Hidden Creek WY NW,51.1597128,-114.0926338
NB Sarcee RD @ 34 AV SW,51.0230922,-114.129405
SB Lake Fraser Dr @ Lake Aspen RD SE,50.9473029,-114.0683543
EB Hidden Creek WY @ Hidden Creek PT NW,51.1592343,-114.0950956
SB Signall Hill DR @ 26 AV SW,51.0299044,-114.1827165
SB 44 ST SE @ 17 AV SE,51.0374268,-113.970145
EB MacEwan DR @ MacEwan Meadow WY NW,51.1400533,-114.1123431
NB  California BV @ California PL NE,51.0771224,-113.9260985
WB 11 AV S @ Centre ST,51.0424711,-114.064086
EB 39 AV SE @ Burnsland RD,51.0178979,-114.0605484
EB Hidden Valley DR @ Hidden Ranch CR NW,51.1506871,-114.1204457
EB Patina DR @ Patina PL SW,51.0606882,-114.1683721
SB Tuscany Ravine RD @ Tuscany DR NW,51.1183814,-114.2417192
EB Auburn Meadows DR @ Auburn Meadows BV SE ns,50.8937053,-113.9480387
SB 24 ST SW @ Oakmoor DR,50.9627301,-114.1181881
SB Ogden RD @ 34 AV SE,51.0225567,-114.0310164
SB Hunterview DR @ 78 AV NW,51.1228319,-114.0853867
NB Edgepark BV @ Edgepark DR NW,51.1363871,-114.1568781
SB 4 ST NE @ Huntbourne WY,51.113999,-114.0558935
EB Oakwood DR @ Oakcliffe DR SW,50.9661801,-114.1351961
NB Arbour Ridge WY @ Arbour Lake WY NW,51.1382087,-114.1864332
WB Hidden Creek WY @ Hidden Creek PT NW,51.1595485,-114.0957911
SB Nolan Hill Dr @ Nolanfield Rd NW,51.1729205,-114.1608386
WB 65 AV NE @ 9 ST NE,51.1121861,-114.042415
WB 130 AV SE @ 48 ST SE,50.9321859,-113.9664178
EB Lake Bonavista DR @ Lake Linnet CL SE,50.945913,-114.0524221
NB Elbow DR @ 96 AV SW,50.9690657,-114.0846322
NB McKenzie Lake BV @ McKinley WY SE,50.9062659,-113.9884483
WB Applewood DR @ Appletree CR SE,51.0425512,-113.9324841
WB 90 AV SE @ 60 ST SE,50.9724055,-113.9475261
NB Elbow DR @ 38 AV SW,51.0205062,-114.0777394
NB Hamptons DR @ Hamstead RD NW,51.1419701,-114.1317411
EB 50 AV @ Peacekeepers GA SW,51.0086429,-114.1245092
EB Mission RD @ 34 AV SW,51.0229554,-114.0660045
SB 53 ST NW @ Dalhart RD,51.1116562,-114.1584657
EB 88 AV NE @ Savanna ST,51.1323117,-113.9520899
Dalhousie LRT Station WB,51.1039233,-114.1590145
EB Arbour Lake DR @ Arbour Crest DR NW,51.1387502,-114.1988677
NB 24 ST SW @ Anderson RD,50.9508278,-114.1177428
NB Centre ST S @ 58 AV S,51.0007613,-114.0637136
NB Northland DR NW @ N. of 52 AV NW,51.1015861,-114.1413716
NB 52 ST SE @ McIvor BV,50.913339,-113.9526059
WB 33 AV SW @ Crowchild TR,51.024935,-114.1224166
EB 194 AV SE & Walden BV,50.8776276,-114.0236525
NB 45 ST @ Seton DR SE,50.877757,-113.9455441
EB Norfolk DR @ Thornaby CR NW,51.1084205,-114.0776809
SB Westwinds DR @ 54 AV NE,51.1021103,-113.9764013
WB Country Village WY @ Country Village CV NE,51.1559168,-114.0613342
SB 18 ST SE @ S. of 76 AV SE,50.9834158,-114.0160594
SB Spiller RD @ 6 ST SE,51.0307064,-114.0487682
EB Walden DR @ Walgrove CV SE,50.8661073,-114.0253363
SB 19 ST NW @ Canberra RD,51.0840905,-114.1102621
SB Elbow DR @ Sylvester CR SW,50.9586663,-114.0849418
SB Panatella BV @ Panatella GR NW,51.1671334,-114.0808661
SB Palliser DR @ Pump Hill RI SW,50.9649251,-114.1022126
NB 19 ST NW @ 14 AV NW,51.065711,-114.10614
NB Oakmoor WY @ Oakbury PL SW,50.9622775,-114.1242695
SB Carleton ST @ Premier WY SW,51.0257801,-114.0904581
NB Evanston WY @ Evansglen  LD NW,51.1753331,-114.1027088
Bowness Terminal NW,51.0957392,-114.2191331
NB Westwinds DR @ 52 AV NE,51.1005461,-113.9760891
WB Douglasbank DR @ Douglasdale BV SE,50.9445298,-114.0058654
EB Deer Run DR @ Deerfield DR SE,50.9177971,-114.0115103
SB 19 ST NE @ 8 AV NE,51.0590036,-114.0133543
WB 28 AV NE @ 60 ST NE,51.0780731,-113.9472547
EB 37 AV NE @ 27 ST NE,51.0866199,-113.9941364
Southland LRT Station EB,50.9642168,-114.0774151
SB Skyview Ranch BV @ Skyview Ranch RD NE,51.162495,-113.9512209
EB Panamount BV @ Panamount DR NW,51.1598003,-114.0730743
SB 36 ST SE @ Radcliffe DR,51.0476856,-113.9817758
SB Hunterview DR @ Huntsbay RD NW,51.1114286,-114.0799917
EB 5 AV NW @ Crowchild TR,51.0571307,-114.11708
EB Hidden Valley DR @ Hidden Ridge CL NW,51.1510514,-114.11516
WB Anderson RD @ Elbow DR SW,50.9506856,-114.0848576
WB 20 AV NE @ 34 ST NE,51.0713448,-113.9860466
SB Cedarille DR @ Cedarille CR SW,50.9577715,-114.1366151
EB 72 AV SE @ 57 ST SE,50.9893852,-113.9461336
NB 16 ST SW @ 50 AV SW,51.0091809,-114.1004373
EB Aero DR @ Aero CR W  leg,51.136393,-114.0342878
EB Coventry DR @ Coventry GR NE,51.1569714,-114.0496384
NB 53 ST NW @ Dalhart DR,51.111318,-114.1583178
SB Sarcee RD @ 34 AV SW,51.0229019,-114.1297163
SB 16 AV NW @ Home RD NW,51.0720806,-114.1637644
NB 37 ST SW @ 54 AV SW,51.004566,-114.1408996
SB McKenzie Lake BV @ McKenzie Meadows DR SE,50.8999848,-113.992538
SB McKenzie Lake BV @ Mountain Park DR SE,50.9017761,-113.9915406
SB Deer Run BV @ Deermoss CR SE,50.9286027,-114.0109027
NB 4 ST SW@ 6 AV SW,51.0480419,-114.0713679
SB 1 ST SE@ 10 AV SE,51.0427339,-114.0609447
WB Maryvale DR @ Maryvale WY NE,51.0566926,-113.9680017
EB 33 AV SW @ 29 ST SW,51.0245859,-114.1276012
SB Crowchild TR @ 5 AV NW,51.056486,-114.1182904
WB Hawkstone DR @ Hawkstone CL NW,51.1346902,-114.1677475
EB 12 AV NE @ Edmonton TR,51.0632553,-114.0553905
WB Sierra Morena BV @ Sierra Madre CR SW,51.0131378,-114.1778586
SB 45 ST SW @ 35 AV SW,51.0225081,-114.1525738
NB 146 AV SE @ Deer Lake RD Terminal,50.922328,-114.0086012
NB 23 ST NE @ 37 AV NE,51.0871422,-114.005014
NB Parkland BV @ Parkland WY SE,50.9261233,-114.0304038
SB Strathcona BV @ Bow TR SW,51.0510219,-114.1830042
EB Silver Springs RD @ Silver Valley DR NW,51.1090537,-114.2057798
NB Crestmont  DR @ Crestmont WY SW,51.0841452,-114.2630473
WB 14 AV SW @ Aspen Stone RD,51.0452527,-114.2166146
WB Seton BV @ Auburn Bay ST SE,50.8842184,-113.9497413
EB 45 Street CTrain Station,51.0378745,-114.1535943
WB Coventry Hills RD @ E. of Country Village LI NE,51.1606296,-114.0652544
EB Douglas Glen BV @ Douglas Glen PL SE,50.9507519,-114.0078719
NB Bonaventure DR @ Lake Simcoe CR SE,50.9348448,-114.0647383
WB Strathcona DR @ Strathcona RD SW,51.0427085,-114.1758327
SB Cambrian DR @ Rosetree RD NW,51.0801039,-114.0880916
WB Cougar Ridge DR @ Cougar Ridge CR SW,51.0715283,-114.2046583
WB Country Hills BV @ Country Hills DR NW,51.147505,-114.0781286
NB 11 ST SE @ 21 AV SE,51.0348275,-114.0366441
WB Nolan Hill BV @ Nolan Hill HT NW,51.1719522,-114.1582282
SB Brisebois DR @ Northmount DR NW,51.0928257,-114.1292856
SB Bowness RD @ 42 ST NW,51.0673465,-114.1536614
EB 32 AV NE @ 26 ST NE,51.0814031,-113.997645
EB Harvest Oak GA @ Harvest Hills BV NE,51.1468498,-114.0627542
EB Nose Hill DR @ 87 ST NW,51.1045272,-114.2162395
EB 130 AV @ Mount McKenzie DR SE,50.931803,-113.9828693
EB Bowness RD @ 77 ST NW,51.0888428,-114.1986438
NB 37 ST NW @ Kincora Glen RD NW,51.1653376,-114.141076
EB Shawnessy BV @ W. of Shawinigan DR SW,50.9139117,-114.0862383
SB 36 ST NE @ 32 AV NE,51.0806046,-113.9820172
NB Acadia DR @ Lake Placid HL SE,50.9320009,-114.0481011
NB Walden BV @ nleg Walden Dr SE midblk,50.8751423,-114.02609
SB Northmount DR @ Harlow AV NW,51.0912767,-114.0827331
EB Hawkstone DR @ Hawkmount HT NW,51.1348957,-114.1747545
NB 11 ST @ Aero RD NE,51.1072523,-114.0363048
SB Savanna ST NE @ Savanna DR NE,51.1362252,-113.9525311
EB 5 AV SW @ 5 ST SW,51.0486039,-114.0726167
WB McKenzie Towne DR @ Elgin Estates PA SE,50.9072501,-113.96188
WB 26 AV NE @ 52 ST NE,51.0763703,-113.9589427
NB 37 ST SW @ 45 AV SW,51.0150218,-114.1410547
EB 112 AV NW @ Country Hills BV,51.1501497,-114.2123251
Tuscany Station - Tuscany Terminal,51.1336273,-114.235751
NB Macleod TR @ 7 AVE SE,51.0464988,-114.057965
WB Castleridge BV @ E. of 54 AV NE,51.1022243,-113.9658787
WB Sandarac DR @ E. of 14 ST NW,51.1405378,-114.1075658
WB 128 AV NE @ 60 ST NE,51.1656085,-113.9478194
SB 10 ST NW @ 23 AV NW,51.0728876,-114.0847471
NB 32 ST NE @ 20 AV NE,51.0711851,-113.9885698
WB Cougar Ridge DR @ Cougar Plateau CI SW,51.0718718,-114.2077357
SB Macleod TR @ 39 AV SW,51.0183777,-114.0631706
EB 26 AV NE @ East of 68 ST NE,51.0760931,-113.9341629
WB Martindale BV @ Martindale DR NE,51.1142179,-113.9532172
SB Coventry Hills WY @ Coverton GR NE,51.1666504,-114.0409457
WB Shawnee DR @ Shawnee CO SW,50.9253168,-114.0804245
Somerset Bridlewood Terminal,50.8984101,-114.0697382
NB Edgebrook DR @ Edgebrook  RI NW,51.135038,-114.1336864
NB 51 ST SW @ 33 AV SW,51.0242309,-114.1608971
EB 26 AV NE @ 52 ST NE,51.0762244,-113.9574145
SB 77 ST SW @ 10 AV SW,51.0576284,-114.1996443
SB Rocky Ridge RD @ N. of Rocky Ridge BV NW,51.1442286,-114.2343981
NB Edenwold DR @ Edenstone RD NW,51.1223252,-114.144207
NB 1 ST SW @ 13 AV SW ns,51.0403914,-114.0657285
EB 34 AV SE @ 28 ST SE,51.023076,-113.993315
WB Coventry DR @ Coventry CL NE,51.1571339,-114.047883
SB 14 ST @ 33 AV SW,51.0237515,-114.0948582
NB Prestwick CI @ Prestwick MR SE,50.9263996,-113.9715198
NB 18 ST SE @ Lytton CR (N. Leg),50.9888753,-114.0153385
SB Parkland BV @ Parkside DR SE,50.9233898,-114.0279736
NB Penbrooke DR @ Penbrooke RD SE,51.0471836,-113.9417387
NB Skyview Ranch WY @ Skyview Shores LI NE,51.1563878,-113.9649204
SB MacEwan DR @ MacEwan Park CL NW,51.1375489,-114.1165599
WB Woodbine BV @ Woodglen WY SW,50.9469408,-114.1301005
WB Braeside DR @ Braxton RD SW,50.9541231,-114.1051493
SB Skyview Ranch BV @ Skyview Point CM NE,51.1583006,-113.9516321
EB McKenzie DR @ McKenzie Lake BV SE,50.9018837,-113.990481
NB Braeside DR @ 107 AV SW,50.9575878,-114.1030397
EB 26 AV NE @ Rundlehill DR West leg,51.0780607,-113.9695742
SB North Haven DR@ Nordegg CR NW,51.0958004,-114.0873907
WB Country Hills BV @ 52 ST NE (farside),51.1544376,-113.959795
SB Centre ST S @ 60 AV S,50.9987072,-114.0639431
NB  Lake Bonavista DR @ Lake Willow RD SE,50.9440902,-114.0650384
NB Cedarille DR @ Cedarwood HL SW,50.9561073,-114.1359868
SB Riverbend DR @ Riverside CL SE,50.9766491,-114.0251278
Harvest Hills DR @ 300 Harvest Grove PL NE,51.1478723,-114.0461863
EB Aspen DR @ Maple WY NW,51.0892279,-114.2196581
WB Centre AV @ 19 ST E,51.0525262,-114.0094471
NB Shawville BV @ Shawville RD SE,50.9025771,-114.0649983
SB 36 ST SE @ Dover Ridge DR,51.020773,-113.9817995
WB 90 AV SE @ 48 ST SE,50.9723689,-113.9640549
EB Scenic Acres BV @ Scurfield WY NW,51.1193275,-114.214149
WB Skyview Ranch DR @ 52 ST NE,51.1581416,-113.959374
EB Temple DR @ Templewood RD NE,51.0916195,-113.953104
SB 77 ST NW @ 46 AV NW,51.0937551,-114.1994466
Saddletowne Circle Station (SB),51.1209491,-113.9469541
NB Prestwick BV @  Prestwick AV SE,50.9224909,-113.9657965
EB Discovery Ridge BV @ Discovery Ridge CI SW,51.0189133,-114.228589
SB Cranston DR @ Cranfield PA SE,50.8921044,-113.9789376
SB Queensland DR @ Queen Alexandra CL SE,50.9358102,-114.0289607
SB Somerset DR @ Somerset GA SW,50.8987098,-114.0768414
WB 66 AV @ Lakeside CR (W. Leg) SW,50.9947038,-114.1347971
SB 12 ST NE @ 34 AV NE,51.0829981,-114.0297733
SB 44 ST SE @ 72 AV SE,50.9890442,-113.9702204
SB Blackfoot TR @ 71 AV SE,50.987248,-114.0532515
NB 11 ST SE @ Highfield CR,51.0071159,-114.0371785
SB Centre ST N @ 14 AV N,51.0650214,-114.0626585
WB 90 AV SW @ 19 ST SW,50.9723389,-114.1070078
WB Pensacola WY @ Pensacola CL SE,51.041029,-113.954743
EB Southland DR @ Bradbury DR SW,50.9612446,-114.0981688
SB 18 ST @ Rivervalley DR SE,50.9724028,-114.0159424
Brentwood LRT Station NB,51.0867752,-114.1327025
SB Lake Fraser DR @ S. of Lake Fraser GA SE,50.9385369,-114.0674098
NB 36 ST SE @ 30 AV SE,51.027383,-113.9813984
NB Mount McKenzie DR @ Mount Lorette CL SE,50.9206477,-113.9814283
WB Arbour Lake RD @ Arbour Crest DR NW,51.1341348,-114.2089686
WB Chaparral DR @ Chaparral GR SE,50.8829157,-114.042638
NB McKenzie Lake WY @ McKenzie Lake MR SE,50.9093882,-113.9777041
SB Hunterview DR @ Hunterdale PL NW,51.1138185,-114.0798838
EB 8 AV SE @ 40 ST SE,51.0450848,-113.9751243
NB Deer Ridge DR @ S. of Canyon Meadows DR SE,50.9303708,-114.0269447
WB Signall Hill DR @ Sienna Park DR SW,51.0270648,-114.1802216
WB Heritage Meadows WY @ 11 ST SE,50.9846102,-114.0429176
WB 49 AV NE @ Aviation BV,51.0977229,-114.0336718
SB Auburn Bay BV @ Autumn VW SE,50.8920864,-113.9696814
WB Citadel WY @ Citadel Meadow PT NW,51.1469402,-114.1874607
WB Canyon Meadows DR @ Lake Simcoe RI SE,50.9304937,-114.0597658
EB 40 AV NW @ Vardell RD NW,51.0878071,-114.1428788
EB Ranchview DR @ Ranchlands BV NW,51.1200344,-114.1794648
NB 4 ST SW @ Roxboro RD SW,51.0286323,-114.0714227
SB Douglas Glen BV @ Douglas Glen GV SE,50.9534764,-114.0102887
WB Lake Bonavista DR @ Acadia DR SE,50.9422972,-114.0449627
WB Evanston DR @ Evanscrest GA NW,51.1792051,-114.1073128
EB 11 AV SE @ 28 ST SE,51.0428146,-113.9934503
SB 85 ST SW @ Aspen Stone BV,51.0406023,-114.2111794
SB 24 ST NW @ Chicoutimi DR,51.0848666,-114.1180111
EB 88 AV NE @ 46 ST NE,51.1323081,-113.9652597
NB Skyview CI NE @ Skyview Parade NE,51.1563132,-113.9518218
EB 17 AV SW @ 17 ST SW,51.0377654,-114.1011873
NB Arbour Lake WY @ S. of Arbour Cliff CL NW,51.1338014,-114.1924197
EB Douglasdale BV @ Douglas Woods HL SE,50.939386,-113.9846133
NB 24 ST SE @ S. of 114 AV SE,50.9521705,-114.0018139
SB Edgevalley DR @ Edgeview DR NW,51.13028,-114.1480331
NB 36 ST NE @ 44 AV NE,51.0916273,-113.9814706
NB Edenwold DR @ Edenwold CR NW,51.1252761,-114.1383504
NB Hawkwood RD @ Hawkfield WY NW,51.1289586,-114.1888969
SB Spruce DR @ 8 AV SW,51.0446793,-114.1356181
NB Royal Oak WY @ Royal Birch BV NW,51.150134,-114.2173285
Deerfoot Meadows Station (EB),50.9870846,-114.043125
NB 19 ST SE @ 62 AV SE,50.9975157,-114.0134296
EB Hamptons BV @ Hamptons HE NW,51.1440395,-114.1508881
NB Hamptons DR @ Hamstead GD NW,51.1438738,-114.1308794
EB Deer Ridge DR @ Deerview DR SE,50.924969,-114.0186504
EB Kensington RD @ 22 ST NW,51.0524383,-114.1124624
EB Old Banff Coach RD @ 85 ST SW,51.0669532,-114.2102831
NB 2 AV NW @ 7 ST NW,51.0573822,-114.0790564
WB Valley Ridge DR @ Valley Meadow GD NW,51.0921209,-114.2457224
NB Signal Hill DR @ Signal Ridge HT SW,51.0308795,-114.1702189
SB 5 ST SW @ 7 AV SW,51.046906,-114.0739225
EB 110 AV @ 11 ST NE,51.1518077,-114.0324867
EB Queensland PL @ Queensland DR SE,50.9394378,-114.025882
SB Silver Springs DR @ 62 AV NW,51.1079113,-114.1840453
SB Redstone ST @ Redstone DR NE,51.1677653,-113.9621772
NB Saddletowne CI @ 80 AV NE,51.1257411,-113.9442822
WB Skyview Ranch RD @ Skyview Ranch DR NE,51.1629635,-113.9593643
NB Applewood DR @ Applewood WY SE,51.0468842,-113.9313557
SB 52 ST SE @ 130 AV SE,50.9305199,-113.9583987
SB Sunmills DR @ Sun Harbour CR SE,50.8989424,-114.0280237
NB Nose Hill DR @ Silver Springs RD NW,51.1102276,-114.2108672
NB Somerset DR @ Somerside  CL SW,50.8992566,-114.0900782
WB Canyon Meadows Dr.@ Canterbury Dr SW,50.9371856,-114.0807413
SB Centre ST N @ 32 AV N,51.0811131,-114.0626527
EB 23 AV NE @ 23 ST NE,51.0732995,-114.0032813
WB Canyon Meadows Dr @ Queensland DR SE (W. leg),50.931939,-114.0277699
SB Tuscany Springs BV @  S. of Tusslewood VW NW,51.1354091,-114.2477206
SB Ogden RD @ Blackfoot TR SE,51.0291484,-114.0313081
SB 14 ST SW@ 26 AV SW,51.0301077,-114.0948371
SB 84 ST SE @ 17 AV SE,51.0394769,-113.90804
Somerset Bridlewood Terminal,50.8986996,-114.0697684
WB 66 AV SW @ Laurel CR,50.9946506,-114.1235645
NB Elbow DR @ Cantabrian DR SW,50.946279,-114.0845354
SB Tuscany WY @ Tuscany Springs HL NW,51.1319462,-114.2528414
SB Arbour Lake RD @ Arbour Meadows CL NW,51.1312302,-114.2180496
EB Bow TR @ 40 ST SW,51.0459554,-114.1440151
WB Bow TR @ 26 ST SW,51.0417206,-114.1239299
SB Barlow TR @ 50 AV SE,51.0070004,-114.0006015
WB Kensington RD @ Crowchild TR NW,51.052538,-114.1190494
NB Silvergrove DR @ Silvergrove RD NW,51.1156251,-114.2029967
EB Valley Springs RD @ Valley Brook CI NW,51.0927982,-114.2388247
SB Barlow TR @ 100 AV NE,51.1424677,-114.0021185
NB 4A ST @ 67 AV SW,50.9934176,-114.0737712
SB Martha's WY @ Martha's Meadow GA NE,51.1239067,-113.9601691
EB 57 AV SE @ 26 ST SE,51.0042173,-113.9948646
WB Willingdon BV @ Acadia DR SE,50.9518115,-114.0420235
SB Sierra Morena BV @ Sierra Morena PA SW,51.0141909,-114.1853378
SB Royal Oak DR  @ Royal Ridge RI NW,51.1393367,-114.2209492
WB Douglasdale BV @ Douglas Woods RI SE,50.942353,-113.9967652
WB 14 AV SW @ Ascot DR,51.045271,-114.2200636
WB 50 AV SW @ Richard RD,51.0088048,-114.1259677
EB 12 AV @ Olympic WY SE,51.0410683,-114.0530317
WB Bowness RD @ 73 ST NW,51.0890559,-114.1944034
EB Everstone BV @ Everstone DR SW,50.9107486,-114.1047555
Chinook LRT Station WB,50.9974848,-114.0668427
WB Varsity Estates DR @ W of Varsity Estates RI NW,51.0975879,-114.1722309
SB 45 ST SE @ South Health Campus,50.882604,-113.9486168
SB Dover Ridge DR @ Dovercliffe WY SE,51.0232875,-113.9767726
EB Sherwood BV @ Sherwood CM NW,51.157428,-114.1503347
SB 16 ST SW @ 44 AV SW,51.0137452,-114.1005945
NB 4 ST NE @ 60 AV NE,51.1061501,-114.0567498
WB 1 AV NE @ 8 ST NE,51.0533243,-114.0436189
SB 4 ST NW @ 42 AV NW,51.0903087,-114.0717249
SB Lake Bonavista DR @ Lake Aspen RD SE,50.9460839,-114.0656246
Barlow LRT Station (EB Century RI @ 19 ST NE),51.0461975,-114.0057312
NB Queensland DR @ Queen Alexandra WY SE,50.9381418,-114.0265627
WB Panamount BV @ E. Leg Panamount RD NW,51.1567142,-114.0892466
WB 194 AV @ Chaparral DR SE,50.8768954,-114.0375741
NB Hamptons BV @ Hamptons TC NW,51.1439231,-114.1474421
WB Southland DR @ Oakmoor WY SW,50.9614288,-114.1250911
SB Erlton / Stampede Station,51.0319285,-114.0590611
SB Sandstone DR @ Sanderling RI NW,51.1363959,-114.091083
EB 25 AV SE @ Spiller RD,51.0295275,-114.0512395
SB Home RD @ 16 AV NW,51.0733318,-114.1645445
SB Crowchild TR @ 24 ST SW,51.0354819,-114.1175116
SB 19 ST SW @ 11 AV SW,51.04325,-114.1068274
SB 24 ST SE @ Quarry Park BV,50.9631097,-114.0018585
EB Homestead AV NE @ Homestead VW NE,51.1251397,-113.9169732
EB McKenzie Towne LI @ 52 ST SE,50.9144005,-113.9560212
NB Edmonton TR @ 38 AV NE,51.0876792,-114.051582
SB Hunterview DR @ Hunterquay HL NW,51.1197728,-114.0841959
NB 4 ST SW@ 25 AV SW fs,51.0307129,-114.0714284
EB 2 AV SW @ 3 ST SW,51.0513603,-114.0695458
EB 62 AV SE @ 18A ST SE,50.9975915,-114.0146364
WB Elbow DR @ 29 AV SW,51.0278068,-114.0776081
WB Royal Oak WY @ Royal Oak PA NW,51.1509336,-114.2212976
EB 17 AV SW @ 35 ST SW,51.0377335,-114.1377444
SB Coventry Hills WY @ Coventry Hills DR NE,51.1651796,-114.0598295
NB 20A ST SE @ Lynndale RD,50.9926715,-114.0100778
WB Na'a Drive @ Town Centre SW,51.0808129,-114.1992648
NB 4 ST NW @ 40 AV NW,51.0878387,-114.0715097
NB Rundlehorn DR @ 26 AV NE,51.0765209,-113.9408743
EB Edenwold DR @ Edelweiss RD NW,51.1208593,-114.1390666
NB Patterson BV @ Patterson HILL SW,51.0606559,-114.1787094
EB Country Hills BV @ Coventry Hills BV NE,51.1540691,-114.0518975
NB Edmonton TR @ 6 AV NE,51.05808,-114.0541918
WB Old Banff Coach RD @ West Springs GA SW,51.0657911,-114.1891961
NB 3 ST @ 7 AV SE,51.0454555,-114.0555084
Martindale Boulevard Station (NB),51.1145399,-113.9466008
WB 8 AV SE @ 58 ST SE,51.0452491,-113.9504207
WB Southport WY @ Southport RD SW,50.9578589,-114.0737083
McKnight-Westwinds LRT Station,51.1088512,-113.9753938
SB 36 ST NE @ 12 AV NE,51.0617446,-113.9821171
NB Freeport BV @ 104 AV NE,51.1474818,-114.0199981
EB 64 AV NE @ 4 ST NE,51.1104952,-114.0560592
EB Country Hills BV @ Country Hills DR NW,51.1475617,-114.0764375
NB Berkley DR @ Beaconsfield CR NW,51.1273187,-114.0989866
WB 11 AV SW @ 4 ST SW,51.0427206,-114.0722316
WB 64 AV NE @ Hunterhorn RD,51.1107027,-114.0539454
EB 96 AV NE@ Harvest Rose PA,51.1413661,-114.061697
SB Lakeview DR @ La Salle CR SW,51.0056556,-114.136912
NB Rocky Ridge RD @ Royal Oak GD NW,51.152404,-114.2339949
NB Centre ST N @ McKnight BV,51.0967988,-114.0622437
SB Saddlebrook DR @ Saddlelake PL NE,51.1271455,-113.9295403
NB 45 ST SW @ 25 AV SW,51.0328964,-114.1527683
EB 5 AV SW @ 2 ST SW,51.0484379,-114.0667194
WB Beddington BV @ Bermuda RD NW,51.1290396,-114.0806815
WB 12 AV NW @ 2 ST NW,51.0634436,-114.067883
SB Macleod TR @ 96 AV SW,50.9682513,-114.0718625
WB Child AV @ Bantry ST NE,51.0588609,-114.0356441
WB 9 AV @ 9 ST SE,51.0431075,-114.0401591
SB Cranston DR @ Cranberry SQ SE,50.8904953,-113.9768943
EB Dalhousie DR @ Dalton DR NW,51.1033052,-114.1469373
EB 5 AV SW @ 3 ST SW,51.0484635,-114.0691723
SB Coral Springs BV @ Coral Springs LD NE,51.0997555,-113.9258108
WB Sunridge BV @ 29 ST NE,51.0770167,-113.9953161
SB 69 ST SW @ Springborough BV,51.0352884,-114.1877822
EB Fish Creek BV @  Everbrook DR SW,50.9211307,-114.1155821
SB University DR @ 16 AV NW,51.0675209,-114.1226012
WB 40 AV NW @ 4 ST NW,51.0875742,-114.0727975
SB Abbeydale DR @ Abergale DR NE,51.056114,-113.9289896
SB Temple DR @ 37 AV NE,51.0861358,-113.9394683
NB 68 ST NE @ Abbotsford Dr,51.0630046,-113.934927
SB Simcoe BV @ Simcoe GA SW,51.0323452,-114.1806141
NB Legacy Glen WY @ Legacy Glen PL SE,50.8538102,-114.0024076
WB Coventry Hills WY @ Coville CR NE,51.171239,-114.0411726
WB Bridlewood AV @ Bridlemeadows CM SW,50.8974562,-114.1150107
WB 16 AV NW @ 2 ST NW,51.067103,-114.0681799
SB Taradale DR @ Taralake WY NE,51.1186686,-113.9273844
NB 68 ST SE @ 16 AV SE,51.03913,-113.9349716
NB Symons Valley PY @ N Leg of Evanston DR NW,51.1784208,-114.1049879
WB 6 AV NW @ 16 ST NW,51.0576947,-114.0982678
SB Spiller RD @ 23 AV SE,51.0326672,-114.0459189
SB 6 Street SW @ Canterbury Dr SW,50.9375668,-114.0762431
WB 94 AV SE @ 54 ST SE,50.9687837,-113.9563995
WB Windermere Drive @ Power Line ROW,51.0505191,-113.8297676
SB 19 ST NE @ 32 AV NE,51.0809568,-114.0118113
WB Rocky Vista DR @ Rocky Ridge RD NW,51.1387322,-114.2351271
NB  Douglasdale BV @ Douglaspark BV SE,50.9379933,-113.99269
NB  Redstone GV @  Redstone AV NE,51.1728452,-113.9635788
SB Falconridge BV @ Castleridge BV NE,51.0991478,-113.9586088
NB Hunterview DR @ Hunterburn HL NW,51.1182467,-114.0832345
EB Strathcona DR @ Strathcairn PL SW,51.0493585,-114.176698
SB Edmonton TR @ 19 AV NE,51.069311,-114.0561908
EB 50 AV SE @ 43 ST SE,51.0087093,-113.969252
SB 68 ST NE @ Falshire DR,51.1076555,-113.9354169
NB Walden DR @ acr sleg of Walden CR SE,50.8706065,-114.0378053
NB Ogden RD @ 38 AV SE,51.0205639,-114.0301169
SB Centre ST S @ 5 AV S,51.0478581,-114.0629746
SB Country Hills RD @ Country Hills DR NW,51.1450684,-114.0731346
SB Redstone BV NE @ Red Embers MR NE,51.1697672,-113.9512103
SB Shawville BV @ Shawville LI SE,50.9007706,-114.0642016
EB Falshire DR @ Falton DR NE,51.1066883,-113.9404532
NB Strathcona BV @ Bow TR SW,51.0507311,-114.1825081
SB 14 ST NW @ 16 AV NW,51.0657489,-114.0953456
EB 112 AV NW @ Royal Vista LI NW,51.1538878,-114.2047184
SB Valley Ridge DR @ Valley Spring RD NW,51.0938765,-114.2423613
SB Silverado Ridge LI @ Silverado BV SW,50.8865347,-114.0856385
NB 4 ST NW @ 24 AV NW,51.0747228,-114.0714531
SB 23 ST NE @ 35 AV NE,51.0837192,-114.0052452
SB 45 ST SE @ Seton PA SE,50.8791681,-113.9466333
EB Council WY @ 11 ST SW,51.0243441,-114.0888552
NB Shawville BV @ Shawville GA SE,50.8999465,-114.0634071
EB Country Hills BV @ W. of Coventry Hills BV NE,51.1540682,-114.0550727
SB Shaganappi TR @ Symons Valley PY NW,51.1672782,-114.151743
NB Cornerstone BV @ Cornerstone WY NE,51.1511421,-113.9378923
NB 33 ST NE @ 14 AV NE,51.064856,-113.9859116
NB Elbow DR @ Canyon Meadows DR SW,50.9401618,-114.0852315
WB Heritage DR @ Heritage GA SE,50.9872907,-114.0443732
SB Edmonton TR @ 8 AV NE,51.0598624,-114.0546067
WB Nolan Hill BV @ Nolancrest HT NW,51.1732294,-114.1692743
SB 52 ST NE @ Marlborough DR,51.0596213,-113.9585181
EB Shawville WY @ W. of Shawville LI SE,50.8997525,-114.0685686
NB Tuscany Springs BV @ Tuscarora ME NW,51.1307391,-114.236777
SB Arbour Crest DR @ Arbour Crest TC NW,51.1396864,-114.2041584
EB 17 AV SW @ 27 ST SW,51.0377573,-114.1262584
NB Barlow TR @ N. of Glenmore TR SE,50.9811802,-113.9815567
Richmond Road Terminal SB,51.0188268,-114.1606
WB 26 AV SW@ 20 ST SW,51.030486,-114.1089922
WB 68 AV SE @ 55 ST SE,50.9943683,-113.9518726
WB 27 AV NE @ 23 ST NE,51.0770132,-114.0060398
WB Redstone AV @ Red Sky WY NE,51.173025,-113.9555183
WB Hidden Valley DR @ Hidden Ridge VW NW,51.1510522,-114.1160653
SB Cranston BV @ Cranleigh DR SE,50.8931393,-113.9866076
EB Willingdon BV @ Wilderness DR SE,50.9528247,-114.0582646
NB Silvergrove DR @ Silvercreek DR NW,51.1130463,-114.2057389
NB Fairmount DR @ Franklin DR SE,50.9893092,-114.063653
Franklin LRT Station S Lot (WB Radcliffe DR SE),51.0466838,-113.9944111
SB Redstone ST @ Redstone WY NE,51.1660457,-113.9622202
WB 24 AV NE @ 22 ST NE,51.074329,-114.0072983
Brentwood LRT Station,51.0866749,-114.1322417
NB Coverntry Hills WY @ Coverton GR NE,51.1670486,-114.0401534
SB Prestwick BV @  Prestwick DR SE,50.9230494,-113.9661729
WB Dalhousie DR @ 53 ST NW,51.1137473,-114.1568683
SB 20 ST SW @ Cambrai AV,51.0174419,-114.1092907
WB Edgebrook RI @ Edgebrook CI NW,51.132937,-114.1305428
WB 26 AV SW@ 37 ST SW,51.0301395,-114.1409513
WB Edenwold DR @ Edcath RI NW,51.1208726,-114.1410809
EB 17 AV SW @ 4 ST SW,51.0377333,-114.0709912
EB 1 AV NE@ 6 ST NE,51.0532119,-114.0477077
SB 44 ST SE @ 14 AV SE,51.0406105,-113.9701226
SB Fairmount DR @ Southland DR SE,50.96365,-114.0587912
WB Northmount DR @ 19 ST NW,51.0877262,-114.1096069
WB 88 AV NE @ Saddlecrest BV,51.1326484,-113.9418101
SB Evanston DR @ Evansridge CI NW,51.176441,-114.1221416
WB Rundlehorn DR @ 50 ST NE,51.0716891,-113.9618383
WB 27 AV NE @ 16 ST NE,51.0769558,-114.0196227
WB Whitehorn DR @ 39 ST NE,51.0850918,-113.9781403
Saddletowne Terminal Stop K,51.1260583,-113.9482293
EB Erin Woods DR @ Erin Woods TC SE,51.0252439,-113.963081
Alberta Children's Hospital Station (NB),51.0755315,-114.1456529
WB 32 AV NE @ 15A ST NE,51.0816021,-114.0215802
NB 20 ST SW@ 42 AV SW,51.0164296,-114.109097
EB Maryvale DR @ Maryvale WY NE,51.0566791,-113.9667894
SB Northmount DR @ Cornwallis DR NW,51.0858368,-114.0893023
NB Harvest Hills BV @ Harvest Oak DR NE,51.1521604,-114.0646908
NB Skyview CI @ Country Hills BV,51.1550243,-113.9523417
NB Harvest Hills DR @ Harvest Hills WY NE,51.1503469,-114.0455176
NB Chaparral BV @ Chaparral Ridge DR SE,50.8864069,-114.0246413
Southland LRT Station WB,50.9642827,-114.0782514
SB Beacon Hill CTR @ Canadian Tire,51.1598257,-114.1597821
WB 17 AV SW @ Costello BV,51.0374642,-114.1709873
EB Canyon Meadows DR @ Deerview DR SE,50.9316734,-114.0222924
WB 46 AV SE @ 11 ST SE,51.0121264,-114.0412336
NB 16 ST SW @ 44 AV SW,51.014694,-114.1004069
EB Barlow TR @ 61 AV SE,50.9991239,-113.9843174
SB 30 ST SW @ Oakfield DR SW,50.9536139,-114.1296892
WB 76 AV SE @ 21A ST SE,50.985125,-114.0079837
SB 4 ST NE @ S. of 60 AV NE,51.1042422,-114.0552852
WB 112 AV NW @ 85 ST NW,51.151877,-114.2099284
WB Citadel DR @ Citadel MR NW,51.1418527,-114.1782759
WB Richmond RD @ 48 ST SW,51.0183824,-114.1574898
EB 50 AV @ 35 ST SE,51.0086606,-113.9812589
EB Palliser DR @ Palishall RD SW,50.9672977,-114.1090563
WB 32 AV NE @ 19 ST NE,51.0816005,-114.0127123
NB Royal Oak WY @  Royal Oak PT NW,51.1480885,-114.2317934
"Sheriff King ST SW sb @ Silverado BV SW, farside",50.8864433,-114.0713215
EB 88 AV @ 48 ST NE,51.1324795,-113.9613671
EB Parkdale BV @ 29 ST NW,51.0550888,-114.1288699
SB Castleridge DR @ Castleridge BV NE,51.1080497,-113.9660971
EB Child AV @ 10 ST NE,51.0588413,-114.0362877
NB 19 ST NE @ 30 AV NE,51.0800932,-114.0114528
Rundle LRT Station (SB 36 ST NE @ 25 AV NE),51.0747245,-113.9820502
NB Country Village WY @ Country Hills BV NE,51.1548686,-114.0607858
EB MacEwan Glen DR @ MacEwan Park VW NW,51.1311172,-114.1132582
Brentwood LRT Station,51.0869587,-114.1328482
WB Springbank BV @ Spring ME SW,51.0185974,-114.1968927
NB Bowwood DR @ Bowness RD NW,51.0803695,-114.1739812
WB Evergreen DR @ Evergreen HL SW,50.927671,-114.1001603
WB Bowness RD @  Point DR NW,51.0625514,-114.1466188
SB Acadia DR @ N. of Lake Bonavista DR SE,50.9383441,-114.0483455
NB 31 ST NW@ 32 AV NW,51.0821793,-114.1293111
NB Lake Fraser Dr @ Avenida Mall SE,50.943751,-114.0682917
EB Bridlewood RD @ Bridlewood ST SW,50.9020925,-114.103913
SB Northland DR @ N. of Northmount DR NW,51.0983805,-114.141598
EB Valley Ridge DR @ Valley Creek RD NW,51.0906384,-114.2584076
WB 9 AV @ 12 ST SE,51.0415302,-114.0348208
WB 6 AV NW @ 18 ST NW,51.0576668,-114.1020318
EB @ Holy Cross Care Ctr SW,50.9916012,-114.09703
EB Hawksbrow DR @ Hawkridge PL NW,51.125113,-114.1700632
EB Woodfield RD @ Woodhaven CR SW,50.9337024,-114.1265318
EB Castleridge DR @ Castledale CR NE,51.1080458,-113.9586816
NB 11 ST SE @ 26 AV SE,51.0311807,-114.0365987
NB Silverdale DR @ Silver Springs GA NW,51.1031063,-114.186209
EB Falconridge DR @ Falsbridge DR NE,51.0994346,-113.9558042
NB Seton WY @ Front ST SE,50.88104,-113.9564385
SB Sheriff King ST @ N of 194 AV SW,50.8785281,-114.071056
WB 88 AV @ Savanna CR NE,51.1326509,-113.9495099
SB Queensland DR @ 300 Queensland PL SE,50.9381738,-114.0179477
Foothills Medical Centre (EB),51.0683639,-114.1281251
NB 1 ST SW @ 7 AV SW,51.0464067,-114.0653496
EB 64 AV NW @ Hunts CR,51.1114717,-114.0752449
EB Sun Valley BV @ Sunmills DR SE,50.9040537,-114.0295189
WB Auburn Bay BV @ Auburn Bay ST SE,50.886528,-113.951995
NB 69 ST SW @ 26 AV SW,51.0310143,-114.1873421
NB Seton WY @ Union AV SE,50.8693223,-113.9540096
32nd Avenue NE Station (NB),51.0820896,-113.9582276
NB Nose Hill DR @ Hawkstone DR NW,51.1378617,-114.1843526
WB Scurfield DR @ Scotia LD NW,51.1224425,-114.2127609
EB Berkley DR @ 13 ST NW,51.1270349,-114.0937156
NB Cranston DR @ Cranston WY SE,50.886498,-113.9878897
EB Valley Pointe GR @ Valley Ridge DR NW,51.092375,-114.269497
SB Elbow DR @ 56 AV SW,51.0031497,-114.0814825
NB 45 ST SW @ 35 AV SW,51.0226836,-114.1523919
SB Scurfield DR @ Schubert GA NW,51.1240593,-114.2251412
Crowfoot LRT Station,51.1236867,-114.207612
44th Avenue NE Station (SB),51.0911127,-113.9585793
NB Midvalley DR @ Midvalley WY SE,50.9147995,-114.0453257
WB Panamount BV @ Panamount SQ NW,51.1577488,-114.0809568
96th Avenue N Station (NB),51.1432274,-114.0677274
WB Ranchview DR @ Ranchero RD NW,51.1205154,-114.1882664
WB Deer Run BV @ Deerwood RD SE,50.9269429,-114.0093155
NB 19 ST NE @ 10 AV NE,51.0626173,-114.0132644
NB 20A ST SE @ Lynnwood DR,50.9934367,-114.0100999
WB Kincora DR @ Kincora GV NW,51.1605788,-114.1379245
EB 40 AV NW@ Shaganappi TR,51.0881113,-114.1531287
NB 52 ST SE @ 68 AV SE,50.9947871,-113.9582721
NB Sandstone DR @ Berkshire BV NW,51.1343027,-114.0897421
Rundlehill Dr@ Dr Gordon Higgins School,51.075714,-113.9699618
SB Stewart GR @ Signal Hill CE SW,51.017953,-114.1716624
NB Ogden RD @ 78 AV SE,50.9829827,-113.9986794
SB Taracove RD @ Taralea Bay NE,51.1175815,-113.9370263
WB Oakfield DR @ 24 ST SW,50.9542295,-114.1188994
NB Sage Hill BV @ Sage Hill RD NW,51.1741892,-114.1450512
EB Acadia DR @ Mapleton DR SE,50.9608725,-114.0464043
EB Chaparral DR @ Chaparral MR SE,50.8867528,-114.0392948
WB  Douglas Park BV @ Douglasdale BV SE,50.9347479,-113.983006
NB Cornerstone ST @ Cornerstone HT NE,51.1587137,-113.9422756
SB Bowness RD @ 33 AV NW,51.0829641,-114.1734088
WB 78 AV NE @ McCall WY,51.1227352,-114.002911
SB 49 ST NW @ 34 AV NW,51.0825905,-114.1583803
WB Cityscape Dr @ Cityscape Ga NE,51.1524227,-113.9588263
SB New Brighton DR @ New Brighton LN SE,50.9227719,-113.9551756
SB Chinook CTrain Station,50.9974598,-114.0658465
EB 32 AV NE @ 32 ST NE,51.0813164,-113.9876401
WB 17 AV SW @ 24 ST SW,51.0378865,-114.118361
WB Varsity DR @ 37 ST NW,51.0891551,-114.1417245
SB Inverness RD @ Inverness SQ SE,50.9129494,-113.9693487
NB Redstone BV @ Red Embers WY,51.1672979,-113.9508954
WB 32 AV NE @ 32 ST NE,51.0816332,-113.9894617
EB Braeside DR @ Bracewood Dr SW,50.9541392,-114.1112434
WB Berkshire BV @ Sandstone DR NW,51.1333489,-114.0897306
WB 27 AV NE @ 15 ST NE,51.0769608,-114.0229922
WB Country Hills BV @ Coventry Hills BV NE,51.154386,-114.0534077
NB Woodbine BV @ Woodmont DR SW,50.9419912,-114.1332956
NB Richard RD @ Richardson WY SW,51.0129196,-114.1213927
EB Old Banff Coach RD @ Coachway RD SW,51.0609068,-114.1822469
SB Centre ST N @ Beddington BV N,51.1243984,-114.0716979
EB 33 AV @ 22 ST SW,51.0239272,-114.1137633
EB Madigan DR @ Manora DR NE,51.0632247,-113.9428792
NB 10 ST NW @ 13 AV NW,51.0644078,-114.0844808
Martindale Boulevard Station (SB),51.1137512,-113.9469501
NB 7 ST NW @ 22 AV NW,51.0727402,-114.0788455
Elbow Drive Station (WB),50.9797139,-114.0840547
NB 18 ST @ Riverglen DR (S. Leg) SE,50.9731828,-114.0154535
SB Cougar Ridge DR @ Cougarstone PL SW,51.067827,-114.2169386
SB Oakfield DR @ S. of Oakmoor DR SW,50.9649707,-114.1324644
EB Shannon DR @ Shawinigan DR SW,50.9087751,-114.0883462
SB Coventry DR @ Coventry BV NE,51.1576843,-114.0451015
NB 24 ST SE @ 114 AV SE,50.9527116,-114.0013049
NB Ogden RD @ N. of 34 AV SE,51.0253657,-114.0307655
SB 4 ST NW @ 13 AV NW,51.0635833,-114.071657
EB 12 AV SW @ 6 ST SW,51.0417159,-114.07629
WB Erin Woods DR @ Erin Meadows GR SE,51.0191396,-113.9642503
WB Beddington BV @ Huntington RD NE,51.1252508,-114.0597945
Elbow Drive Station (EB),50.9794457,-114.0825383
SB Hawkwood BV @ Hawkcliff GA NW,51.1267461,-114.1669331
SB 19 ST NE @ 14 AV NE,51.065693,-114.0135944
NB Bonaventure DR @ Willow Park DR SE,50.9584136,-114.0687499
SB Deer Ridge DR @ Deermont RD SE,50.9271491,-114.01491
WB 50 AV SE @ 23 ST SE far-side,51.00883,-114.0048748
SB Hidden Valley DR @ 200 Hidden Valley PL NW,51.1441965,-114.0976848
EB Silver Springs RD @ Silver Brook RD NW,51.1104322,-114.1871356
SB 20A ST SE @ 66 AV SE,50.9936932,-114.0102829
WB Richard RD @ Richardson WY SW,51.0118554,-114.1234691
NB Edmonton TR @ Meredith RD NE,51.0523459,-114.0501033
EB Sandarac DR @ 14 ST NW,51.1403399,-114.1064772
WB Walden DR @ Walden HT SE,50.8682081,-114.0330505
SB 85 ST SW @ Aspen Summit BV,51.0430187,-114.2111983
WB Dalhart RD @ Dalhurst WY NW,51.1096713,-114.1553326
SB 8 ST SW @ 17 AV SW,51.0371975,-114.0819245
WB Kincora DR @ Kincora BA NW,51.1547548,-114.1307362
WB Na'a Dr @ Canada Olympic Dr SW,51.0814882,-114.2085387
SB Sunpark PZ @ Sunpark GA SE,50.9040951,-114.0570573
EB Cranston GA  @ Cranston AV SE,50.8675139,-113.9683921
WB 90 AV SW @ Bay Ridge DR,50.9723265,-114.1097724
WB 90 AV SE @ 52 ST SE,50.9724106,-113.9571937
NB Harvest Hills BV @ Harvest Oak GA NE,51.1462315,-114.0639232
WB Bow TR @ E. of Sarcee TR SW,51.0512587,-114.1600998
EB 40 AV NW @ 36 ST NW,51.0871006,-114.1382665
SB Harvest Hills BV @ Panatella GA NW,51.1665846,-114.0689649
WB Ranchview DR @ Ranchview RD NW,51.1144529,-114.1800463
EB 14 AV NW @ 22 ST NW,51.065117,-114.1130291
WB Corner Meadows AV @ Corner Meadows Link NE,51.1483007,-113.9311416
WB Arbour Lake DR @ Arbour Lake GR NW,51.135456,-114.1927767
NB Centre ST N @ 43 AV N,51.091764,-114.0623345
SB Rocky Ridge BV @ Rocky Ridge CL NW,51.1456512,-114.2466535
EB Masters RD @ Magnolia TC SE,50.8921945,-113.9144147
NB Hawkwood DR @ John Laurie BV NW,51.1260069,-114.18809
NB Homestead DR NE @ Homestead GA NE,51.1202165,-113.9151616
WB University WY @ Craigie Hall NW,51.0765018,-114.1270798
WB 26 AV SW @ 32 ST SW,51.0301478,-114.1343179
NB 44 ST SE @ 14 AV SE,51.0413061,-113.9698917
"EB Mahogany RD SE @ Marina CA SE, nearside",50.8945171,-113.9302309
WB Everstone BV @ James McKevitt RD SW,50.9109457,-114.1011009
EB Southland DR @ 5 ST SE,50.9639505,-114.0518069
SB Rocky Vista DR @ Eamon RD NW,51.137743,-114.2397041
WB Walden DR @ Walden SQ SE,50.8746003,-114.0317174
WB Panorama Hills WY @ Panorama Hills RD NW,51.1538084,-114.0740973
WB 56 AV SE @ 58 AV SE,51.0023497,-113.9887128
EB Coventry DR @ Coventry CL NE,51.1568795,-114.046712
SB 68 ST NE @ 43 AV NE,51.091295,-113.9354066
WB 6 AV SW @ 3 ST SW,51.0477909,-114.0706845
EB Tuscany Estates DR @ Tuscany Glen PA NW,51.1143535,-114.2483153
NB Brisebois DR @ Brentwood BV NW,51.0915408,-114.1304365
NB 14 ST NW @ Cornwallis DR,51.0878255,-114.094646
WB Copperstone DR @ Copperpond BV SE,50.9157732,-113.918162
EB Skyview Ranch DR @ 52 ST NE,51.1578865,-113.9578674
SB 8 ST SW @ 7 AV SW ns,51.0471931,-114.081296
EB 9 AV @ Macleod TR SE,51.0443613,-114.0573457
EB Abbotsford DR @ Aboyne WY NE,51.063255,-113.9310005
WB Bow TR @ 37 ST SW,51.045004,-114.1404622
WB 6 AV SW @ 6 ST SW,51.0479235,-114.0770547
EB Royal Oak DR @ Royal Crest TC NW,51.1404634,-114.2182521
EB 17 AV SW @ 31 ST SW,51.0377471,-114.1320655
WB Auburn Bay DR @ Auburn Glen WY SE,50.8962178,-113.9549264
NB 85 ST @ Bow TR SW,51.0523726,-114.2108359
EB 12 AV SE @ Macleod TR,51.0411649,-114.0579336
WB Memorial DR @ 68 ST NE,51.0525289,-113.9359917
NB Coral Springs BV @ Coral Springs PL NE,51.1004315,-113.9248373
NB Crowchild TR @ N. of Flanders AV SW,51.0190793,-114.117674
SB 12 ST NE @ 1 AV NE,51.0528063,-114.0338332
SB 44 ST SE @ 64 AV SE,50.9962676,-113.9702343
EB Discovery Ridge BV @ Discovery Ridge TC SW,51.0172193,-114.2229718
NB 6 ST SW @ Cantrell DR SW,50.9346407,-114.0759541
EB Country Hills BV @ Country Village WY NE,51.1540665,-114.0600073
SB Whitehorn CTrain Station,51.0870135,-113.9818426
SB Bonaventure DR @ Willow Park DR SE,50.9573754,-114.0689577
EB Dalhousie DR @ Dalgetty DR NW,51.1032819,-114.1496675
SB Bonaventure DR @ Southland DR SE,50.9646172,-114.0682737
SB Centre ST N @ Northmount DR N,51.1022938,-114.0625666
NB Arbour Lake DR @ Arbour Vista GA NW,51.1363266,-114.1941965
WB 69 Street CTrain Station,51.0376119,-114.1885002
EB Sun Valley BV @ Suncrest WY SE,50.9064522,-114.0396519
SB 29 ST NW @ Hospital DR,51.0659318,-114.1296661
Saddletowne Terminal Stop F,51.1245772,-113.9488287
Canyon Meadows LRT Station NB,50.9368617,-114.0674654
EB 50 AV SW @ Richard RD,51.0086447,-114.128601
WB Evergreen DR @ Evergreen ST SW,50.9279768,-114.0954586
SB Silvergrove DR @ Silvergrove WY NW,51.1161665,-114.2026925
EB Dalhousie DR @ Dalton DR NW,51.1044236,-114.1540691
WB Coral Springs BV @ Coral Shores DR NE,51.0990674,-113.9317994
EB 26 AV SW@ 22 ST SW,51.0303712,-114.1138064
EB Castleridge DR @ Castlepark RD NE,51.1080786,-113.9526925
NB Brentwood CTrain Station,51.0868532,-114.1312609
EB Copperfield BV @ Copperfield MR SE,50.9107906,-113.9369779
Wb Tuscany BV @ Tuscany Ridge VW NW,51.122239,-114.2517911
SB Mahogany BV @Marquis Cres SE,50.9006136,-113.9104509
WB Silver Springs GA @ Silverdale DR NW,51.1036386,-114.1866482
SB 24 ST @ Palistone RD SW,50.967225,-114.1181576
78th Avenue N Station (NB),51.1231009,-114.0712512
EB Rundlehorn DR @ 61 ST NE,51.0708838,-113.9437305
WB Dalhart RD @ Dalgleish RD NW,51.1087053,-114.1522342
EB 144 AV @ Carringvue DR NW,51.1832865,-114.0793313
SB Woodbine BV @ N. Leg Wood Valley DR SW,50.9411006,-114.1332935
WB Hidden Valley DR @ Hidden CL NW,51.1454851,-114.1232435
SB Edgemont DR @ Edgemont PL NW,51.1143396,-114.1475863
EB 23 AV SE @ Spiller RD,51.0329078,-114.0447623
NB Westwinds DR @ 3770 Westwinds DR NE,51.1074667,-113.9749384
WB 11 AV SW@ 8 ST SW,51.0429673,-114.0820897
NB Arbour Lake WY @ Arbour Cliff CL NW,51.1356071,-114.191581
EB 5 AV SW @ 6 ST SW,51.0487003,-114.0764636
WB Country Hills BV @ Royal Oak Centre NW,51.1525606,-114.2159654
WB Country Hills BV @ 14 ST NE,51.1544485,-114.0291576
SB Corner Meadows AV NE @ Cornerstone WY NE,51.1502087,-113.9302927
WB 144 AV NE @ Howse RI NE,51.183539,-114.060411
WB Crowfoot WY @ Crowfoot CR NW,51.124864,-114.2011805
NB @ Willow Glen Business PK,51.0574757,-114.0201995
EB Braeside DR @ Brookpark DR SW,50.9540485,-114.1086714
WB 26 AV SE @ 36 ST SE,51.0305989,-113.9822734
WB Edgedale DR @ Edgemont BV NW,51.118688,-114.1569793
NB 14 ST SW@ 23 AV SW,51.0333311,-114.0946069
EB Copperfield BV @ Copperfield LN SE,50.9081644,-113.9411056
EB Dufferin BV @ 54 ST SE,50.9539023,-113.9544075
NB Crowchild TR @ Flanders AV SW,51.0168282,-114.1174686
EB 33 AV SW@ 17 ST SW,51.0239502,-114.101512
SB Fairmount DR @ 92 AV SE,50.9702561,-114.0592996
WB 72 AV NE @ Huntington ST NE,51.11801,-114.0540806
WB Martindale BV @ Martinwood WY NE,51.1142247,-113.9503729
NB Centre ST S @ 4 AV S,51.0492077,-114.0626323
NB Skyview Ranch WY @ Skyview Springs RD NE,51.1603934,-113.9658246
WB Southland Dr @ Elbow DR SW,50.9635336,-114.0857052
SB Carleton ST @ Council WY SW,51.0242867,-114.0906287
EB Bowness RD @ E. of 83 ST NW,51.0889722,-114.2055485
NB Scenic Acres DR @ Scandia PT NW,51.1118164,-114.2197879
EB Symons Valley PY @ W. Leg of Evanston VW NW,51.1679871,-114.1201416
EB Everridge DR @ Evermeadow GA SW,50.9108877,-114.1212794
NB Macleod TR @ S. of 61 AV SW,50.9966368,-114.0713306
SB Macleod TR @ Hull AV SW,50.9751935,-114.0718231
WB Nose Hill DR @ E. of Tuscany HL NW,51.1072223,-114.2403279
SB Hawkwood RD @ Hawkfield WY NW,51.1283095,-114.1884646
EB 52 AV NW @ Brenner DR,51.1008942,-114.1399286
WB 80 AV NE @ 52 ST NE,51.1253246,-113.9570699
Saddletowne Terminal Stop E,51.1251058,-113.9483708
WB Rundlehorn DR @ 52 ST NE,51.071763,-113.9591493
NB Bonaventure DR @ S. of Fairmount DR SE,50.9528262,-114.0602169
EB 17 AV SW @ 14 ST SW,51.0377484,-114.0939167
NB Midpark BV @ Sun Valley BV SW,50.9070991,-114.0552601
WB Bridlewood AV @ Bridleridge WY SW,50.8975273,-114.1098858
EB 26 AV SW @ E. of 77 ST SW,51.0304693,-114.196507
NB Tuscany Ravine RD @ Tuscany Meadows HT NW,51.1176852,-114.2408074
WB Nose Hill Dr @ 87 ST NW,51.1050028,-114.217701
SB 4A ST @ 67 AV SW,50.9930437,-114.0742878
SB Hidden Valley DR @ Hidden Hills WY NW,51.1466121,-114.1297185
WB 71 AV SE @ 5 ST SE,50.9886591,-114.0514234
WB Canyon Meadows Dr @ Lake Crimson DR  SE,50.9303055,-114.0392327
NB New Brighton WY @ McIvor BV SE,50.914354,-113.9428552
WB  Sage Valley BV @ Sage Valley RD NW,51.1759963,-114.1505086
NB Harvest Hills GA @ Harvest Hills MR NE,51.1531748,-114.0478998
EB 50 AV SE @ 51 ST SE,51.0086947,-113.9603844
WB Redstone AV @ Red Sky TC NE,51.1730278,-113.9528638
WB Coventry Hills WY @ Covepark CL NE,51.1646695,-114.0586846
EB 26 AV SW @ 45 ST SW,51.0304338,-114.1522589
NB 26 ST SE @ Peigan TR,51.0165016,-113.998947
SB Madigan DR @ 4 AV NE,51.0553924,-113.9419397
NB Bonaventure DR @ 129 AV SE,50.9370688,-114.06447
SB Edmonton TR @ 16 AV NE,51.0661678,-114.0563875
WB 8 AV NE @ McKinnon DR,51.0603856,-114.0055004
WB Southland DR @ Bonaventure DR SE,50.9651745,-114.0696915
NB Coventry DR @ Covington RD NE,51.160181,-114.0435257
WB Discovery Ridge BV @ Discovery Ridge TC SW,51.0180555,-114.2239057
NB Signal Hill DR @ Signal Hill WY SW,51.024742,-114.1700937
EB Hidden Valley DR @ Hidden Spring GR NW,51.1516198,-114.1110057
EB Centre AV @ 17 ST E,51.0523645,-114.0129683
SB New Brighton DR @ S.  of New Brighton DR SE,50.9248296,-113.9544007
EB Citadel DR @ 400 Citadel Meadow BA NW,51.1488872,-114.1764451
EB Sunridge BV @ 26 ST NE,51.0767447,-113.9973328
SB Mahogany BV @ Marquis VW SE,50.8978057,-113.9114192
EB @ Fish Creek-Lacombe Station,50.9240192,-114.0745854
SB 36 ST NE @ Whitehorn DR,51.0843472,-113.9820448
EB Dover Ridge DR @ 28 ST SE,51.0186798,-113.9909627
McKnight-Westwinds LRT Station,51.1086583,-113.9753435
NB 4 ST NW @ 40 AV NW,51.0865473,-114.0714485
NB Coventry Hills WY @ Country Village RD NE,51.1637701,-114.0569723
EB Mahogany BV @ Marquis GD SE,50.9036147,-113.9179754
NB Bowness RD @ 46 AV NW,51.0944423,-114.2108749
SB Signal Hill DR @ Sienna Hills PL SW,51.0238763,-114.1703746
NB 45 ST SW @ 26 AV SW,51.0307593,-114.1526954
WB 33 AV SW @ W. of 19 ST SW,51.0240547,-114.1084826
EB 24 AV NW @ Upton PL,51.07416,-114.1350819
WB 12 AV NE @ Edmonton TR,51.063376,-114.0566104
NB Sierra Morena BV @ Sierra Morena MEWS SW,51.0151412,-114.1758975
WB 32 AV NW @ 37 ST NW,51.0816422,-114.1416309
EB 80 AV NE @ Martha's WY,51.1250947,-113.9575682
SB Centre ST N @ 43 AV N,51.0910678,-114.06255
SB Redstone GV @ Redstone HE NE,51.1720594,-113.9651514
WB Aero WY @ Aero CO NE,51.1310885,-114.0292471
SB 14 ST NW @ Roselawn CR,51.0750376,-114.0948636
SB Brisebois DR @ Capri AV NW,51.0954037,-114.1265833
EB Valley Ridge DR @ Valley Meadow CL NW,51.0919577,-114.2453607
WB Shawville GA @ Shawville BV SE,50.8994391,-114.0639398
SB 6 ST SE @ Shawville GA,50.8972678,-114.0721768
NB 73 ST SW @ Westgrove BA SW,51.0567677,-114.193465
NB 19 ST NE @ 41 AV NE,51.0916333,-114.0114369
EB 4 AV NE @ 52 ST NE,51.0552416,-113.9557938
WB Sun Valley BV @ Midlake BV SE,50.9067224,-114.0481849
SB 14 ST NW @ Rosehill DR,51.0780332,-114.0948757
WB Scenic Acres GA @ Scenic WY NW,51.1145108,-114.2105663
WB Bowness RD @ 65 ST NW,51.0876782,-114.1842468
NB 69 ST SW @ 69 Street West LRT Station,51.0371584,-114.1873693
EB 20 AV NW @ 15 ST NW,51.0704292,-114.0965515
NB Bonaventure DR @ Lake Bonavista DR SE,50.9417401,-114.0620827
NB Legacy Village LI @ Legacy Main ST SE,50.8620816,-114.0271234
WB 9 AV SE @ 19 ST SE,51.0359836,-114.0210644
NB Midridge DR @ Midglen WY SE,50.9189031,-114.0521523
NB Taracove RD @ Taracove WY NE,51.1186891,-113.936387
EB  Edgebrook RI @ Edgebrook CI NW,51.1325166,-114.1295396
WB Strathcona DR @ Strathridge PL SW,51.050288,-114.1924956
WB Nolan Hill BV @ Shaganappi TR NW,51.1725326,-114.1561279
EB 17 AV SE @ 31 ST SE,51.0377138,-113.9888872
EB Valley Ridge DR @ Valley Ridge BV NW,51.0919824,-114.2478587
Crowfoot LRT Station,51.1233869,-114.2074872
WB 32 AV NE @ 36 ST NE,51.0816028,-113.9830518
SB Bannister RD @ 153 AV SE,50.9148886,-114.0663221
SB 4 ST NE @ 1 AV NE,51.053613,-114.0518352
NB Bannister RD @ 153 AV SE,50.9158991,-114.0667993
SB 25 ST SE @ 46 AV SE,51.0127796,-113.9993728
31st Street NW Station (EB),51.0817377,-114.1299711
NB Centre ST N @ 72 AV N,51.1187215,-114.0698562
EB 144 Av NW @ Carrington Bv west leg,51.18409,-114.0898755
NB Sunpark  PZ @ Sundance Place PARK SE,50.9028011,-114.0578218
SB Elbow DR @ Hamlet RD SW,50.9771866,-114.0838526
WB Coach Hill RD @ Patina DR SW,51.0570523,-114.1738605
NB 24 ST SW @ Southland DR,50.9619109,-114.1177972
WB 6 AV SE @ Macleod TR,51.047405,-114.0574809
NB 11 ST SE @ 58 AV SE,51.0021413,-114.0368113
EB 27 AV NE @ 23 ST NE,51.0767813,-114.0040129
EB Queensland PL @ Diamond DR SE,50.9406841,-114.0285502
SB Northmount DR @ 40 AV NW,51.0885962,-114.0859726
SB 4 ST NW @ 23 AV NW,51.0729292,-114.0716663
WB 80 AV NE @ Saddlecreek GA,51.1253059,-113.9548313
Mount Royal University Station (NB),51.0109644,-114.1262234
WB 24 AV NW @ Ulrich RD,51.0744897,-114.1395433
NB 52 St NE @ Country Hills Bv,51.155142,-113.9582068
EB 86 AV SE @ 52 ST SE,50.9753568,-113.9572062
Falshire Drive Station (NB),51.1067632,-113.9493027
NB Crowchild TR @ Kensington RD NW,51.0528821,-114.1176865
NB Macleod TR @ S. of 61 AV SW,50.9966436,-114.0713145
NB Hunterview DR @ Hunterquay HL NW,51.1212373,-114.0844895
SB Elbow DR @ 32 AV SW,51.0245689,-114.0786961
SB Ranchview DR @ Ranchlands BV NW,51.1157371,-114.1818259
WB New Brighton DR @ BrightonCrest MR SE,50.9243903,-113.9493955
NB Mahogany BV @ Mahogany GA SE,50.8998317,-113.9368754
EB 61 AV SW @ 3 ST SW,50.9975596,-114.0691044
WB Millrise DR @ Millrise WY SW,50.9176097,-114.0822875
SB 14 ST SW@ 21 AV SW,51.0351617,-114.0947919
90 Avenue SW (NB),50.9733441,-114.095545
EB Tuscany Ravine RD @ Tuscany Ravine VW NW,51.1131884,-114.2391507
NB University DR @ 24 AV NW,51.074724,-114.1283793
SB Spiller RD @ 20 AV SE,51.0358506,-114.0416219
NB Heritage DR @ 77 AV SE,50.9847735,-114.0483366
SB 52 ST SE @ 90 AV SE,50.9708632,-113.9587381
Foothills Hospital (North Tower),51.0648069,-114.1313645
WB 17 AV SW @ 14 ST SW,51.0378955,-114.0954911
WB 25 AV SW @ Erlton RD,51.0305846,-114.0617709
SB 74 ST SE @ 104 AV SE,50.9644381,-113.9281107
SB Edenwold DR @ Edenstone RD NW,51.1216933,-114.1437458
EB Strathcona DR @ Stranraer PL SW,51.0495913,-114.1714467
SB 28 ST SE @ 34 AV SE,51.0229196,-113.9916778
WB 39 AV NE @ 34 ST NE,51.0889401,-113.9860504
EB Country Village WY @ W.of Country Village CV NE,51.1561393,-114.0635299
NB Legacy BV SE @ Legacy Main ST SE,50.8612883,-114.0214519
SB Panorama Hills BV @ Panorama Hills DR NW,51.1503566,-114.0756201
EB 112 AV NW @ 110 AV NW,51.1541116,-114.1900822
EB Panorama Hills WY @ Panorama Hills BV NW,51.153372,-114.0767852
NB Hidden Valley DR @ Hidden Valley GV NW,51.1492865,-114.1029355
SB 19 ST NW @ 22 AV NW,51.072005,-114.1064039
SB Shaganappi TR @ Sage Valley BV NW,51.175266,-114.1572345
EB 144 AV NW @ Sage Valley DR NW,51.183059,-114.1468642
WB 66 AV SW @ Lakeview DR,50.9946436,-114.1324163
WB 50 AV SW @ 16 ST SW,51.0087997,-114.1013878
NB Barlow TR @ Freeport BV NE,51.1514724,-114.0014487
SB 83 ST NW @ 33 AV NW,51.0892098,-114.209656
SB 8 ST SW @ 14 AV SW,51.0397412,-114.0818502
SB Rocky Ridge BV @ Rockywood PA NW,51.150438,-114.2494003
NB 36 ST SE @ 8 AV SE,51.045534,-113.9813593
SB Fairmount DR @ 78 AV SE,50.9835815,-114.0605234
EB Country Village RD @ Harvest Hills BV NE,51.1602617,-114.0687308
EB Norfolk DR @ Norfolk WY NW,51.1061748,-114.0824804
NB Russet RD @ Remington RD NE,51.0621365,-114.0420865
SB Elbow DR @ Southland DR SW,50.9631207,-114.0850189
SB Panorama Hills DR NW @ Panamount GD NW,51.1555193,-114.0853313
EB Hidden Valley DR @ Hidden WAY NW,51.144878,-114.1250015
NB Symons Valley PY @ Evanston VW (East Leg)  NW,51.1686113,-114.1125214
WB 14 AV SE @ 68 ST SE,51.0406389,-113.9360491
NB 53 ST NW @ Valencia RD,51.1008511,-114.1643601
NB Sandstone DR @ Sanderling RI NW,51.1370659,-114.0908979
EB Coral Springs BV @ 68 ST NE,51.0990386,-113.9337871
EB 15 AV NE @ Remington RD,51.0657453,-114.0375452
NB Auburn Bay BV @ Autumn GV SE,50.8950651,-113.9693827
EB 44 AV NE @ Whiterige WY,51.0924054,-113.968793
NB 14 ST @ 36 AV SW,51.0220517,-114.0945025
WB 17 AV SE @ 60 ST SE,51.0379307,-113.9477
EB Dover Ridge DR @ Dover Meadow CL SE,51.0210759,-113.9795977
EB Chaparral DR @ Chaparral CI SE,50.8875315,-114.0423312
EB Nose Hill DR @ Haskayne Dr NW,51.1084135,-114.2670926
SB 68 ST NE @ 32 AV NE,51.0808529,-113.9353832
NB Sherview Dr @ Sherwood Bv (North Leg) NW,51.1658676,-114.160312
EB Canada Olympic DR @ W. of Canada Olympic RD SW,51.0836356,-114.2210432
SB Mahogany BV @ Masters SQ SE,50.8954705,-113.9120645
EB Sirocco DR @ Simcoe BV SW,51.0304085,-114.1816161
NB Midridge DR @ Midvalley DR SE,50.9157551,-114.0475419
NB Cornerstone ST @ Cornerstone AV NE,51.161335,-113.9422795
NB Edmonton TR @ 18 AV NE,51.0692341,-114.0559958
WB 17 AV SW @ Crowchild TR,51.0379065,-114.1144364
WB Falconridge DR @ Falworth RD NE,51.098718,-113.951437
NB 39 ST SE @ Dovercliffe WY,51.0238046,-113.9765963
NB Edmonton TR @  21 AV NE,51.0718913,-114.0561412
NB Tuscany DR @ Tuscany BV NW,51.1211721,-114.2540068
EB 5 AV SW @ 8 ST SW,51.0487861,-114.080254
SB Applewood DR @ Appleside CL SE,51.0482556,-113.9256996
SB Brentwood RD @ Brentwood Co-Op NW,51.0868139,-114.130615
EB Castleridge BV @ E. of 54 AV NE,51.1018925,-113.9655719
SB Arbour Lake WY @ Arbour Lake DR NW,51.1347932,-114.192145
NB 1A ST SW @ 60 AV SW,50.9993193,-114.0675395
EB 44 AV NE @ 36 ST NE,51.0910776,-113.9807351
EB Heritage DR @ 5 ST SW,50.9795005,-114.0792619
SB Chelsea Drive @ south of Merganser Drive West,51.0355441,-113.8589357
WB Evanston DR @ Evansfield GA NW,51.1798723,-114.1150945
NB Ogden RD @ 50 AV SE,51.0067948,-114.0114874
EB 37 AV NE @ 29 ST NE,51.0866154,-113.991166
NB Harvest Hills DR @ Harvest Lake DR NE,51.1464791,-114.0489337
NB 14 ST SW@ Joliet AV,51.026342,-114.094602
SB Woodpark BV @ Woodstock RD SW,50.944563,-114.1092034
NB Hunterview DR @ 72 AV NW,51.1166589,-114.081248
EB 26 AV NE @ W. of 36 ST NE,51.0777502,-113.9846877
WB Auburn Meadows DR @ Auburn Meadows ST SE,50.8940676,-113.9437709
EB Discovery Ridge BV @ Discovery Ridge LI SW,51.0116236,-114.2061535
NB Panamount BV @ W. Leg Panamount RD NW,51.1573676,-114.0924037
Chinook LRT Station EB,50.9970929,-114.0669957
Castleridge Boulevard Station (SB),51.0991478,-113.9586088
EB Willingdon BV @  Willacy DR (W. Leg) SE,50.9515353,-114.0531484
NB 14 ST SW@ 17 AV SW,51.038287,-114.0945963
EB Country Hills BV @ Cornerstone ST NE,51.1541444,-113.9413878
EB Masters AV @ Master HT SE,50.8923475,-113.921769
SB 4 ST SW@ 21 AV SW,51.0338917,-114.0716758
EB 8 AV NE @ 19 ST NE,51.0595342,-114.0126465
WB Hawkwood RD @ Hawkwood WY NW,51.1299862,-114.1910502
Saddletowne Terminal Stop F,51.1246114,-113.9487964
NB Arbour Lake WY @ Arbour Lake PL NW,51.136931,-114.1905284
WB Hidden Valley DR @ Hidden PA NW,51.1468241,-114.1158957
EB Panorama Hills WY @ Panorama Hills RD NW,51.1535966,-114.0728235
WB 46 AV SW @ Gladeview CR,51.0125577,-114.1458546
NB Ogden RD @ 17A ST SE,51.0176925,-114.0173376
SB Sherwood BV @ Sherwood WY NW,51.1598947,-114.1467353
WB 26 AV SE @ Southwood DR,51.0306038,-113.9862957
Rockyview Hospital Main Entrance (NB),50.9895758,-114.0962443
WB Beddington TR NW @ Hidden Creek DR NW,51.1539997,-114.1066377
SB Chaparral Valley DR @ Chaparral Valley TC SE,50.8835777,-114.0155505
EB Coventry Hills WY @ Covepark GA NE,51.1708035,-114.0504906
SB Bridleridge WY @ Bridleglen MR SW,50.9053532,-114.1106243
NB 10 ST @ Rosehill DR NW,51.0788482,-114.0858173
WB Bow TR @ 40 ST SW,51.0463666,-114.1446462
SB 8 ST NE @ 68 AV NE,51.1152102,-114.0447269
EB 14 ST SW @ Ramp To 9 AV SW,51.0460026,-114.094156
EB 78 AV NE @ Huntham RD NE,51.121833,-114.0662089
WB John Laurie BV @ Nose Hill DR NW,51.1282427,-114.1954157
NB 44 ST SE @ 8 AV SE,51.0454978,-113.9698891
NB Deer Ridge DR @ Deercrest CL SE,50.9292017,-114.0160311
WB 30 AV SE @ 41 ST SE,51.0269418,-113.9747802
WB 48 AV NW @ North Haven DR,51.0988392,-114.086971
WB Willingdon BV @ Wilkes RD SE,50.9509221,-114.0516636
SB Elbow DR @ 75 AV SW,50.9856186,-114.0832811
WB 17 AV SE @ 44 ST SE,51.037864,-113.9707014
SB Macleod TR @ 42 AV SW,51.0155231,-114.064834
SB 4 ST NW @ S. of 72 AV NW,51.116275,-114.0716545
EB Skyview CI @ Skyview Ranch DR NE,51.1571843,-113.9507345
SB 29 ST NW @ 16 AV NW,51.0678029,-114.1293076
EB Canada Olympic DR @ W. of Na'a DR SW,51.0821453,-114.2131529
EB Martindale BV @ Martinbrook GA NE,51.1142694,-113.9562291
EB Rocky Ridge BV @ Rocky Ridge DR NW,51.1431204,-114.236981
EB Woodpark BV @ 24 ST SW,50.9356367,-114.1174301
WB Woodfield RD @ WoodhavenCR SW,50.9338273,-114.1272216
SB Shawville BV @ 162 AV SE,50.9031091,-114.0656946
SB Centre St N @ Bergen CR N,51.13197,-114.0716189
EB Tuscany BV @ Tuscany Hills RD NW,51.1250694,-114.2419752
WB Bridgeland - Memorial CTrain Station,51.0490098,-114.0398696
WB Panamount BV @ Harvest Hills BV N,51.1602135,-114.0719753
WB 4 Street SW Station (Free Fare Zone),51.0468093,-114.0724303
EB Palliser DR @ 19 ST SW,50.9666417,-114.1057809
NB 17A ST SW@ 23 AV SW,51.0335211,-114.1033396
SB Martindale DR @ Martin Crossing DR NE,51.1185568,-113.953549
Anderson LRT Station,50.9543398,-114.0738056
WB Mission Rd @ 34 AV SW,51.0229057,-114.0651362
EB Douglasdale BV @ Douglas Woods RI SE,50.9419053,-113.9957974
NB 45 ST SE @ Market ST SE,50.8798916,-113.9465049
36th Street SE Station (WB),51.0378768,-113.9824151
EB 5 AV SW @ 9 ST SW,51.0488924,-114.0837863
WB Suncrest WY @ Sunhurst RD SE,50.9038524,-114.0463892
SB Varsity Estates DR @ Varsity Estates CR NW,51.1062999,-114.1787712
SB 53 ST NW @ Varsity Estates DR,51.0961359,-114.1646488
Southland LRT Station EB,50.9641747,-114.0775317
SB Auburn Bay BV @ Auburn Bay AV SE,50.8976224,-113.9624644
EB Rundlehorn DR @ 48 ST NE,51.0707564,-113.9643694
SB 37 ST SW @ 17 AV SW,51.0374822,-114.141365
69 Street West LRT Station,51.0374062,-114.1863071
SB Fairmount DR @ 94 AV SE,50.9682851,-114.0592532
NB 8 ST SW @ 14 AV SW,51.0403983,-114.0815093
WB 20 AV NW@ 14 ST NW,51.0706042,-114.0952699
WB Castleridge BV @ 54 AV NE,51.1036636,-113.9691748
WB 14 AV NW @ 14 ST NW,51.064486,-114.0980941
SB Prestwick CI @  Prestwick MR SE,50.9261243,-113.972349
WB 26 AV SW@ 49 ST SW,51.0305806,-114.1586545
SB Elbow DR @ Cantabrian DR SW,50.9457924,-114.0852208
NB Sierra Morena BV @ Sierra Morena GV SW,51.0170773,-114.1856762
NB James McKevitt RD @  Shawnessy BV SW,50.9146392,-114.0998753
NB 16 ST SW @ 40 AV SW,51.0184986,-114.1003976
EB Heritage DR @ Bonaventure DR SE,50.9794868,-114.0672368
EB 112 AV NW @ Twelve Mile Coulee  RD,51.1537331,-114.2560406
WB 33 AV SW @ 18 ST SW,51.0240489,-114.1051285
40th Avenue N Station (NB),51.0891104,-114.0623313
SB Copperfield BV @ Copperfield GD SE,50.9093615,-113.9449112
WB 26 Av SW @ St. Gregory School,51.0306046,-114.1583806
SB Deer Run  BV @ Deercross RD SE,50.925023,-114.0060087
WB 17 AV SW @ 77 ST SW,51.0381261,-114.1995655
WB Castleridge BV @ Westwinds DR NE,51.1013569,-113.9638611
SB Harvest Hills BV @ Country Hills BV NW,51.152303,-114.0657115
EB 21 AV @ Hurst RD SE,51.0345095,-114.0380411
Tuscany Station - Rocky Ridge Terminal,51.1348543,-114.2345426
NB University DR @ N. of 14 AV NW,51.0655317,-114.120355
WB Braeside DR@ Brookpark DR SW,50.9542373,-114.1097562
EB Ranchlands BV @  Ranchglen DR NW,51.1181009,-114.1877271
WB 58 AV SW @ 2 ST SW,51.0014401,-114.0681755
WB Evanston VW @ Evansmeade WY NW,51.1647205,-114.1146787
SB 49 ST NW @ 34 AV NW,51.0826444,-114.158377
NB Arbour Crest DR @ Arbour Crest RI NW,51.1370146,-114.2082801
WB 23 AV NE @ 32 ST NE,51.0728283,-113.9895053
EB 61 AV SE @ 48 ST SE,50.9988668,-113.9637456
NB 68 ST SE @ 14 AV SE,51.040915,-113.934918
SB Fairmount DR @ Farrell RD SE,50.991782,-114.0639814
NB Wentworth RI @ Wentworth DR SW,51.0571193,-114.2133336
WB 96 AV NE@ Harvest Rose PA,51.1417253,-114.0632499
EB Downtown West-Kerby Station (Free Fare Zone),51.0471298,-114.0876984
SB Douglas Glen Term south bay,50.9531294,-113.9981407
SB @ Rocky Ridge Recreation Centre,51.1573374,-114.2325454
SB 52 ST SE @ Prestwick AV,50.9219078,-113.9584968
NB Ogden RD @ 34 AV SE,51.0237467,-114.0307691
NB Berkshire RD @ Bermuda DR NW,51.1328429,-114.0831434
NB Seton WY SE @ Superstore (S of Seton CR),50.8744494,-113.9569649
WB Laguna WY @ Catalina BV NE,51.0842004,-113.9318699
NB  Everridge DR @ Evermeadow GA SW,50.9113553,-114.1220046
WB Bowness RD @ 63 ST NW,51.085662,-114.1797137
EB 40 AV NW@ 37 ST NW,51.0873993,-114.1405474
EB Whitehorn DR @ Whiteview RD NE,51.0846869,-113.9694551
EB Madigan DR @ Madeira DR NE,51.0624594,-113.9531789
SB  Berkely DR @ S. of Beaconsfield CR NW,51.1269579,-114.0985804
SB Hawkwood DR @ Hawkville CL NW,51.1336395,-114.1834516
NB Bowness RD @ 42 ST NW,51.0682161,-114.1545046
WB 40 AV NW @ Vardell RD,51.0881105,-114.1431457
EB Hospital DR @ Health Science CE NW,51.0664471,-114.1319711
EB Shaganappi Point CTrain Station,51.0415293,-114.1241957
EB Arbour Lake RD @ Arbour Stone CR NW,51.1333869,-114.2168335
WB Dalhousie DR @ 53 ST NW,51.1084254,-114.1629104
EB Lake Bonavista DR @ Lake Moraine WY SE,50.9372495,-114.0523724
WB Memorial DR @ Marlborough WY NE,51.0527624,-113.9780917
NB Legacy Village LI @ 210 AV SE,50.8634661,-114.0261043
SB 52 ST NE @ S. of 44 AV NE,51.0884805,-113.9586378
NB Fairmount DR @ Fairview DR SE,50.9879445,-114.0630408
Marlborough LRT Station (WB 8 AV NE @ 36 ST NE),51.059617,-113.9826266
WB Prospect AV @ Carleton ST SW,51.0324755,-114.0887833
WB 90 AV SE @ Fairmount DR SE,50.9723316,-114.0597782
SB Sienna Park DR @ Sienna Park PL SW,51.0248532,-114.1806411
NB 20 ST SW@ 50 AV SW,51.0091656,-114.1092496
WB 90 AV SE @ Bonaventure DR SE,50.972334,-114.0660921
EB Glenmore TR @ Crowchild TR SW,50.9995075,-114.1166213
WB Tuscany BV @ Tuscany WY NW,51.1237744,-114.2470948
EB 8 AV NE @ McNeill RD,51.0595998,-114.01697
SB Elbow DR @ 36 AV SW,51.0212943,-114.0779608
EB Taradale DR @ Tararidge DR NE,51.1138454,-113.9399944
WB  Willingdon BV @ Wilmer RD SE,50.9524423,-114.0545151
Richmond Road Station (NB),51.0222088,-114.1409874
NB 24 ST @ 98 AV SW,50.9653481,-114.1178436
NB Northland DR @ N. of Northmount DR NW,51.0983863,-114.1410977
EB MacEwan DR @ MacEwan Ridge GA NW,51.1397913,-114.1155765
EB Northmount DR @ Charleswood DR NW,51.089053,-114.1167081
NB Tuscany HL @ Tuscany Meadows DR NW,51.1149509,-114.2466021
SB California BV @ 200 California  PL NE,51.071911,-113.9266582
EB Bowness RD @ 85 ST NW,51.0914852,-114.2102102
WB 26 AV SW @ 45 ST SW,51.0306129,-114.153332
EB Taradale DR @ Tarington RD NE,51.1140376,-113.9308643
Mt Royal University W Gate EB,51.0141083,-114.1331072
NB Walden CM @ 210 AV SE,50.866094,-114.0284515
NB Falconridge BV @ Falworth RD NE,51.103187,-113.9555146
WB Castleridge BV @ Falconridge BV NE,51.100046,-113.9592498
NB Edgepark BV @ Edgebyne CR NW,51.1291968,-114.1563622
Falshire Drive Station (SB),51.1064896,-113.9503966
SB 69 ST NW @ 34 AV NW,51.0833802,-114.1882265
NB Country Hills BV @  N. of 112 AV NW,51.1511207,-114.2144218
SB Sarcee RD @ S.of 40 AV SW,51.0165119,-114.1361574
WB 8 AV NE @ 17A ST NE,51.0599098,-114.0181918
EB Val Gardena BV @ St Moritz DR SW,51.0332132,-114.2128001
EB Richmond RD @ 44 ST SW,51.0191544,-114.1511536
SB Oakfield DR @ Southland DR SW,50.9608955,-114.1324449
EB 12 AV NE @ 4 ST NE,51.063238,-114.0525652
EB 8 AV NE @ 13A ST NE,51.0590887,-114.0289982
SB Nose Hill DR @ Scenic Acres BV NW,51.1174365,-114.205774
EB 106 AV SE @ 46 ST SE,50.9578422,-113.9678794
WB 1 AV NE@ 10 ST NE,51.0532857,-114.0388618
NB 53 ST NW @ Dalhousie DR,51.1082847,-114.1615617
SB 14 ST NW @ Northmount DR,51.0834215,-114.094895
NB Fairmount DR @ 88 AV SE,50.9743373,-114.0595546
NB 52 ST SE @ 17 AV SE,51.0386019,-113.958255
SB 11 ST SE @ 21 AV SE,51.0343314,-114.0369069
EB 9 AV SW @ 16 ST SW,51.0452387,-114.0977996
WB Symons Valley PY @ Symons Valley RD NW,51.1682009,-114.1334865
NB 16 ST SW @ 48 AV SW,51.0110428,-114.1004352
WB Sherwood BV @ Sherwood PL NW,51.161681,-114.1559217
NB Carrington BV @ 140 AV NW,51.1820689,-114.0899485
NB Catalina BV @ 26 AV NE,51.0764597,-113.93134
WB Abbeydale DR @ Abbotsford DR NE,51.0612236,-113.9279804
WB Southport WY @ Southport RD SW,50.9578736,-114.0737544
SB Savanna ST @ Savanna BV NE,51.1340982,-113.9525455
SB Arbour Lake RD @ Arbour Stone CR NW,51.133151,-114.217877
4th Street NW Station (EB),51.0667628,-114.0709666
SB Harvest Hills BV @ Harvest Oak GA NE,51.1465311,-114.0643904
NB Ogden RD @ 38 AV SE,51.0205053,-114.0299353
WB Tuscany DR @ Tuscany Ridge CL NW,51.119513,-114.25161
SB 85 ST SW @ Old Banff Coach RD,51.0665224,-114.2112269
EB Bow Tr @ 24 ST SW,51.0414376,-114.1186541
SB 16 AV NW @ 43 ST NW,51.0676448,-114.1577831
WB Heritage DR @ 5 ST SW,50.9796513,-114.0795374
NB 44 ST SE @ 72 AV SE,50.9900473,-113.9700553
SB Legacy Village Li @ 210 Av SE,50.8638166,-114.026271
NB 4 ST NE @ Blackthorn RD NW,51.1091919,-114.0568136
EB Abbotsford DR @ 68 ST NE,51.0627331,-113.9344182
WB 144 Av NW @ Lucas Bv,51.1835148,-114.0764831
SB 20A ST SE @ 74 AV SE,50.9865243,-114.0102878
Vista Heights Terminal (SB 19 ST NE @ 24 AV NE),51.0741163,-114.0131518
SB Macleod TR @ 50 AV SW,51.0091225,-114.0678476
EB Palliser DR @ 22 ST SW,50.9689097,-114.112734
EB Deer Run DR @ Deer Park DR SE,50.9179539,-114.0078004
SB 4 ST NE @ 60 AV NE,51.1053544,-114.056586
19th Street NE Station (EB),51.0668056,-114.0124635
WB Queensland DR @ Queen Anne WY SE,50.940059,-114.0206174
WB Symons Valley PY @ Evanston LI NW,51.1805489,-114.1017548
SB Old Banff Coach RD @ Coach Hill RD SW,51.0623764,-114.184627
EB 34 AV SE @ 26 ST SE,51.0230987,-113.997973
EB Aero DR @ Aero WY NE,51.1364004,-114.0274619
EB Southland DR @ Acadia DR SE,50.9639155,-114.048288
WB 5 AV NW @ 22 ST NW,51.0573319,-114.1135707
WB Skyview Ranch RD @ Skyview Ranch ST NE,51.1630279,-113.9561012
EB 26 AV SE @ 11 ST SE,51.0305222,-114.0358134
EB 40 AV N @ Centre ST N,51.0886876,-114.0626866
WB Walden DR SE @ Walgrove CL SE,50.8657709,-114.023824
Heritage LRT Station,50.9788422,-114.075174
EB Crestmont DR @ Cresthaven RI SW,51.0826933,-114.265575
EB Bow TR @ Rossmere RD SW,51.0474655,-114.1487595
EB 106 AV SE @ 48 ST SE,50.9578146,-113.9650185
EB Unwin RD @ Usher RD NW,51.0719283,-114.126982
SB 28 ST SE @ 26 AV SE,51.0301063,-113.9921194
EB 40 AV NW @ 42 ST NW,51.0882081,-114.1500907
EB 106 AV SE @ 50 ST SE,50.9577313,-113.9607797
SB 52 ST @ Auburn Bay AV SE,50.8905873,-113.9427416
WB 66 AV SW @ 34 ST SW,50.9946373,-114.1361937
SB Harvest Hills BV @ Country Hills RD NW,51.1420654,-114.0700274
SB 9 ST SE @ 34 AV SE,51.022759,-114.0407587
SB Edgebrook DR@ Edgebank CI NW,51.1283537,-114.1387747
WB 64 AV NE @ 4 ST NE,51.1107039,-114.0579178
NB 45 ST SW @ Rossmere RD,51.0467939,-114.1525678
EB Varsity Estates DR @ Varsity Estates RI NW,51.0964096,-114.1666604
1st Street SW,51.0466688,-114.0654743
NB California BV @ Del Ray GA NE,51.0734854,-113.9263254
NB 36 ST NE @ Whitefield DR,51.0888994,-113.9813769
EB Glenmore TR @ Elbow DR SW,50.9940154,-114.08656
SB Fairmount DR @  Fairview DR SE,50.9874169,-114.0624471
EB Sunmills DR @ Sunlake CL SE,50.8984428,-114.0451813
EB Silver Springs RD @ Silver Springs WY NW,51.1095063,-114.201766
WB 58 AV SE @ 2 ST SE,51.0014595,-114.0607186
WB Martindale BV @ Martinview RD NE,51.1131806,-113.9620882
WB 32 AV NW @ Collegiate BV,51.0815995,-114.1380864
EB Kincora Glen RD @ Kincora Glen GR NW,51.1650026,-114.1351455
NB New Brighton DR @  Brightstone GV SE,50.9233848,-113.9546005
SB Shawinigan DR @ Shawnessy BV SW,50.9134648,-114.0895615
SB 40 ST SE @ 122 AV SE,50.9395872,-113.9737276
WB Everridge DR @ 24 St SW,50.9109461,-114.1178184
NB Hidden Valley DR @ 100 Hidden Vale PL NW,51.1455685,-114.1044054
WB Symons Valley Py @ Sage Meadows Gr NW,51.1682365,-114.1260348
Crowfoot LRT Station,51.1235914,-114.2073891
NB 77 ST NW @ 36 AV NW,51.0859869,-114.199202
WB Douglas Glen BV @ 18 ST SE,50.956876,-114.0081619
WB University WY @ Craigie Hall,51.0760639,-114.1270484
EB Memorial DR @ Penbrooke DR SE,51.0522952,-113.9411449
SB 19 ST NE @ 18 AV NE,51.0685287,-114.013683
WB 17 AV SE @ 52 ST SE,51.0379658,-113.9595279
EB Centre AV @ 16 ST E,51.0523707,-114.0153227
EB Douglasdale BV @ Douglas Park BV SE,50.9420643,-113.9995316
SB 19 ST NE @ 10 AV NE,51.0618939,-114.013468
NB Cranston DR @ Cramond DR SE,50.892415,-113.9800623
SB 36 ST E @ Memorial DR,51.0507491,-113.9819761
WB Hidden Valley DR @ Hidden Spring CI NW,51.1517344,-114.1117493
NB 68 ST E @ Memorial DR,51.0528167,-113.9348909
WB Panatella BV @ Panton LD NW,51.1705242,-114.0821527
SB Coventry Hills BV @ Country Village LD NE,51.1570233,-114.0527675
WB @ Citadel Terminal NW,51.1442184,-114.19622
EB 5 AV & Centre St S fs,51.0482666,-114.0619413
EB 50 AV SW @ Richard RD,51.0086516,-114.128515
EB Temple DR @ 64 ST NE,51.0851214,-113.9405779
EB 17 AV SW @ 73 ST SW,51.0376331,-114.1941313
SB 52 ST SE @ Auburn Meadows AV SE,50.897667,-113.9438878
EB 46 AV SW @ Glacier DR,51.0123666,-114.1435565
WB Masters AV @ Marine DR SE,50.8928629,-113.9260672
Saddletowne Terminal Stop H,51.1245855,-113.9485952
SB Invermere Drive @ Willowmere Close,51.049633,-113.8352697
WB Cranston BV @ Cranfield LI SE,50.8939527,-113.9874511
SB 14 ST SW @ 23 AV SW,51.0329226,-114.0948179
NB 77 ST SW @ Spring Valley WY,51.0242928,-114.199216
SB Elbow DR @ Canata CL SW,50.9439511,-114.086048
EB 42 AV SE @ 11 ST SE,51.0159642,-114.036714
WB Strathcona DR @ Stradbrooke RI SW,51.0434551,-114.179554
SB 16 ST SW @ 42 AV SW,51.0157608,-114.1006255
SB 4 ST NW @ 27 AV NW,51.0766108,-114.0717764
SB Prestwick BV @ Prestwick CI SE,50.9185844,-113.9656951
NB 68 ST SE @ 106 AV SE,50.9631029,-113.9349762
NB 8 ST SW @ 19 AV SW,51.0364547,-114.0817145
SB 21 ST NE @ 27 AV NE,51.0763916,-114.0091642
SB Acadia DR @ 120 AV SE,50.9446055,-114.0426948
NB 24 ST @ Palliser DR SW,50.9691121,-114.1176817
NB  Douglas Park BV @ Douglasview RD SE,50.9356304,-113.9900096
WB 1 AV NE @ 7 ST NE,51.053308,-114.0468139
NB Lake Fraser DR @ S. of Canyon Meadows  LRT Stn,50.9345586,-114.065915
WB Martindale DR @ Martindale CL NE,51.1125209,-113.954715
SB SAIT / AUArts / Jubilee CTrain Stn,51.0629853,-114.0912792
NB Saddlemont BV @ Saddlefield DR NE,51.1296698,-113.9380186
NB Woodpark BV @ Woodpark RD SW,50.9454164,-114.1087944
WB Weston DR @ 73 ST SW,51.0633208,-114.1947186
WB 46 AV NW @ 77 ST NW,51.0941543,-114.1999652
EB Bermuda DR @ Berkshire RD NW,51.132381,-114.0826579
WB Na'a Drive SW @ Sarcee Tr SW,51.0785787,-114.1913236
SB Sunpark DR @ Sun Valley BV SE,50.905765,-114.0553999
NB 52 ST NE adjacent to Saddlecreek CR,51.1281042,-113.9582165
WB Homestead AV NE @ Homestead DR NE,51.1252689,-113.9158353
EB Temple DR @ 56 ST NE,51.0851147,-113.9516751
NB 4 ST NW @ 20 AV NW,51.0709804,-114.0714325
EB 44 AV NE @ 49 ST NE,51.0913644,-113.9619622
SB 30 AV SE @ 28 ST SE,51.0264483,-113.9918857
EB 38 AV SW @ 14A ST SW,51.0200843,-114.0954356
EB Mahogany GA @ 52 ST SE,50.8992941,-113.9432677
EB MacEwan DR @ MacEwan Park CI NW,51.1352674,-114.1142431
WB Northmount DR @ 4 ST NW,51.1027122,-114.0720693
SB 37 ST NW @ Symons Valley PY NW,51.1668543,-114.1413041
EB Coventry Hills WY @ Coville GA NE,51.1715896,-114.0432964
EB Country Hills BV @ Coventry BV NE,51.154102,-114.0414545
NB Woodbine BV @ Woodbrook RD SW,50.9454395,-114.1363582
NB Centre ST N @ 16 AV N,51.0673894,-114.0623943
SB 4 ST NE @ Grier PL,51.1016566,-114.0536223
SB Taradale DR @ Taravista WY NE,51.1163085,-113.9272553
WB 17 AV SW @ 85 ST SW,51.0380855,-114.2095573
SB Scenic Acres DR @ Scenic Acres BV NW,51.1155781,-114.2225201
WB Front ST @ Main Ent. South Health Campus SE,50.8811531,-113.9508189
WB Saddlecrest BV @ Saddlecrest GD NE,51.1374743,-113.9373818
SB Edgepark BV @ S. of Country Hills BV NW,51.1378604,-114.1571736
NB Canterbury DR @ Cannell RD SW,50.9407266,-114.075088
SB 14 ST NW @ MacEwan DR,51.1343973,-114.1073207
EB Richardson WY @ Lincoln WY SW,51.012481,-114.137575
WB Ogden RD @ 16A ST SE,51.0186878,-114.0203826
SB Woodfield RD @ Woodpark BV SW,50.9358414,-114.1246347
SB 68 ST SE @ 72 AV SE,50.9891302,-113.9354413
NB Edmonton TR @ 29 AV NE,51.079149,-114.0550234
EB Coventry Hills WY @ Coventry GD NE,51.1646138,-114.0512963
NB Shawville BV @ Shawville GA SE,50.8999465,-114.0634071
SB Crowfoot CR @ N. of Crowfoot WY  NW,51.1257535,-114.2000118
SB 51 ST SW @ Glenbrook PL,51.0214049,-114.1611982
EB Northmount DR @ Button RD NW,51.0959557,-114.1380766
NB Macleod TR @ 36 AV SE,51.02189,-114.0601246
WB Kincora Glen RD @ Symons Valley RD NW,51.1654946,-114.1307818
SB 85 ST NW @ 48 AV NW,51.095473,-114.2110985
EB 17 AV SW @ 9A ST SW fs,51.0377694,-114.085411
SB Signall Hill DR @ Sienna Park DR SW,51.0287682,-114.1826
NB  McKenzie DR @ McKerrell WY SE,50.9048766,-113.981681
EB 86 AV SE @ W. of 60 ST SE,50.9758955,-113.9502749
54 Avenue SW Station (NB),51.0053495,-114.1177073
SB Acadia DR @ Williow Park DR SE,50.9595838,-114.0438227
WB Rundlehorn DR @ 40 ST NE,51.0711867,-113.9749906
WB Silverado Skies DR @ Silverado Skies LI SW,50.887983,-114.0798882
EB 76 AV SE @ 40 ST SE,50.9850054,-113.9770916
NB Sherwood BV @ Sherwood LI NW,51.1609854,-114.1499637
SB Silver Ridge DR @ Silver Hill RD NW,51.107026,-114.1977296
NB 19 ST NE @ 27 AV NE,51.077361,-114.0115433
NB 24 ST SE @ Quarry Park BV,50.9638854,-114.001555
EB Rocky Ridge BV @ Rocky Ridge CI NW,51.1445976,-114.2439279
NB Nose Hill DR @ John Laurie BV NW,51.1283246,-114.1935811
NB 17A ST SW @ 17 AV SW,51.0375921,-114.1028288
SB Huntington ST @ 78 AV NE,51.1207012,-114.0541523
WB Memorial DR @ 44 ST NE,51.052972,-113.9705569
SB 53 ST NW @ Valparaiso PL,51.1006773,-114.1646136
WB Maryvale DR @ 52 ST NE,51.0568571,-113.9580714
WB 39 AV NE @ 23 ST NE,51.0883265,-114.0066513
WB 17 AV SW @ 35 ST SW,51.0378934,-114.1387617
SB Country Hills DR @ Country Hills VW NW,51.1463548,-114.07695
WB Westwinds DR @ 47 ST NE,51.1002372,-113.9662904
NB 52 St SE @ 21 AV SE,51.0349609,-113.9582283
SB Signall Hill DR @ Sienna Ridge LD SW,51.0247558,-114.1773524
NB Midridge DR @ Midlake BV SE,50.9154209,-114.0617353
EB Dover Ridge DR @ Doverview DR SE,51.0210254,-113.9846069
SB Douglas Glen BV @ Douglas Glen HT SE,50.9557534,-114.0110396
WB Southland DR @ Oakmoor DR SW,50.9614183,-114.1153352
EB Everridge DR @ Everridge WY SW,50.9107433,-114.1157964
WB Falshire DR @ Falshire CL NE,51.1054193,-113.9455807
NB Coventry BV @ Country Hills BV NE,51.1551025,-114.0422443
SB Dalhousie DR @ 66 AV NW,51.1119197,-114.1675404
EB 9 AV SW @ 9 ST SW,51.0451358,-114.0842792
EB 9 AV SW @ 5 ST SW,51.0448172,-114.0733408
NB Elbow DR @ 80 AV SW,50.9824923,-114.0830412
WB Panatella BV @ Pantego CL NW,51.1641004,-114.0960686
SB 52 ST SE @ McKenzie Terminal,50.9154851,-113.9570091
EB Legacy CI @ Legacy Woods CR SE,50.8538547,-114.0111869
NB Home RD @ Bowness RD NW,51.0760062,-114.1642953
SB Scenic Acres DR @ Scenic Acres BV NW,51.1188955,-114.2111223
SB Hidden Valley LI @ Hidden Valley VW,51.1511591,-114.1068169
EB 50 AV SW @ 21A ST SW,51.0086517,-114.1132024
SB Sarcee RD @ Tommy Prince RD SW,51.0207029,-114.1321055
SB Edgebrook DR @ Edgevalley WY NW,51.1343837,-114.1345132
EB Norfolk DR @ 64 AV NW,51.1099325,-114.0773569
NB Brisebois DR @ Capri AV NW,51.0957886,-114.1257738
NB 14 ST SW @ 21 AV SW,51.0353097,-114.0945972
EB Erin Woods BV @ 36 ST SE,51.018144,-113.9785762
EB Hidden Creek WY @  Hidden Creek BV NW,51.1599745,-114.1002702
SB Tuscany Springs HL @ Tusselwood DR NW,51.1345872,-114.2501355
WB 17 AV SW@ 1 ST SW,51.0379109,-114.0666001
EB 28 AV NE @ 60 ST NE,51.0779396,-113.9462782
NB Douglas Glen BV @ Douglas Glen ME SE,50.9521825,-114.0047325
SB Acadia DR @ Maplecroft RD SE,50.9578454,-114.0419534
WB 14 AV SE @ 49 ST SE,51.0409948,-113.9634487
SB Crowchild TR @ Kensington RD NW,51.0529045,-114.1182275
EB Chaparral DR @ Chaparral ST SE,50.8872597,-114.0355226
SB Skyview Ranch BV @ Skyview Ranch AV NE,51.1605812,-113.951197
SB Coventry Hills WY @ Coverton HT NE,51.1681014,-114.0399558
SB Rocky Ridge DR @ Rocky Ridge BA NW,51.141515,-114.2383208
WB New Brighton GA @ New Brighton DR SE,50.918496,-113.955398
NB Erin Woods DR @ Erin Green WY SE,51.0189557,-113.9731042
EB 34 AV NW @ Bowmanten PL,51.0836858,-114.1955139
NB Northmount DR @ Hendon DR NW,51.0958128,-114.0781621
WB Acadia DR @ 6 ST SE,50.9700943,-114.0493234
EB Saddlecrest BV @ W. Leg Saddlecrest CR NE,51.1373457,-113.9395121
WB Panatella BV @ Panamount ST NW,51.1633211,-114.0887146
NB 52 ST SE @ New Brighton GA,50.9187427,-113.9579576
SB Madigan DR @ Malvern DR NE,51.0578143,-113.9406524
WB Sunvale DR@ Sundown RD SE,50.8997084,-114.0507624
SB 4 ST SW @ 17 AV SW,51.037119,-114.0716377
NB 36 ST SE @ 12 AV SE,51.0428276,-113.9815054
NB 4 ST SW @ 19 AV SW,51.0365424,-114.0711362
WB Rundlehorn DR @ 59 ST NE,51.0716227,-113.9479079
EB Canyon Meadows DR @ Deer Ridge DR SE,50.9321571,-114.0162261
69 Street West LRT Station,51.0373957,-114.186693
EB 76 AV SE @ 20A ST SE,50.9849873,-114.0096313
SB Auburn Springs BV @ Auburn Bay AV SE,50.8909668,-113.9474769
WB 66 AV @ Lynnbrook GA SE,50.9941898,-114.0180904
SB Silverdale DR @ Silver Springs GA NW,51.1030579,-114.1864406
WB Panamount BV @ Panamount ST NW,51.1568341,-114.0868361
NB 29 ST NW @ 15 AV NW,51.0672926,-114.1290394
SB 52 ST NE @ Maryvale DR,51.0558322,-113.9570539
SB Laguna WY @ Anaheim GD NE,51.0879143,-113.9273821
WB Shawinigan DR @ Shawfield DR SW,50.9053127,-114.0814621
SB Nose Hill DR @ Crowfoot RD NW,51.1257331,-114.1969114
NB Elbow DR @ 32 AV SW,51.0250887,-114.0786206
EB Hospital DR @ Health Science CE NW,51.0664442,-114.1318899
WB Douglas Glen BV @ Douglas Glen PL SE,50.9511639,-114.0088565
WB Coventry Hills WY @ Covecreek GA NE,51.170395,-114.0515568
EB Cathedral Manor @ Varsity Estates VW NW,51.1055402,-114.1685592
EB 20 AV NW @ 16 ST NW,51.0704768,-114.0991897
EB 26 AV NE @ 66 ST NE,51.0760777,-113.9383762
EB Old Banff Coach RD @ 89 ST SW,51.0668852,-114.2158788
Richmond RD Terminal NB,51.0186434,-114.1604543
WB Prospect AV @ 10 ST SW,51.0324693,-114.0863729
NB Simcoe BV @ Simcoe RD SW,51.0354474,-114.1787138
EB 9 AV @ 8 ST SE,51.0431156,-114.0409391
WB 100 AV NE @ 19 ST NE,51.1434574,-114.0141802
WB Varsity Estates DR @ 53 ST NW,51.096537,-114.1652385
SB Elbow DR @ Southampton DR SW,50.9526697,-114.0847049
NB Hidden Valley LI @ Hidden Valley DR NW,51.1513219,-114.1060902
EB 8 AV NE @ 19 ST NE,51.0595448,-114.013762
SB 20 ST SW @ Passchendaele AV,51.0138653,-114.1094277
NB 28 ST NE @ 5 AV NE,51.0571554,-113.9932059
SB Dover Ridge DR @ Doverthorn WY SE,51.0195445,-113.9878691
SB 4A ST @ 69 AV SW,50.9912751,-114.0742053
SB Crestbrook DR @ Crestbrook WY SW,51.0840384,-114.2716733
WB 26 AV SW @ 77 ST SW,51.0306567,-114.1974956
NB 51 ST SW @ 30 AV SW,51.0273793,-114.1609043
EB 17 AV SW @ Simcoe BV,51.0365098,-114.1776364
NB Seton WY @ Seton LI SE,50.8772452,-113.9567968
EB Rocky Vista DR @ Rocky Vista TC NW,51.1383075,-114.2365679
NB North Haven DR @ Namaka CR NW,51.0940907,-114.0891694
EB Memorial DR @ 68 ST SE,51.0523108,-113.9341936
SB Skyview Ranch WY @ S leg Skyview Springs CR NE,51.1598453,-113.9659879
WB Martin Crossing DR @ Martindale DR NE,51.1186533,-113.954353
SB Panamount BV @ S. of Panamount PZ NW,51.1612299,-114.0929446
WB 54 AV SW @ Crowchild TR,51.0052888,-114.117473
SB 17A ST SW @ 23 AV SW,51.032878,-114.1035224
SB Chaparral BV @ Chaparral DR SE,50.8853343,-114.0249087
WB @ Fish Creek-Lacombe Station,50.924331,-114.0744662
SB Citadel DR @ Citadel Meadow CL NW,51.1476921,-114.1813373
NB Redstone BV @ Red Sky WY NE,51.172301,-113.9508985
SB Laguna WY @ Los Alamos CR NE,51.0903575,-113.9269058
NB Rocky Ridge RD @ Royal Oak WY NW,51.149095,-114.2340355
SB Fish Creek - Lacombe CTrain Station,50.9237288,-114.0734081
NB 6 ST SW @ Shawville GA,50.898354,-114.072696
EB Scurfield DR @ Scotia PT NW,51.1222562,-114.2147588
NB 49 ST NW @ 34 AV NW,51.0845944,-114.1585616
EB Cornerstone HT @ 60 ST NE,51.157939,-113.9458771
NB Edgemont DR @ Edgemont HL NW,51.1139799,-114.1472226
EB Memorial DR @ Forest RD SE,51.0528796,-113.9576614
EB Panatella BV @ Panatella CL NW,51.1642647,-114.0757099
WB Auburn Bay DR @ Auburn Glen GR SE,50.8980245,-113.9530518
SB Falconridge BV @ Taracove Estate DR NE,51.1184813,-113.9470054
WB Manhattan RD @ Blackfoot TR SE,51.0113483,-114.0497256
NB 68 ST NE @ 43 AV NE,51.0919195,-113.9349339
NB Shawnessy CTrain Station,50.9107755,-114.070522
SB 68 ST SE @ 14 AV SE,51.0400983,-113.9353314
WB Nolan Hill BV @ Nolanshire PT 100 NW,51.1717232,-114.1620181
EB 120 AV NE @ 16 ST NE,51.1615443,-114.0223973
NB 7 ST SE @ 42 AV SE,51.0164092,-114.045755
WB Fish Creek BV @ Evergreen GA SW,50.9177538,-114.1083048
26th Street SE Station (WB),51.0375508,-113.9940481
EB 44 AV NE @ Whitefield DR,51.0924169,-113.9716633
SB Centre ST S @ 61 AV S,50.9973224,-114.0639593
SB Acadia DR @ Willowfern DR SE,50.9547908,-114.0410367
SB  Tusslewood DR @  Tusslewood HT NW,51.1358201,-114.2508114
EB Royal Oak DR @ Royal TC NW,51.1385571,-114.2303908
EB 26 AV SE @ Portland ST,51.030525,-114.0334453
NB 50 ST SW @ 40 AV SW,51.0166166,-114.1595943
EB 9 AV SW @ 11 ST SW,51.045228,-114.0876123
NB 52 ST SE @ 50 AV SE,51.0094304,-113.9582403
EB 9 AV SE @ 6 ST SE,51.0439749,-114.0486293
EB 64 AV N @ Centre ST N,51.1104998,-114.061603
Cedarbrae Station (SB),50.9534662,-114.1182203
NB Skyview Ranch WY @ Skyview Springs MR South NE,51.162072,-113.965796
SB 52 ST SE @ 50 AV SE,51.0081944,-113.9587918
WB 46 AV SW @ 37 ST SW,51.0125404,-114.1418347
Southland Leisure Centre (EB),50.9609972,-114.1051562
NB Coach Hill RD @ Coach Bluff CR SW,51.0575449,-114.1875606
WB Coventry Hills WY @ Covebrook GA NE,51.1690573,-114.0580805
SB Elbow DR @ 78 AV SW,50.9834604,-114.0833025
EB Coventry BV @ Coventry DR NE,51.1575475,-114.0441033
WB 40 AV NW @ 40 ST NW,51.0883339,-114.1478735
NB 89 ST @ Wentworth TC (N.leg) SW,51.0618745,-114.2166049
EB 6 Street SW Station (Free Fare Zone),51.0467715,-114.0748727
NB Skyview Ranch BV @ Skyview Point CM NE,51.158614,-113.9509921
Tuscany Station - Rocky Ridge Terminal,51.1350423,-114.2348458
NB Coventry Hills WY @ N. of Covepark SQ NE,51.1674951,-114.0623089
NB Bonaventure DR @ 135 AV SE,50.9322376,-114.0633652
EB Springbank GA @ Springbluff BV SW,51.0213345,-114.1902671
EB 26 AV NE @ Rundlelawn RD,51.0778398,-113.973544
NB 36 ST @ Whitehorn DR NE,51.0853839,-113.9815046
NB 52 ST SE @ 5 AV SE,51.0493739,-113.9556794
EB 44 AV NE @ 38 ST NE,51.0911936,-113.9779137
NB 18 ST SE @ LYTTON CR,50.9888498,-114.0153972
SB Bridlewood DR @ Bridlewood PL SW,50.8991391,-114.099445
Brentwood LRT Station SB,51.0869463,-114.1330775
SB Sarcee TR @ Citadel BV NW,51.1440611,-114.168432
SB 52 ST NE @ 23 AV NE,51.0736474,-113.9586259
WB Promenade WY @ E.Leg Promenade PA SE,50.9133544,-113.9612674
EB Nolan Hill DR @ Nolanfield PT NW,51.1785432,-114.1652939
NB Elbow DR @ Hagar PL SW,50.9659637,-114.0846841
SB 19 ST NE @ Valleyview RD,51.0706757,-114.0135733
SB 11 ST NE @ 53 AV NE,51.0996772,-114.0366038
NB Ranchlands BV @ Ranchero DR NW,51.1209843,-114.1939261
NB Strathcona DR @ Strathlea AV SW,51.0493429,-114.2078501
SB 44 ST E @ Memorial DR,51.0521254,-113.9701698
SB Sandstone DR @ Sanderling HL NW,51.1392539,-114.0935197
EB 76 AV SE @ 18 ST SE,50.9849816,-114.0150327
NB Shaganappi Tr @ Kincora Ga NW,51.1659048,-114.1490895
EB Canyon Meadows DR @ Bow Bottom TR SE,50.9312281,-114.0307261
EB Kensington RD @ 14 ST NW,51.0524587,-114.0940657
EB Rundlehorn DR @ 56 ST NE,51.0715151,-113.952054
EB Coral Springs BV @ Coral Sands PL NE,51.098572,-113.9307465
WB 7 ST @ MacDonald AV SE,51.0411498,-114.0459354
NB Dalton DR (West) @ Dalhousie DR NW,51.1045809,-114.1548781
WB Varsity DR @ Shaganappi TR NW,51.0936176,-114.1557757
SB Silver Springs DR @ Silver Springs CR NW,51.1100859,-114.1835844
EB Saddlecrest BV @ Saddlebrook WY NE,51.1370969,-113.9334521
EB Erin Woods BV @ Erin Woods PL SE,51.0190976,-113.9751058
SB 50 ST SW @ 46 AV SW,51.0121374,-114.1598596
WB Chaparral DR @ Chaparral BV SE,50.885856,-114.0256149
SB Midridge DR @ Midglen DR SE,50.9177453,-114.047985
NB Coral Springs BV @ Coral Reef LI NE,51.1083362,-113.9274987
WB Silver Springs BV @ Silver Ridge DR NW,51.1088873,-114.1973312
NB Copperfield BV @ Copperfield GV SE,50.9091808,-113.9387056
NB Woodpark BV @ 117 AV SW,50.9476925,-114.1088098
WB Fish Creek BV @ N. of Everbrook DR SW,50.9199623,-114.1099466
WB Harvest Hills DR @ Harvest Glen RI NE,51.1436519,-114.0539916
SB Legacy CI SE @ Legacy Village WY,50.8573492,-114.0173642
NB Panorama Hills DR @ Panorama Hills GA NW,51.1502789,-114.0840313
NB Coventry DR @ Coverton GA NE,51.1644264,-114.0428106
EB Falshire DR @ Falshire CL NE,51.1053138,-113.9446775
WB Hawkstone DR @ Hawkmount CL NW,51.1349126,-114.1761974
Mount Royal University Station (NB),51.0109314,-114.1264179
WB Cityscape DR @ Cityscape HE NE,51.152445,-113.9627951
WB Douglasdale BV @ Douglas Woods WY SE,50.9424299,-114.0008037
EB 61 AV SW @ 3 ST SW,50.9976028,-114.0690703
NB  Everridge DR @ Everhollow RI SW,50.9178728,-114.1240355
SB Parkland BV @ Parkwood WY SE,50.9289843,-114.0382121
WB Scenic Acres BV @ Scurfield WY NW,51.1193201,-114.2153499
EB Regal CR @ 7 ST NE,51.0632207,-114.0454718
WB Norfolk DR @ Theodore PL NW,51.1069963,-114.0811571
SB 49 ST NW  @ N. of 34 AV NW,51.084467,-114.1589793
SB 28 ST SE @ 9 AV SE,51.0442564,-113.9932
EB Northmount DR @ 14 ST NW,51.0829164,-114.0933572
WB 32 AV NW @ 39 ST NW,51.0816189,-114.1454594
WB Westwinds DR @ Castleridge BV NE,51.1002995,-113.9648476
WB Chaparral DR @ Chaparral WY SE,50.8871077,-114.0323753
SB 52 ST SE @ 126 AV SE,50.933707,-113.9584027
WB 76 AV SE @ 56 ST SE,50.985267,-113.952596
SB Falconridge BV @ Martindale BV NE,51.1136421,-113.9470102
NB Centre ST N @ 40 AV N,51.0891093,-114.0622886
NB Cityscape DR @ Cityscape BV NE,51.1479081,-113.9661936
SB Centre ST N @ Across from Samis RD NE,51.0558669,-114.0626445
Deerfoot Meadows Station (WB),50.98736,-114.0406805
EB 39 AV NE @ 21 ST NE,51.0882068,-114.0072447
SB Parkvalley DR @ W. of Parkridge DR SE,50.9133576,-114.0236331
WB 162 AV SW @ Shawbrooke DR,50.9042755,-114.0900639
SB Silverado BV @ Silverado Crest LD SW,50.8828939,-114.087201
WB 5 AV NW@ 19 ST NW,51.0573295,-114.1062062
NB Arbour Lake RD@ Arbour Meadows CL NW,51.1319415,-114.2180784
WB 24 AV NW @ Collegiate RD,51.0743609,-114.1437989
SB 14 ST SW@ 12 AV SW,51.0419611,-114.0948357
WB 6 AV SW @ 9 ST SW farside,51.0481205,-114.0845768
SB Mountain Park DR @ Mount Belcher PL SE,50.9101361,-113.9941171
WB 90 AV SE @ 40 ST SE,50.9723731,-113.9756515
WB Scenic Acres BV @ Scenic Hill CL NW,51.1172844,-114.2190022
EB 50 AV SW @ W. of 45 ST SW,51.0091271,-114.1559915
SB Parkland BV @ 146 AV SE,50.916621,-114.0246201
WB 50 AV SE @ 25 ST SE,51.0089315,-113.9992649
WB Woodview DR @ Woodglen GA SW,50.9413894,-114.1223702
SB Hidden Valley DR @ Hidden Valley GV NW,51.1486558,-114.1023101
SB  Patina DR @ Village GD SW,51.0566949,-114.166161
EB Queensland DR @ Queen Anne WY SE,50.9397394,-114.0193708
Anderson LRT Station,50.9541501,-114.0737748
WB 62 AV SE @ 17A ST SE,50.9977856,-114.0183586
EB 32 AV NW @ Campus DR,51.0813768,-114.1297092
EB 9 AV SE @ 16 ST SE,51.0361091,-114.0215385
SB Rundle CTrain Station,51.0751761,-113.9818424
EB Cranston DR @ W. Leg Cranridge HT SE,50.8828806,-113.9860287
WB Edgevalley WY @ E. of Edgevalley DR NW,51.1319901,-114.1454975
SB 19 ST NW @ Northmount DR,51.0871554,-114.1094425
NB Ogden RD @ S. of 50 AV SE,51.0042417,-114.0122846
WB 61 AV S @ Centre ST S,50.9978073,-114.0642851
SB 52 ST SE @ 68 AV SE,50.993522,-113.9587397
WB Canyon Meadows DR @ Deer River GA SE,50.9334148,-114.0108929
WB Edgemont DR @ Edgemont RD NW,51.1171027,-114.1495025
EB Spruce DR @ Windermere RD SW,51.052225,-114.1573007
WB Rundlehorn DR @ Pineset PL NE,51.071699,-113.9556556
SB Lake Fraser DR @ N. End of Avenida PL SE,50.9427409,-114.0682556
WB McKenzie Towne DR @ Promenade WY SE,50.9106184,-113.9572072
EB Wentworth DR @ 85 ST SW,51.0568442,-114.2100961
EB Coverntry Hills WY @ Coventry DR NE,51.1656358,-114.0426187
WB Northmount DR @ Columbia PL NW,51.0872171,-114.1072107
WB Strathcona DR @ 58 ST SW,51.0421708,-114.1721986
NB Evanston WY @ Evansglen  DR  NW,51.1769417,-114.1000393
NB Deer Run BV @ Deer Lane CL SE,50.9248893,-114.0057042
WB Kensington RD @ 14 ST NW,51.0525829,-114.0954422
SB Coventry Hills WY @ Covewood GR NE,51.1707156,-114.0406424
WB Bowness RD @ 79 ST NW,51.0890524,-114.20285
NB Harvest Hills DR @ Harvest Gold CI NE,51.1443719,-114.0607953
SB Redstone BV NE @ Redstone AV NE,51.1723722,-113.9512144
EB 44 AV NE @ 49 ST NE,51.0913644,-113.9619622
SB Ogden RD @ Highfield BV SE,51.0204308,-114.0304007
EB 4 AV NE @ Maidstone DR,51.0569288,-113.9528856
EB Westwinds DR @ Castleridge BV NE,51.1088212,-113.9693101
NB Deer Ridge DR @ 137 AV SE,50.9285336,-114.0265069
SB 16 ST SW @ 46 AV SW,51.0120543,-114.1006002
EB Signal Hill DR @ Signal Hill PT SW,51.0216146,-114.1739209
EB 26 AV NE @ West of 68 ST NE,51.0760867,-113.9359768
EB 17 AV SW @ Kelwood DR,51.0377099,-114.1463343
EB Old Banff Coach RD @ Patterson BV SW,51.05962,-114.1796131
WB 50 AV SE @ 36 ST SE,51.0089014,-113.9772482
NB 36 ST NE @ Rundlehorn DR,51.0719533,-113.9813954
SB 12 ST SE @ Hastings CR,51.0142098,-114.0349293
SB Evanspark BV @ Evansview GA NW,51.1701018,-114.1180983
NB 52 ST NE @ Madigan DR,51.0628233,-113.9581654
Dalhousie LRT Station NB,51.1041388,-114.1582584
WB Southland DR @ 5 ST SE,50.964157,-114.0528621
NB Douglasbank DR @ N. of Douglasbank CR SE,50.9454372,-114.0079286
EB Redstone AV @ Red Sky GR NE,51.1728413,-113.9560269
Westbrook LRT Station (EB Bow TR @ 33 ST SW),51.041469,-114.1362728
EB Dalhousie DR @ 53 ST NW,51.1074131,-114.1612293
WB 6 AV SW @ W. of 7 ST SW,51.0479974,-114.0796472
SB 24 ST SW @ 106 AV SW,50.9570176,-114.1181572
SB Douglasdale BV @ Douglasview RD SE,50.9383935,-113.9827556
NB Northland DR @ 52 AV NW,51.1014583,-114.1412938
NB 77 ST SW @ Weston DR,51.06352,-114.1992743
NB 37 ST SW @ 41 AV SW,51.01808,-114.1410518
SB 1 St NE @ 144 Av NE,51.1828485,-114.0694512
EB 162 AV SW @ Shoppes of Bridlewood,50.9065548,-114.1133809
EB Arbour Lake RD @ W. of Arbour Crest DR NW,51.1339188,-114.209339
WB 3 AV NW @ 34A ST NW,51.0591371,-114.1390501
SB Home RD @ 20 AV NW,51.0779458,-114.1645336
NB Douglas Glen BV @ Douglas Glen HE SE,50.9537299,-114.0100018
NB Saddletowne CI @ Taravista DR NE,51.1220707,-113.9442673
SB 1 ST @ 6 AV SW,51.0472936,-114.0655646
WB 6 AV NW @ 18 ST NW,51.0576504,-114.1019886
NB 52 ST NE @ Saddletree DR,51.1305419,-113.9582178
NB Macleod TR @ 50 AV SW,51.0084709,-114.0676891
NB 4 ST NW @ 42 AV NW,51.0908695,-114.0714895
WB Barlow - Max Bell CTrain Station,51.0455704,-114.0066035
WB Deer Ridge DR @ Deerview DR SE,50.925358,-114.0197926
WB Royal Oak DR NW @ Royal TC NW,51.1383654,-114.2251938
EB 5 AV SW @ 6 ST SW,51.0487003,-114.0764636
EB Crestmont BV @ Crestmont DR SW,51.0864546,-114.2629538
NB McKenzie Towne DR @ Elgin Meadows WY SE,50.9077469,-113.9608233
NB Lake Fraser DR @ N. of Canyon Meadows DR SE,50.9312379,-114.0653156
WB 88 AV NE @ 46 ST NE,51.1326456,-113.9663055
SB 45 ST SW @ 33 AV SW,51.0236329,-114.1525904
WB Saddlecrest BV @ 68 ST NE,51.1373154,-113.9345814
EB Auburn Bay DR @ Auburn Glen DR SE,50.8987056,-113.950646
WB 6 AV SW @ 10 ST SW,51.0482059,-114.0865549
NB Chaparral DR @ Chaparral VI SE,50.8853712,-114.0461796
NB 14 ST SW@ 15 AV SW,51.0397175,-114.0946066
WB Temple DR@ 64 ST NE,51.0849814,-113.9417582
SB MacEwan DR @ MacEwan Ridge GA NW,51.1394097,-114.1165153
WB Marbank DR @ 52 ST NE,51.0622536,-113.9594303
EB Saddlecrest BV @ Saddlecrest TC NE,51.1373046,-113.937599
NB 18 ST SE @ 69 AV SE,50.9913144,-114.0153958
Richmond Rd Terminal SB,51.0184862,-114.1602785
SB Canyon Meadows CTrain Station,50.9364056,-114.0699356
SB Saddlebrook DR @ Saddlestone DR NE,51.1286965,-113.9295517
EB Lake Bonavista DR @ Lake Arrow RD SE,50.9345366,-114.0413909
WB Country Hills BV @ Harvest Hills GA NE,51.1543871,-114.0488164
SB Saddletowne CTrain Station,51.1259019,-113.9483726
WB Sunmills DR @ Sunvista CL SE,50.8981267,-114.0334381
NB 19 ST SE @ 66 AV SE,50.9945026,-114.0134379
WB Castleridge DR @ Castledale CR NE,51.1079071,-113.9599195
EB 58 AV SE @ 9 ST SE,51.0016874,-114.0401903
NB Cranston DR @ Cranberry SQ SE,50.8910675,-113.9769695
SB Highfield CR @ 11 ST SE,51.0110416,-114.0355593
EB 50 AV SE @ 23 ST SE Near-side,51.0086578,-114.0044767
NB Willingdon BV @ Fairmount DR SE,50.9536016,-114.0598248
WB Lake Bonavista DR @ Lake Erie RD SE,50.939714,-114.0584236
WB Erin Woods BV @ Erin Dale CR SE,51.0183684,-113.9789039
NB 69 ST SW @ Springbank BV,51.0179144,-114.1909303
NB Fairmount DR @ 96 AV SE,50.9670238,-114.0588201
NB Woodbine BV @ Woodborough RD SW,50.9437564,-114.1348528
EB Woodpark BV @ Woodacres DR SW,50.9359526,-114.1214818
NB Sunnyside CTrain Station,51.0563997,-114.0843705
NB Walden BV SE @ Walden RI SE,50.8727622,-114.0297615
NB 19 ST E @ CENTRE AV,51.0527937,-114.0083024
SB 6 ST SW @ Somerset GA,50.8994485,-114.075165
NB 68 ST NE @ Faldale CL,51.1051461,-113.9348414
NB W. Creek Blvd @ W. Creek Close,51.0351592,-113.8340639
NB Dover Ridge DR @ Dovercroft RD SE,51.0195712,-113.9875108
WB Whitehorn DR@ Whitlock WY NE,51.0852757,-113.9744722
WB 26 AV SW @ 26A ST SW,51.0301357,-114.1257744
WB Kensington RD @ 11A ST NW,51.0525832,-114.091118
EB 8 AV @ Wentworth SQ SW,51.0632156,-114.2150585
EB Memorial DR @ 44 ST SE,51.0527243,-113.9693315
EB 112 AV NW @ Royal Vista DR NW,51.154061,-114.2003786
WB Fish Creek BV @ E. of Evercreek Bluffs GA SW,50.9214837,-114.1183623
WB McKenzie LakeWY @ 500 McKenzie Lake BA SE,50.9153291,-113.9804337
WB Southland DR @ Palliser DR SW,50.9615249,-114.1040195
EB 2 AV SW @ 5 ST SW,51.0514611,-114.0731372
WB 17 AV SW @ 38 ST SW,51.037867,-114.1424584
SB 77 ST NW @ Bowness RD,51.0883853,-114.1994427
SB 18 ST @ 66 AV SE,50.9937223,-114.0158826
SB Sarcee RD @ 44 AV SW,51.0154068,-114.1373092
SB 68 ST SE @ Abbercove DR,51.0498928,-113.9354209
28th Avenue N Station (NB),51.0782074,-114.0624256
NB 52 ST SE @ 126 AV SE,50.9343949,-113.9577371
Brentwood LRT Station NB,51.0866892,-114.1324936
SB Livingston HL NE @ Howse Heights NE,51.1859454,-114.0548849
EB 130 AV SE @ 48 ST SE,50.9318338,-113.9641903
NB 14 ST NW @ Sandarac DR,51.140755,-114.1087104
NB Northmount DR @ 44 AV NW,51.0937506,-114.0795063
WB Country Hills BV @ W.Leg Hamptons BV NW,51.1389548,-114.1577926
EB 5 AV SW @ 9 ST SW,51.0488426,-114.0828761
NB Charleswood DR @ 24 ST NW,51.0870937,-114.1196864
SB Fairmount DR @ 88 AV SE,50.9728722,-114.0594548
NB Ogden RD @ Millican RD SE,51.0004415,-114.010362
EB 80 AV NE @ Saddletowne CI,51.1251054,-113.9433665
NB 4 ST SW@ 11 AV SW,51.0428242,-114.0714147
EB 14 AV NW @ 19 ST NW,51.0650807,-114.1056383
WB Penbrooke DR @ Penbrooke CL SE,51.0457269,-113.9431333
EB Shannon AV @ Shannon GD SW,50.9092508,-114.0976922
SB Canterbury DR @ Canova RD SW,50.9476654,-114.0889054
SB 85 ST SW @ N. of Wentworth DR,51.0583576,-114.2111726
NB 68 ST NE @ Falconridge Dr,51.10165,-113.9349542
WB Bowness  RD @ 77 ST NW,51.0890432,-114.1998742
WB Mahogany BV @ Mahogany WY SE,50.9023619,-113.9262691
SB Woodbine BV @ S. Leg Wood Valley DR SW,50.9384385,-114.1325747
North Pointe Terminal E,51.1567674,-114.0692028
WB Silver Ridge DR @ Silver Ridge CL NW,51.1036568,-114.1933903
SB Edgemont BV @ Edgepark BV NW,51.1244609,-114.1517364
NB 33 ST NE @ 12 AV NE,51.0631289,-113.9859097
WB Redstone DR @ Red Embers GA,51.1684781,-113.9585249
SB Abbeydale DR @ 4 AV NE,51.054687,-113.9311678
SB 48 ST NW @ Sheldon PL,51.080823,-114.1600451
SB 11 ST SE @ S of 46 AV SE,51.0080402,-114.0374817
WB Southland DR @ E. of 14 ST SW,50.9623553,-114.0914764
NB Nose Hill DR @ Silvercreek DR NW,51.1143903,-114.2085301
SB Harvest Hills GA @ Harvest Hills MR NE,51.1525471,-114.0482617
WB Douglas Glen GA @ 24 ST SE,50.9540108,-114.0016669
EB 40 AV NW @ Varscliff RD,51.0881813,-114.1611795
NB Homestead DR NE @ Homestead BV NE,51.115239,-113.9151732
WB Dover Ridge DR @ 28 ST SE,51.0188072,-113.9920668
EB 76 AV SE @ 21A ST SE,50.9849941,-114.006738
WB Nolan Hill GA @ Shaganappi TR NW,51.1799545,-114.1610702
SB Dalton DR @ Belle North RD NW,51.1008834,-114.1509009
NB Centre ST N @ Samis RD N,51.0555326,-114.0623317
NB 24 ST SW @ Woodpark AV,50.94696,-114.1177402
EB 5 AV SW @ 7 ST SW,51.0487695,-114.0788708
SB Fairmount DR @ Farrell RD SE,50.985558,-114.0600707
NB 36 ST NE @ 108 AV NE,51.1515016,-113.9815499
WB 17 AV SW @ 69 ST SW,51.0380986,-114.1889886
NB 4 ST NW @ 36 AV NW,51.0853644,-114.0714804
WB Coach Hill RD @ Coach Side CR SW,51.0562074,-114.1824467
"NB Wolf Willow BV SE @ 194 AV SE, nearside",50.8772541,-114.0032356
SB Westwinds DR @ Prairie Winds Park NE,51.1049805,-113.9760853
WB Oakwood DR @ Palliser DR SW,50.9726568,-114.1341135
EB Country Hills BV @ 60 ST NE,51.1541444,-113.9453755
WB 130 AV SE @ 50 ST SE,50.9321301,-113.9632329
WB Heritage DR @ Flint RD SE,50.9796723,-114.0688923
54 Avenue SW Station (SB),51.0053449,-114.1182508
WB Varsity Estates DR @ Varsity Estates RI NW,51.0965353,-114.1677669
EB Nolan Hill BV @ Nolanshire GR NW,51.1726782,-114.1640484
SB 20 ST SW @ 38 AV SW,51.0193939,-114.1092976
Marlborough LRT Station (SB 36 ST NE @ 8 AV NE),51.0588932,-113.982117
WB Southland DR @ Brookpark BV SW,50.9614886,-114.1101748
EB Springbluff BV @ Springbank WY SW,51.0205415,-114.1943225
SB Centre ST N @ Centre CR N,51.0991994,-114.0625629
WB James McKevitt RD @ Shawnee GA SW,50.9214476,-114.0757002
SB 32 AV NE @ 6 ST NE,51.0881475,-114.0487529
EB 17 AV SW @ Sirocco DR,51.0377444,-114.1691869
WB 32 AV NE @ 23 ST NE,51.0815888,-114.0059299
WB Temple DR @ Templewood RD NE,51.0915583,-113.9542078
EB Sunridge WY @ Barlow TR NE,51.0732946,-114.0006402
EB Coventry Hills WY @ Covemeadow RD NE,51.1688692,-114.0614032
SB Elbow DR @ Hillary CR SW,50.9708323,-114.084778
EB Cityscape DR @ Cityscape PS NE,51.1522474,-113.9617354
WB 90 AV SW @ 24 ST SW,50.9723203,-114.1193464
NB 19 ST NE @ 18 AV NE,51.0693259,-114.013339
EB 17 AV SE @ 60 ST SE,51.0377378,-113.9461733
WB 11 AV @ 6 ST SW,51.0428591,-114.0774023
EB Berkley DR @ Berwick RD NW,51.1280405,-114.0893069
WB Symons Valley PY @ Evanston VW (East Leg)  NW,51.1683636,-114.1146186
NB Bowness RD @ 52 ST NW,51.0775925,-114.1709578
NB 24 ST SW @ Bridlecrest WY,50.9012117,-114.1170501
WB 9 AV SE @ The Confluence,51.0439722,-114.0454989
NB 5 ST SE @ 77 AV SE,50.9847959,-114.0494738
SB 36 ST SE @ Radcliffe DR,51.0476856,-113.9817758
EB Anderson RD @ Elbow DR SW,50.9502468,-114.0842158
WB 37 AV NE @ 29 ST NE,51.0867218,-113.9925016
NB 20 ST SW@ 38 AV SW,51.0200833,-114.1091691
NB Midlake BV @ Sun Valley BV SE,50.9072921,-114.0472383
NB Tuscany Springs HL @ Tuscany WY NW,51.1325012,-114.2528055
SB Haddon Rd @ Hogarth Rd,50.9740506,-114.0780825
SB 4 ST NW @ 40 AV NW,51.0868368,-114.0717301
EB Parkland BV @ Parkland PL SE,50.927869,-114.0343205
WB Rundlehorn DR @ Rundlewood DR NE,51.0707068,-113.9704261
EB Lancaster WY @ Leduc CR SW,50.9986136,-114.1288928
NB 85 ST SW @ Wentworth DR,51.0572467,-114.2107569
SB Sunpark DR @ Sunpark PZ SE Nleg,50.9038904,-114.0553632
EB Hawkstone DR @ Hawkmount GR NW,51.1348355,-114.1778462
SB Livingston HL NE @ Livingston VW NE,51.1902659,-114.0609374
EB Arbour Lake RD @ Arbour Stone RI  NW,51.133926,-114.2126552
Shawnessy LRT Station,50.9106934,-114.0697589
EB 17 AV SW @ Georgia ST SW,51.0377255,-114.1536092
EB  Douglas Park BV @ Douglas Park VW SE,50.9351946,-113.9891552
WB 21 AV NW @ 12 ST NW,51.0715156,-114.089245
WB McKinnon DR @ McKinnon Terrace NE,51.065907,-114.0085985
EB Parkdale BV @ 29 ST NW,51.0550824,-114.1288674
EB Northmount DR @ Chilcotin RD NW,51.0885388,-114.1140979
NB Sage Valley DR NW @ N.Leg Sage Valley PA NW,51.1816511,-114.1474091
WB 80 AV NE @ E. of Metis Tr,51.1254271,-113.9676536
NB Beacon Hill Ctr @ Canadian Tire,51.1606076,-114.1594251
NB Aspen Stone BV @ 17 AV SW,51.0384222,-114.216619
EB Madigan DR @ Madeira RD NE,51.062943,-113.9496498
EB Varsity DR @ Shaganappi TR NW,51.0931309,-114.1538915
WB 17th AV SE @ 70th ST SE,51.0379482,-113.9310064
WB 40 AV N @ Centre ST N,51.0888083,-114.0631932
WB Weston DR @ Weston WY SW,51.0633647,-114.1972996
SB Saddletowne CI @ Martindale DR NE,51.1233942,-113.9474102
NB Northland DR @ Northmount DR NW,51.0964069,-114.141077
NB 11 ST SE @ 26 AV SE,51.0312084,-114.0366255
EB Hamptons DR @ Hamptons LI NW,51.1451841,-114.1392349
EB 112 AV NW @ Rocky Ridge Recreation Centre,51.1540487,-114.2282071
SB Country Hills BV @ Royal Oak Centre NW,51.1523315,-114.2161651
EB 17 AV SE @ 38 ST SE,51.0377514,-113.9781561
EB 46 AV NW @ 81 ST NW,51.0940125,-114.2045588
EB 26 AV SW @ 35 ST SW,51.0299878,-114.1376941
WB James McKevitt RD @ Millrise WY SW,50.9214688,-114.0815763
NB 14 ST NW @ 5 AV NW,51.0578767,-114.0945541
WB Castleridge DR @ 54 ST NE,51.1082221,-113.9564695
SB Tuscany CTrain Station,51.1344453,-114.235695
WB Crowfoot CR @ Crowfoot GA NW,51.1292422,-114.2010872
NB Fairmount DR @ 78 AV SE,50.9843162,-114.0604057
EB 9 AV SE @ 8 ST SE,51.0431484,-114.0410283
EB 24 AV NW @ 7 ST NW,51.0742418,-114.0784654
NB Edmonton TR @ 11 AV NE,51.0627775,-114.0557063
EB Falconridge DR @ Falconridge CR NE,51.0985978,-113.952002
NB 11 ST NE @ 49 AV NE,51.098528,-114.0363345
City Hall LRT Station (NB Macleod TR @ 7 AV SE),51.0464781,-114.0579635
SB 12 ST NE @ 30 AV NE,51.0788647,-114.0260543
WB 17 AV SW @ 26 ST SW,51.0378878,-114.124253
WB Silver Ridge DR @ Silver Ridge PL NW,51.1035358,-114.1973408
SB 45 ST SE @ Market ST SE,50.8812619,-113.9478244
SB Edmonton TR @ McKnight BV NE,51.0954446,-114.0541875
Crowfoot LRT Station,51.1234825,-114.2077244
SB 10 ST NW @ Confederation PK,51.0760718,-114.0847468
WB 8 AV SE @ 40 ST SE,51.0452318,-113.9762848
SB University CTrain Station,51.080183,-114.1232288
Dalhousie LRT Station EB,51.1034456,-114.1589724
NB 23 ST NE @ 35 AV NE,51.0840018,-114.0050042
SB Rundlehorn DR @ 28 AV NE,51.0775337,-113.9410788
EB Aspen DR @ Lilac WY NW,51.0888296,-114.2153974
WB 4 ST W @ Centre ST N,51.1177878,-114.0706441
SB 68 ST NE @ 22 AV NE,51.0723907,-113.9353644
WB Hamptons DR @ Hamstead TC NW,51.1448267,-114.1345239
EB Arbour Lake RD @ W. of Crowfoot RI NW,51.1282076,-114.2135
NB Nolan Hill Dr @ Nolanfield Hts NW,51.176937,-114.1623002
EB Canyon Meadows DR @ Park Estates DR SE,50.9292911,-114.0442788
NB 14 ST @ 110 AV NE,51.1519927,-114.027911
EB 114 AV SE @ 35 ST SE,50.9498827,-113.9853191
NB 44 ST SE @ 26 AV SE,51.0309084,-113.9699142
NB 19 ST NE @ Milne DR,51.0607458,-114.0132421
EB Kincora DR @ Kincora MR NW,51.1565472,-114.1378452
EB Sierra Morena BV @ Sierra Madre CR SW,51.0132357,-114.1766977
NB 6 ST SW @ Somervale DR,50.9003758,-114.0754852
EB 17 AV SE @ 47 ST SE,51.0377538,-113.9654155
WB Skyview CI NE @ Skyview Ranch DR NE,51.1568322,-113.9516489
SB 4 ST NE @ Grier AV,51.0980371,-114.0539083
EB 32 AV NE @ 68 ST NE,51.0814056,-113.9340257
SB 69 ST SW @ Christie Estates BV,51.0402089,-114.1877979
WB Temple DR @ Templegreen DR NE,51.0926844,-113.9460062
EB California BV @ acr Burroughs MR NE,51.0783479,-113.9278878
EB Country Hills BV @ 52 ST NE (farside),51.1541332,-113.9570145
EB Whitehorn DR @ 36 ST NE,51.0848008,-113.9808013
WB Martin Crossing DR @ Martin Crossing MR NE,51.1178848,-113.9634659
EB Palliser DR @ Oakwood DR SW,50.9722818,-114.1334214
WB 6 AV SW @ 4 ST SW,51.0478018,-114.0725532
WB Coventry Hills WY @ Covewood LI NE,51.1650261,-114.045931
SB 12A ST SE @ Highfield CR,51.0094901,-114.0353874
SB Ranchview DR @ Ranchero DR NW,51.1210906,-114.1904896
NB Douglas Woods DR @ Douglasdale BV SE,50.9434238,-114.0023771
EB 16 AV NE @ 5 ST NE,51.0667791,-114.050313
NB Redstone BV @ Redstone DR NE,51.1690276,-113.9508928
WB Symons Valley PY @ Evanspark BV NW,51.1682659,-114.1188609
NB 8 ST SW @ 11 AV SW,51.0426435,-114.0813681
SB Falconbridge BV @ Martinwood RD NE,51.1162319,-113.9469823
SB Northmount DR @ Coleridge RD NW,51.0871477,-114.0877633
EB Berkshire BV @ Berkley DR NW,51.1320095,-114.0988068
SB 19 ST NE @ 30 AV NE,51.0791748,-114.0117691
SB 45 ST SW @ Grove Hill RD,51.0331888,-114.1528802
WB Rocky Ridge BV @ Rocky Ridge RD NW,51.14332,-114.2351531
NB Bannister RD @ 146 AV SE,50.921887,-114.0695533
NB Sierra Morena BV @ Sierra Morena CO SW,51.0193116,-114.1860471
EB 104 AV NE @ Metis TR,51.1471008,-113.9731167
EB Hawkstone DR @ Hawkwood BV NW,51.1296973,-114.1688251
WB Bowness RD @ W. of 79 ST NW,51.089387,-114.2059662
NB Tuscany WY @ Tuscany DR NW,51.1294997,-114.2503922
NB Silverdale DR @ 54 AV NW,51.101617,-114.1867424
NB Taradale RD @ Taralake RD NE,51.120698,-113.9286218
WB Mission Rd @ Macleod TR SW,51.0218934,-114.0617246
WB 40 AV NW @ 33 ST NW,51.0876335,-114.1368911
EB Cranston DR @ Cranston RD SE,50.8821117,-113.9786317
EB Berkshire RD @ Berkshire BV NW,51.1353325,-114.0841445
NB Queensland DR @ Canyon Meadows DR SE,50.9326704,-114.0176594
WB 106 AV SE @ 48 ST SE,50.9580455,-113.9657341
NB 29 ST NW @ Parkdale BV,51.0557704,-114.12941
WB Southland DR @ Maplecreek DR SE,50.9645559,-114.0429214
SB Edgedale DR @ Edgeland RD NW,51.1256311,-114.1554665
SB Dalhousie DR @ Dalcastle DR NW,51.1144803,-114.1655689
SB 19 ST SE @ 62 AV SE,50.9974224,-114.0136494
SB 4 ST NW @ S. of Highland PL,51.0941118,-114.0716559
NB Chapala DR @ Chapman Circle SE,50.8793306,-114.0311066
SB 39 AV SE @ 42 AV SE,51.0165856,-114.0576924
NB Strathcona DR @ Strathcona RD SW,51.0481388,-114.1801969
NB 12 ST NE @ Centre AV NE,51.0521536,-114.0336323
NB  Evanston VW @ Evansbrooke LI NW,51.1650369,-114.1205815
EB 64 AV NE @ Falton DR NE,51.1104678,-113.9402706
NB Sirocco DR @ Signature PK SW,51.0363647,-114.168301
SB 24 ST SW @ Anderson RD,50.9493547,-114.11819
EB Somerset GA @ Somerset DR SW,50.8991988,-114.0763285
Crowfoot LRT Station,51.1237103,-114.2082252
NB Tuscany WY @ Tuscany Hills WY NW,51.1191921,-114.2419624
Saddletowne Terminal Stop B,51.125777,-113.9479291
NB Oakfield DR @ Southland DR SW,50.9617552,-114.1321797
WB Sage Hill BV@ Sage Hill PS NW,51.170298,-114.1486925
WB Richmond RD @ 33 ST SW,51.0243313,-114.135176
WB 40 AV NW @ 49 ST NW,51.0883379,-114.1591133
SB Hawkwood HL @ Hawkley Valley RD NW,51.1255632,-114.1793836
EB Kensington RD @ 16 ST NW,51.0524425,-114.0973918
SB 52 ST SE @ 86 AV SE,50.9749825,-113.9588577
SB Elbow DR @ 89 AV SW,50.9732036,-114.0846436
SB 52 ST @ Auburn Bay DR SE,50.8989019,-113.9444
EB Prestwick CI @ Prestwick ST SE,50.9265182,-113.9663883
EB 17 AV SW @ 10 ST SW,51.037718,-114.0862003
SB Sherview DR @ Symons Valley PY NW,51.1672805,-114.1608232
SB 6 ST SW @ 130 AV SW,50.9359294,-114.0758718
EB Dufferin BV @ 52 ST SE,50.9538634,-113.9574007
NB 36 ST SE @ 17 AV SE,51.0385837,-113.9814689
NB 14 ST NW @ 14 AV NW,51.0653347,-114.0940254
WB 10 AV @ E. of 14 ST SW,51.0442381,-114.093008
SB Dalton DR (West) @ Dalhousie DR NW,51.1044851,-114.1552654
WB Country Hills BV @ Edgeridge PA NW,51.1395721,-114.1359218
EB Southland DR @ Oakfield DR SW,50.9611395,-114.131722
EB Sunmills DR @ Sunvista CL SE,50.8976258,-114.0324885
NB Sierra Morena RD @ 34 AV SW,51.0237042,-114.1840909
SB Saddlebrook DR @ Saddlelake DR NE,51.125632,-113.930101
EB 96 AV NE @ Harvest Hills BV,51.1418754,-114.0684036
SB Sage Hill GD @ Sage Hill DR,51.171142,-114.1382516
WB 66 AV NW @ Dalcastle CO,51.1131882,-114.1701492
SB Skyview Ranch DR @ Skyview Springs RD NE,51.1595615,-113.9621615
SB Symons Valley PY @ Evanston DR (South Leg) NW,51.1728646,-114.1089403
NB Oakfield DR @  Oakmoor DR SW,50.9632386,-114.1322578
EB Shawnee DR @ Shawnee CR SW,50.9265971,-114.0834185
EB Willingdon BV @ Wilton PL SE,50.9503831,-114.0467137
SB 20 ST SW@ 33 AV SW,51.0236191,-114.1095623
EB 9 AV SE @ 14 ST SE,51.0389275,-114.0285426
SB Lake Michigan DR @ Lake Sylvan DR SE,50.942365,-114.0313331
WB Centre AV @ 28 ST E,51.0524618,-113.9943236
SB Elbow DR @ Southampton DR SW,50.9603302,-114.0849373
Anderson LRT Station,50.954607,-114.0740594
WB Aspen Dr @ Spruce WY NW,51.0905913,-114.2202162
NB Edgevalley DR @ Edgemont BV NW,51.1276572,-114.1448643
WB Martindale BV @ Martinbrook GA NE,51.1144053,-113.9559201
EB Discovery Ridge BV @ Discovery Ridge MR SW,51.0157024,-114.2183853
SB Edgepark BV @ Edgebyne CR NW,51.1285055,-114.1560473
WB 54 AV SW@ 20 ST SW,51.0050859,-114.1097742
NB 14 ST NW @ 7 AV NW,51.0592111,-114.0946446
WB Douglasdale BV @ Douglas Woods DR SE,50.9407522,-113.9887533
NB 29 ST NE @ Sunridge WY,51.0697471,-113.9917612
NB 18 ST SE @ S. of 76 AV SE,50.9842422,-114.0156644
WB Mahogany BV @ Marquis GD SE,50.9037252,-113.9191958
Mt Royal University W Gate EB,51.0144161,-114.1337384
SB Saddletowne CI @ Martindale DR NE,51.1232457,-113.9472342
NB 24 ST NW @ Morley TR,51.0809123,-114.1177858
WB 90 AV SW @ 16 ST SW,50.9723313,-114.1010803
NB Coventry Hills WY @ Coventry Hills DR NE,51.16589,-114.060358
SB 4 AV NE @ N. Leg Maidstone DR,51.0567027,-113.9535285
SB Auburn Springs BV @ Auburn Crest WY SE,50.8890866,-113.948227
SB Richard RD @ Bishop Carroll High,51.0137371,-114.1209856
EB Auburn Bay BV @ Auburn Bay GT SE,50.8845628,-113.9602444
Chinook LRT Station SB,50.9971282,-114.0663606
EB 14 AV NE @ E. of 28 ST NE,51.0650619,-113.9897098
WB 6 AV SE @ 1 ST SE,51.0475051,-114.0600289
NB Strathcona BV @ Strathcona DR SW,51.0474539,-114.1853612
SB Falshire DR @ Falconridge BV NE,51.1061855,-113.9494308
SB Nose Hill DR @ Arbour Lake WY NW,51.1371286,-114.1852837
NB 52 ST SE @ New Brighton DR,50.926321,-113.9578472
EB Heritage DR @ 11 ST SE,50.9869445,-114.0385194
EB 32 AV NW @ 37 ST NW,51.0813559,-114.1405918
NB Spruce DR @ Bow TR SW,51.0420963,-114.1352981
WB McKenzie Towne DR @ 52 ST SE,50.9124065,-113.9527224
EB Cranston DR @ Cranridge TC SE,50.8819851,-113.981279
NB Rocky Vista DR @ Eamon RD NW,51.1377266,-114.2393905
EB Bowfort RD @ Bowridge DR NW,51.0849422,-114.2098944
WB Springborough BV @ 69 ST SW,51.0356206,-114.1885038
WB Coventry Hills WY @ Coventry DR NE,51.1655178,-114.043642
NB Fairmount DR @ Southland DR SE,50.9644708,-114.0585257
SB 36 ST NE @ Country Hills BV,51.1540192,-113.9818618
EB Lakeview DR @ 37 ST SW,51.0066299,-114.1403306
SB Cortina DR @ Tremblant WY SW,51.0364442,-114.222812
54 Avenue SW Station (NB),51.005569,-114.1176709
NB Seton WY @ 212 AV SE,50.8639808,-113.9514256
SB 24 ST @ Douglas Glen GA SE,50.9532102,-114.0013183
NB 50 ST SW @ 50 AV SW,51.0100275,-114.1596506
EB Sage Hill BV @ Shaganappi TR NW,51.1701767,-114.1507631
Hamptons Bus Terminal WB,51.140995,-114.149603
SB 6 ST SW @ Canyon Meadows DR SW,50.9341496,-114.0764233
NB Lynnview RD @ Lynnview WY SE,50.9951455,-114.0213502
EB Northmount DR @ Collingwood DR NW,51.086369,-114.1038361
SB Auburn Bay AV@ Auburn Bay BV SE,50.8960819,-113.9613415
WB Braeside DR @ Brabourne RD SW,50.954262,-114.1133007
NB Centre ST N @ 19 AV N,51.0700613,-114.0624106
EB 16 AV NW @ Crowchild TR NW,51.0668884,-114.1174856
NB Taracove RD @ Taralea CI NE,51.1169235,-113.9369755
EB Sierra Morena BV @ Sierra Morena CO SW,51.0203923,-114.1828941
EB Panatella BV @ Panatella HL NW,51.1687151,-114.0879855
Somerset-Bridlewood Stn,50.8984762,-114.0693969
WB Varsity DR @ 40 ST NW,51.0917842,-114.1466185
NB Twelve Mile Coulee RD @ Rockyvalley DR NW,51.1490671,-114.2571627
NB Mahogany BV @ 300 Marquis CO SE,50.901278,-113.910505
EB Memorial DR @ 47 ST SE,51.0527317,-113.9630372
SB Ranchview DR @ Ranchview ME NW,51.1182269,-114.1757949
EB Southland DR @ Braeside DR SW,50.9613059,-114.1020819
North Pointe Terminal G,51.1577766,-114.0683034
WB 6 AV SW @ W. of 7 ST SW,51.0479902,-114.0793623
SB Edmonton TR @ N. of Greenview DR NE,51.0928057,-114.052984
NB 52 ST NE @ Rundlehorn DR,51.0725115,-113.9581865
SB 11 ST NE @ 57 AV NE,51.1056316,-114.0365943
EB 8 AV NW @ W. of 15 ST NW,51.0596006,-114.0969582
NB Silvergrove DR @ Silver Springs RD NW,51.1108267,-114.1915697
Brentwood LRT Station EB,51.0871008,-114.1331393
SB Carrington BV @ 144 AV NW,51.1838512,-114.0903987
WB Sirocco DR @ Signature WY SW,51.0309235,-114.1746381
WB Country Hills BV @ Skyview CI,51.1545207,-113.9532116
NB Midridge DR @ Midglen DR SE,50.9185115,-114.0480503
NB Douglasdale BV @ Douglas Ridge CI SE,50.9347491,-113.9820094
EB 62 AV @ Lynnview RD SE,50.9976874,-114.0201467
WB 38 AV SW @ 14A ST SW,51.0202314,-114.0959255
EB 5 AV NW @ 20 ST NW,51.0571655,-114.1075724
WB Promenade WY @ Inverness GA SE,50.9137678,-113.9658805
SB University DR @ 24 AV NW,51.0738358,-114.1281059
NB Martindale BV @ Martha's Haven PL NE,51.1199195,-113.9686963
EB 8 AV NE @ Mayland DR,51.0602399,-114.0064804
WB Panamount BV @ Panamount DR NW,51.1599762,-114.0743506
SB Bowness RD @ 52 ST NW,51.077128,-114.170495
NB 32 ST NE @ 26 AV NE,51.0782371,-113.9885685
SB Somercrest ST @ Somerside GV SW,50.9015689,-114.0904603
EB Northmount DR @ Cherokee DR NW,51.0878983,-114.11111
WB Marlborough DR @ Marlborough WY NE,51.0596017,-113.9757763
EB 80 AV NE @ Saddlecreek GT,51.1250713,-113.9532187
EB Shawnee DR @ 6 ST SW,50.9241025,-114.076473
SB Edmonton TR @ 37 AV NE,51.0864453,-114.0518747
WB Varsity DR @ 48 ST NW,51.0939875,-114.1580384
EB Shannon DR @ Shannon CR SW,50.910416,-114.0838189
NB 52 ST SE @ Erin Woods DR (N. Leg),51.0244698,-113.9582252
NB Edmonton TR @ 17 AV NE,51.0678583,-114.0560118
WB Copperfield BV @ W. of Copperfield CR SE,50.9082959,-113.942349
EB Nolan Hill BV @ Nolan Hill DR farside,51.172067,-114.1569563
EB Redstone AV @ Redstone PR NE,51.1728592,-113.9590663
SB Coral Springs BV @ Coral Springs CL NE,51.107497,-113.9270543
NB McKenzie Lake WY @ McKenzie DR SE,50.9070872,-113.9815949
NB 20A ST SE @ 74 AV SE,50.9866542,-114.0100942
SB Citadel DR @ Citadel CL NW,51.1418929,-114.1717533
WB Legacy CI @ @ Legacy Reach CM SE,50.860171,-114.0038911
EB 5 AV SW @ 3 ST SW,51.0484908,-114.0691848
SB 36 ST NE @ N. of 20 AV NE,51.072201,-113.9819975
WB Midridge DR @ Midridge CL SE,50.9195337,-114.0571785
SB 12 ST NE @ 44 AV NE,51.0913812,-114.0333066
WB New Brighton DR @ BrightonCrest PT SE,50.9234892,-113.9386553
EB 5 AV NW @ 22 ST NW,51.0571704,-114.1124961
WB Springbluff  BV @ Springbank GA SW,51.0213914,-114.1907628
WB 140 AV NW @ Carrington BV,51.1817076,-114.0909731
EB 17 AV SW @ 11 ST SW fs,51.0377624,-114.0897842
WB Northmount DR @ 26 ST NW,51.090477,-114.1226611
WB Shawville GA @ W. of Shawville LI SE,50.8985283,-114.0681761
EB Old Banff Coach RD @ West Springs GA SW,51.0649007,-114.188228
SB Bowness RD @ Bowwood DR NW,51.0797671,-114.1732468
EB Bonaventure DR @ Southcentre Mall (EB),50.953895,-114.0650469
WB 19 AV SE @ 9 ST SE,51.0362738,-114.039512
SB 25 ST SE @ 11 AV SE,51.0425152,-114.000347
EB 17 AV SE @ 44 ST SE,51.0377661,-113.9693524
SB Midpark BV @ Midpark WY SE,50.9121669,-114.0618265
EB Shawnessy BV @ Shawnessy DR SW,50.9127619,-114.0732557
SB 14 ST NW @ 31 AV NW,51.0802919,-114.0949198
EB Palliser DR @ 24 ST SW,50.9693898,-114.1172343
SB 4 ST NE @ Hunterhorn GA,51.1157975,-114.0533782
WB Country Hills RD @ Harvest Hills BV NW,51.1428193,-114.0698881
EB Memorial DR @ 52 ST NE,51.053398,-113.9547731
WB MacEwan Glen DR @ MacEwan Park VW NW,51.1317499,-114.1137477
SB 11 ST SE @ 23 AV SE,51.0325555,-114.0368961
NB Glendeer CI @ Heritage DR SE,50.9876299,-114.0289288
WB 26 AV NE @ Rundlelawn RD,51.0779584,-113.97465
SB Northmount DR @ Holmwood AV NW,51.0934427,-114.0801399
WB Lake Bonavista DR @ Lake Erie RD SE,50.9456223,-114.0562279
WB 17 AV SW @ 25 ST SW,51.0378866,-114.1212856
EB 39 AV NE @ 19 ST NE,51.0882026,-114.0109441
SB Northmount DR @ Thorneycroft DR NW,51.1017348,-114.0747027
SB 7 ST SW @ 7 AVE SW,51.0470606,-114.0788386
EB 23 AV NE @ 29 ST NE,51.072681,-113.9907713
NB Acadia DR @ Maplecroft RD SE,50.9583372,-114.0421928
SB Edmonton TR @ 27 AV NE,51.0765518,-114.0558309
SB 10 ST NW@ 16 AV NW,51.0672086,-114.0849757
WB 14 AV NE @ 33 ST NE,51.0652137,-113.9889719
SB Centre ST N @ 68 AV N,51.1154758,-114.0674036
NB Castleridge BV @ Westwinds CR NE,51.1058671,-113.9696835
SB Carleton ST @ Frontenac AV SW,51.0295064,-114.0891121
WB Panatella BV @ Panatella ST NW,51.1629473,-114.0913331
WB Coventry DR @ Coventry CI NE,51.1573724,-114.0509144
WB 8 AV NE @ 16A ST NE,51.0592569,-114.020803
NB Cambrian DR @ Northmount DR NW,51.0827591,-114.0919133
EB 68 AV NE @ 10 ST NE,51.1156994,-114.0388222
NB Bonaventure DR @ 99 AV SE,50.961346,-114.0687504
EB Beddington BV @ Berkley DR NW,51.1270599,-114.0766897
EB Sage Valley DR @ Sage Valley GR NW,51.1797293,-114.1512199
SB 14 ST NW @ 20 AV NW,51.0699229,-114.0949985
NB Mount McKenzie DR @ McKenzie Lake BV SE,50.9173188,-113.981402
SB Scenic Acres DR @ Scandia RI NW,51.113556,-114.220698
NB Canterbury DR @ Cantrell DR SW,50.9431394,-114.0755345
SB 85 ST SW @ 14 AV SW,51.0449705,-114.2111952
EB Tuscany Meadows DR @ Tuscany Meadows HE NW,51.1143732,-114.243427
NB 52 ST @ Mahogany DR SE,50.8927702,-113.9421804
NB Inverness SQ @ Inverness RD SE,50.9132422,-113.9688458
EB 23 AV SE @ 7 ST SE,51.0329022,-114.0431222
EB 26 AV SW@ 49 ST SW,51.0304579,-114.1569361
WB 17 AV SE @ 38 ST SE,51.037904,-113.9791876
EB Quarry Park BV @ 18 ST SE,50.9633225,-114.0105009
EB Valley Ridge DR @ Valley Crest CL NW,51.0922703,-114.2658668
SB 68 ST NE @ Coral Springs BV,51.0987159,-113.9354056
EB 12 AV SW@ 8 ST SW,51.041891,-114.0819234
NB Hawkwood DR @ Hawkbury CL NW,51.1343415,-114.1827227
SB Auburn Bay BV @ Auburn Bay HT SE,50.8851278,-113.9640101
NB Cornerstone BV @ Country Hills BV NE,51.1550792,-113.9378903
WB Coventry Hills WY @ Coville GA NE,51.1717557,-114.0445306
EB Chaparral DR @ Chaparral CI SE,50.8874931,-114.0443672
EB 162 AV SW @ Somerside PA,50.9048394,-114.0942822
SB  Edgevalley DR @ Edgeview DR NW,51.1287597,-114.1458111
SB Citadel WY @ Citadel Bluff CL NW,51.1462843,-114.1931061
EB Midvalley DR @ Midvalley RD SE,50.9130715,-114.0424473
WB Martin Crossing DR @ Martin Crossing GR NE,51.1178834,-113.9596072
SB 11 ST SE @ 58 AV SE,51.001086,-114.037406
NB McKenzie Lake BV @ McKenzie Lake GA SE,50.911876,-113.9865607
WB Tuscany Ravine RD @ Tuscany Ravine HT NW,51.1110407,-114.2346306
NB Lake Bonavista DR @ 120 AV SE,50.9457154,-114.048875
SB 4 ST NE @ Meredith RD,51.0521646,-114.0518274
SB Copperpond BV @ Copperpond PA SE,50.9211807,-113.9201896
NB Skyview Shores MR NE @ Skyview Shores CO NE,51.1568906,-113.9622198
EB Hidden Valley DR @ Hidden CR NW,51.1466848,-114.1191491
EB Marbank DR @ 36 ST NE,51.0625673,-113.9805361
WB Edgebrook BV @ Edgeridge VW NW,51.1391637,-114.1302709
SB Chapala DR @ Chapala RD SE,50.878582,-114.0313817
EB Bowness RD @ Point DR NW NLeg,51.0619139,-114.1459301
EB City Hall/Bow Valley College (Free Fare Zone),51.0462619,-114.0567401
EB 17 AV SW @ Aspen Summit DR,51.0378512,-114.2031473
SB Elbow DR @ Sifton BV SW,51.0193078,-114.0780145
NB Macleod TR @ 38A AV SE,51.0200532,-114.0614816
EB 5 AV SW @ 8 ST SW,51.0487854,-114.0802255
NB Nolan Hill Bv @ Nolan Hill Dr NW,51.1783912,-114.1703446
EB 162 AV SW @ 6 ST SW,50.9025154,-114.0754364
WB 33 AV SW@ 17 ST SW,51.0240589,-114.1026319
EB Northmont  DR @ Calandar RD NW,51.0852797,-114.1012622
NB Northland DR @ 52 AV NW,51.0996544,-114.1410909
NB 20 ST SW@ 46 AV SW,51.0128355,-114.1092494
NB Coral Springs BV @ Coral Springs PA NE,51.1031628,-113.9250559
Country Hills Boulevard Station (NB),51.1521525,-114.0647342
NB Shawinigan DR @ 162 AV SW,50.903237,-114.0762305
NB Northmount DR @ Trafford CR NW,51.097275,-114.0772842
NB Skyview PY @ Cityscape DR NE,51.1524084,-113.9523368
Anderson LRT Station,50.9545357,-114.0738317
SB 4 ST NW @ 68 AV NW,51.1137008,-114.0715887
EB 24 AV NW @ Collegiate RD,51.0742264,-114.1404719
SB Douglasview BV @ Douglasdale BV SE,50.9403426,-113.9913566
WB 76 AV SE @ 24 ST SE,50.9851058,-114.0023274
NB 20 ST SW@ 52 AV SW,51.007228,-114.1090992
NB McKenzie Lake BV @ McKenzie Lake WY SE,50.9079957,-113.9868143
WB Willow Park DR @ Bonaventure DR SE,50.957945,-114.0697906
SB Citadel DR @ Citadel Pass CR NW,51.1416364,-114.1782605
WB Royal Oak DR NW @ Royal Elm DR NW,51.1388397,-114.2313476
SB 73 ST SW @ Weston DR SW,51.062874,-114.1946928
NB Bowness RD @ 44 AV NW,51.0923192,-114.2108599
NB Oakfield DR @ Oakfield PL SW,50.9684963,-114.132817
NB 20 ST SW@ 40 AV SW,51.0182014,-114.1090866
SB Symons Valley PY @ Evanspark Cir,51.1702935,-114.1104905
WB Sun Harbour RD @ Sun Valley BV SE,50.9007894,-114.0253171
NB Victoria Park / Stampede CTrain Station,51.0384018,-114.0582229
SB Evanston VW @ Evansbrooke WY NW,51.1665736,-114.1215845
NB Crowfoot CR @ Crowfoot WY NW,51.1259804,-114.2064874
EB 12 AV SW@ 5 ST SW,51.0416343,-114.0730335
NB Douglas Glen BV @ Douglas Glen CL SE,50.9551074,-114.0107536
North Pointe Terminal D,51.1567915,-114.0689452
WB Sunridge WY @ 29 ST NE,51.0693119,-113.9926746
SB 44 ST SE @ 61 AV SE,50.9985522,-113.9702279
EB 116 AV SE @ 40 ST SE,50.9469619,-113.9773563
SB 1 ST SW @ 8 AV SW,51.045815,-114.0656082
SB 11 ST SE @ 59 AV SE,50.9991247,-114.0373885
WB 6 AV SE @ Macleod TR,51.047378,-114.0575511
NB Fairmount DR @ Arbour CR SE,50.9694141,-114.0590822
SB Catalina BV @ California BV NE,51.0778048,-113.9315222
WB 16 AV NE @ 5 ST NE,51.0670342,-114.0511533
SB Chaparral DR @ Chapalina Park CR SE,50.8837841,-114.0456686
NB 46 ST SW @ Bow TR,51.0489675,-114.1539185
SB 52 ST SE @ 5 AV SE,51.0487358,-113.956392
EB 80 AV NE @ Taradale DR,51.1250995,-113.9318831
Foothills Hospital (Women's Health Centre),51.0653169,-114.1328304
WB 42 AV SE @ 11 ST SE,51.0160868,-114.0376473
NB Varsity Estates DR @ Varsity Estates PL NW,51.1052269,-114.1727074
EB Cranford DR @ Cranford PA SE,50.8715131,-113.9666923
NB 52 ST @ Mahogany GA SE,50.8985661,-113.943597
NB 14 ST NW @ 16 AV NW,51.0679251,-114.0942385
NB Macleod TR @ 46 AV SW,51.0116617,-114.0661617
Beddington Towne Centre Station (NB),51.1261683,-114.0712571
NB Mahogany BV @ Masters CR  SE (n. leg),50.8988238,-113.9103945
EB 17 AV SW @ 69 Street West LRT Station,51.0376547,-114.1862036
SB 73 ST SW @ West Cedar RI SW,51.0603405,-114.1937327
SB Sheriff King ST @ Yorkville AV SW,50.8738739,-114.0710495
WB Scurfield DR @ Scotia PT NW,51.1225563,-114.216027
NB Dalton DR @ Dalhousie DR NW,51.103885,-114.1474731
NB Redstone ST@ 128 AV NE,51.1666267,-113.9618729
WB Front ST @ Main Ent. South Health Campus SE,50.8814234,-113.9494917
EB New Brighton DR @ New Brighton HT SE,50.9164926,-113.940848
SB Centre ST N @ 16 AV N,51.0663092,-114.0627197
NB Sarcee RD @ Valour CI SW,51.0178057,-114.1345945
EB Heritage DR @ Fairmount DR SE,50.9794502,-114.0593453
EB Hidden Valley DR @ Hidden CL NW,51.14538,-114.1229926
SB Canyon Meadows DR@ Canterbury DR SW,50.9364295,-114.0809381
WB 14 AV SW @ 85 ST SW,51.0452681,-114.212246
SB 23 ST NW@ 2 AV NW,51.0540601,-114.1154869
EB 12 AV SE @ 3 ST SE,51.0411405,-114.0555382
NB 60 ST NE @ Saddlehorn DR,51.1298763,-113.9465965
SB Lions Park CTrain Station,51.0650158,-114.1031286
WB 26 AV NE @ 52 ST NE,51.0763519,-113.9574775
SB Rocky Ridge RD @ Rockborough PA NW,51.151658,-114.2343971
WB Mountain Park DR @ 100 Mount Victoria PL SE,50.912605,-113.9911407
SB Tuscany DR @ Tuscany Ridge CR NW,51.1252154,-114.2542872
WB Canyon Meadows Dr @ Acadia DR SE,50.9300557,-114.0492548
NB Parkland BV @ 146 AV SE,50.9169821,-114.0243523
WB Silver Springs RD @ Silver Springs CR NW,51.1105654,-114.18557
SB 10 ST NW @ Rosehill DR NW,51.0779295,-114.085301
EB Bonaventure DR @ E. Fairmont DR SE,50.9538677,-114.0650344
WB 130 AV SE @ 46 ST SE,50.9321258,-113.9695391
NB Rocky Ridge RD @ Royal Highland RD NW,51.1459373,-114.2340099
EB 17 AV SW @ 29 ST SW,51.037752,-114.130105
NB McKenzie Towne DR @ Elgin PK RD SE,50.9100632,-113.9690525
SB 69 ST SW @ Elkton DR,51.0229234,-114.1877822
NB Copperfield BV @ Copperfield CL SE,50.9101753,-113.9447298
North Pointe Terminal A,51.1575294,-114.0678829
NB Banff Trail CTrain Station,51.0711543,-114.1156513
WB Aspen WY @ Aspen DR NW,51.0892793,-114.213885
SB 37 ST SW @ 19 AV SW,51.0359146,-114.1413374
SB 16 ST SE @ 3 AV SE,51.0506431,-114.0149486
NB 45 Street West LRT Station,51.0382336,-114.1526792
NB 14 ST SW @ Council WY,51.0243537,-114.0945838
WB Taradale DR @ Taravista ME NE,51.1143211,-113.9289878
NB Shawville BV @ N. of Shalom WY SE,50.9079233,-114.0676282
NB Sarcee RD @ S. of 40 AV SW,51.0168644,-114.1354939
SB Ogden RD @ 69th AVE SE,50.9907743,-114.001865
WB 194 AV SE @ Wolf Creek Dr. SE,50.8778707,-114.0096296
NB Signal Hill DR @ Sienna Ridge LD SW,51.0255331,-114.177134
WB Northmount DR @ Culver RD NW,51.0838403,-114.0983532
SB James McKevitt RD @ Evergreen BV SW,50.9171666,-114.1003029
WB Hidden Creek DR @ Hidden Creek PL NW,51.1548277,-114.1049125
NB Woodfield RD @ Woodhaven RD SW,50.9347204,-114.1318953
SB 28 ST NE @ Moraine RD,51.0645639,-113.9934251
NB Douglas Woods DR @ Douglas Woods GV SE,50.9425422,-113.9894491
WB 41 AV NE @ Edmonton TR,51.0897728,-114.0532769
WB Panamount BV @ Panamount HL NW,51.1593398,-114.0762361
NB Sunridge WY @ 23 AV NE,51.0723082,-113.9983055
SB Tuscany Springs BV @  S. of  Tusslewood TC NW,51.1377634,-114.2501455
28th Avenue N Station (SB),51.0775522,-114.0626627
NB Sarcee RD @ 44 AV SW,51.0153545,-114.137013
NB Lake Fraser Dr @ Lake Fraser CM SE,50.9476376,-114.0680328
NB 22A ST NW @ N. of 12 AV NW,51.0640229,-114.1149815
NB Auburn Bay ST @ Seton BV SE,50.8846029,-113.9492725
SB 4 ST NW @ 36 AV NW,51.0848212,-114.0717004
SB 49 ST NW @ 40 AV NW,51.087532,-114.1588913
WB Wentworth DR @ 77 ST SW,51.0543367,-114.1996575
EB McKenzie Lake BV @ McKenzie Lake WY SE,50.9157653,-113.9837309
SB Ogden RD @ 17A ST SE,51.0170038,-114.0171394
WB Bowness RD @ 37 ST NW,51.0604418,-114.1416387
NB 36 ST SE @ 26 AV SE,51.0311705,-113.9814231
WB 6 AV SW@ 14 ST SW,51.0463217,-114.0939648
EB Sunmills DR @ Sunlake RD SE,50.8979401,-114.037774
EB Varsity DR @ 41 ST NW,51.0921117,-114.1482409
NB Royal Birch BV @ Royal Oak DR NW,51.148169,-114.217002
SB 52 ST NE @ Rundlehorn DR,51.070815,-113.958669
SB Heritage Meadows RD @ Heritage DR SE,50.9863193,-114.0300956
NB Lake Sylvan DR @ Lake Ontario DR SE,50.9429107,-114.0336903
SB Harvest Hills BV @ Country Hills RD NW,51.1432877,-114.0683727
SB 52 St @ Mckenzie Towne Li SE,50.9154376,-113.9569823
EB Panamount BV @ Panamount ST NW,51.1566503,-114.085958
NB Panorama Hills @ Panorama Hills RI NW,51.1538794,-114.0855777
NB Fairmount DR @ Willingdon BV SE,50.9544465,-114.0597999
SB Fairmount DR @ 96 AV SE,50.9664056,-114.0589162
SB Elbow DR @ Canterbury DR SW,50.9475348,-114.0847558
SB McCall WY @ McCall LD NE,51.0981321,-114.0052891
EB 32 AV NW @ 69 ST NW,51.0815221,-114.1870769
NB Madigan DR @ Maitland DR NE,51.061622,-113.9404155
NB Lakeview DR @ 54 AV SW,51.0045334,-114.136485
WB Hawkstone DR @ Hawkmount GR NW,51.1352272,-114.1791661
EB  Martindale BV @ Martha's Haven  GR NE,51.1216551,-113.9652481
NB Crowchild TR @ 23 AV SW,51.0331283,-114.1180001
EB Bowness RD @ Point DR NW SLeg,51.0606427,-114.1428681
SB 4 ST NW @ 16 AV NW,51.0664887,-114.0716591
EB Mount McKenzie DR @ Mount Douglas MR SE,50.9217535,-113.9817552
NB 44 ST SE @ 68 AV SE,50.9945451,-113.9700615
EB 26 AV SE @ Fir DR,51.0304685,-113.9883729
EB Westwinds DR @ W. of 47 ST NE,51.1000436,-113.9681559
WB Na'a Dr @ East of Piita Ri SW,51.0806174,-114.2043201
WB 12 AV NW @ 21 ST NW,51.0634531,-114.1097639
EB 12 AV NE @ 5 ST NE,51.0632375,-114.0500529
NB 4 ST NE @ Hunterhorn GA,51.1164933,-114.0524336
NB Kincora DR @ Kincora MR NW,51.1570003,-114.1383478
SB 52 ST SE @ McIvor BV,50.9120912,-113.9514652
EB Shawville BV @ Shawville RI SE,50.9054509,-114.0669585
NB 11 ST SW @ 8 AV SW,51.0465912,-114.0885327
WB 17 AV SW @ Christie Park GA,51.0373705,-114.1799052
Richmond Rd Terminal NB,51.0184337,-114.1605983
SB Berkely DR @ Beaconsfield WY NW,51.1291652,-114.0998143
EB Discovery Ridge BV @ Discovery DR SW,51.01206,-114.198914
Annie Gale School on Whiteridge Wy NE,51.0893462,-113.9684119
SB 14 ST NW @ 6 AV NW,51.0571377,-114.0948573
EB Country Hills DR @ Country Hills RD NW,51.1456048,-114.0722856
EB Livingston VW NE @ Livingston WY NE,51.1897696,-114.0660289
NB Riverbend DR @ Riverbirch CR SE,50.9781658,-114.0186475
WB 68 AV SE @ 57 ST SE,50.9942732,-113.9476825
NB 52 ST SE @ 54 AV SE,51.004349,-113.9582736
EB Mahogany BV @ Marquis GR SE,50.9027645,-113.9135504
WB Tuscany Springs BV @ Tuscany SpringsHT NW,51.1350929,-114.2457122
SB Walden DR SE @ Walden PA SE,50.8690492,-114.0368408
EB Legacy CI @ Legacy Woods LI SE,50.8530765,-114.0060286
NB Everstone DR @ Everstone BV SW,50.9111493,-114.1053139
NB 41 ST SE @ Doverville CR,51.0290759,-113.9741704
SB Chaparral Valley DR @ Chaparral Valley GD SE,50.8793061,-114.0134833
WB 14 AV NW @ 14 ST NW,51.064486,-114.0980941
WB 17 AV SW @ 16A ST SW,51.0378916,-114.100399
EB 14 AV SE @ 25 ST SE,51.0404379,-113.9996681
EB 58 AV SE @ Blackfoot TR,51.0012806,-114.0472157
EB Nolan Hill BV @ Nolanshire PT 100 NW,51.171522,-114.1619575
SB Edgedale DR @ Edgehill DR NW,51.1193681,-114.1586811
WB 32 AV SW @ 29 ST SW,51.025592,-114.1301063
SB Bowness RD @ 46 ST NW,51.0722459,-114.1601994
SB Tuscany WY @ Tuscany Valley PA NW,51.1263899,-114.2481956
WB  210 AV SE @  Walgrove DR SE,50.8634209,-114.0226405
NB Centre ST N @ 56 AV N,51.1030704,-114.0623316
WB 32 AV NE @ 12 ST NE,51.0816179,-114.0278483
EB Spruce DR @ 42 ST SW,51.0522343,-114.1473533
SB New Brighton DR @ New Brighton CI SE,50.9197155,-113.9549057
EB Silver Springs RD @ Nose Hill DR NW,51.1094126,-114.2091302
Whitehorn LRT Station (NB 36 ST @ Whitehorn DR NE),51.0865714,-113.9814429
SB 10 ST NW @ Kensington RD,51.0530581,-114.0859934
WB 37 AV NE @ 32 ST NE,51.0867258,-113.9895164
WB Midridge DR @ Midglen WY SE,50.9186854,-114.0527922
NB Temple DR @ 37 AV NE,51.086699,-113.9390598
WB Northmount DR @ Brisebois DR NW,51.0933287,-114.1292545
EB Hamptons DR @ Hamptons HT NW,51.1476614,-114.1433246
NB Macleod TR @ 86 AV SE,50.9763527,-114.0713811
WB Bowness RD @ 83 ST NW,51.0907141,-114.2084285
WB 107 AV SE @ 27 ST SE,50.9568625,-113.9981791
WB Hamptons BV @ Hampshire CI NW,51.1414186,-114.1596144
Franklin LRT Station S Lot (EB Radcliffe Dr SE),51.0465079,-113.9947065
NB Tuscany Springs HL @ Tuscany Springs TC NW,51.1339091,-114.2509793
EB Shawville GA @ Shawville LI SE,50.8989373,-114.0649827
EB Rundlehorn DR @ Rundlewood DR NE,51.0705825,-113.9694491
SB 77 ST SW @ Weston DR,51.0630695,-114.1996156
EB Panatella BV @ N. Leg of Panatella ST NW,51.1681479,-114.0913262
NB 77 ST SW @ Spring Valley VW,51.0288085,-114.1992289
EB Dalhousie DR @ Dalham CR NW,51.1062358,-114.1583468
SB Russet RD @ 13 AV NE,51.0646885,-114.0426946
NB Nolan Hill Bv @ Nolan Hill Ave NW,51.1763024,-114.1714842
EB Walden DR @ Walden SQ SE,50.8741967,-114.0307777
WB 61 AV SW @ 3 ST SW,50.9978479,-114.0701981
NB 21 ST NE @ 24 AV NE,51.0747047,-114.0089732
WB 16 AV NE @ 1 ST NE,51.0670759,-114.0606583
Mt Royal University W Gate WB,51.0144171,-114.1337811
SB Falconridge BV @ Falworth WY NE,51.1049952,-113.9531097
NB 24 ST NW @ Cherokee DR,51.0847895,-114.1178017
EB 17 AV SW@ 2 ST SW,51.0377042,-114.0680398
WB 90 AV SW @ 24 ST SW,50.9725687,-114.1221234
WB Berkshire BV @ Sandarac DR NW,51.1322294,-114.1007802
NB 46 ST NE @ Savanna AL NE,51.1357092,-113.9656785
EB 96 AV NE@ Harvest Hills LI,51.141224,-114.0532341
NB Sun Valley BV @ Sun Harbour RD SE,50.9015679,-114.024101
SB 4 ST NW @ Thorneycroft DR,51.0999595,-114.0717005
NB Acadia DR @ Allden PL SE,50.9680725,-114.0483405
NB 36 ST SE @ 19 AV SE,51.0367294,-113.9814183
NB Legacy Glen WY @ Legacy Glen GR SE,50.8555774,-114.0019404
NB 28 ST SE @ 30 AV SE,51.0273399,-113.9919278
NB Springborough BV @ Springborough GA SW,51.0340618,-114.19138
NB Centre ST N @ Tache AV N,51.1083147,-114.0623418
NB Scenic Acres DR @ Scenic Acres TC NW,51.1140566,-114.2115082
SB 33 ST NE @ 14 AV NE,51.064619,-113.9861412
WB Ogden RD @ 16A ST SE,51.0186608,-114.0203843
WB 162 AV SW @ Everstone DR,50.9069461,-114.1063004
NB 37 ST SW @ RICHMOND RD,51.0222162,-114.1409969
WB 90 AV SE @ W. of 60 ST SE,50.9725143,-113.9507929
NB Elbow DR @ Mayfair RD SW,51.0003144,-114.0828437
EB 26 AV SW @ 51 ST SW,51.0304578,-114.157083
SB 77 ST NW @ 36 AV NW,51.0853184,-114.1994566
EB Sage Hill LI NW @ 37 ST NW,51.1722396,-114.1418307
EB 112 AV NW @ 85 ST NW,51.152351,-114.2085712
WB Panatella BV @ Panatella ST NW,51.1682721,-114.0923785
WB 7 Street SW Station (Free Fare Zone),51.0469754,-114.0779849
WB Old Banff Coach RD @ Coulee WY SW,51.0671729,-114.1940716
NB 53 ST NW @ Varsity Estates DR,51.0968665,-114.1643612
Brentwood LRT Station,51.0865777,-114.1319849
NB Bonaventure DR @ Lake Bonavista DR SE,50.9465396,-114.0597866
NB Crowchild TR @ 26 AV SW,51.0297872,-114.117694
NB Sierra Morena RD @ Sierra Morena BV SW,51.0210758,-114.1836371
WB 24 AV NW @ Mclaurin ST NW,51.0739018,-114.1451065
EB 8 AV SE @ 44 ST SE,51.0450908,-113.9684174
EB Heritage DR @ 5 ST SW,50.9794929,-114.0793194
NB Hamptons DR @ Hamptons BV NW,51.1445068,-114.1512025
NB 44 ST SE @ 76 AV SE,50.9855949,-113.9700604
SB Tuscany DR @ Toscana GD NW,51.1211056,-114.2543166
WB Deer Ridge DR @ Deermont RD SE,50.9234571,-114.0151038
EB 69 AV SW @ 7 ST SW,50.991382,-114.0799138
SB Cortina DR @ Cortina WY SW,51.0340654,-114.2210085
SB Elbow DR @ Southglen DR SW,50.9543124,-114.0849296
WB 90 AV SW @ Bayview DR,50.9723226,-114.1125222
NB 17 ST SE @ 24 AV SE,51.0322723,-114.0190543
SB Royal Oak DR @ Royal Birch BV NW,51.1476043,-114.2171976
WB 28 AV NE @ 58 ST NE,51.0774307,-113.9503471
NB 24 ST @ 107 AV SE,50.9568795,-114.0010791
SB Coventry DR @ Coverton GA NE,51.1635643,-114.0428658
NB 20A ST SE @ Lynndale RD,50.9900277,-114.0101053
SB Cranston AV @ Cranbrook CV SE,50.8662536,-113.9792385
NB Deer Ridge DR @ 136 AV SE,50.9313681,-114.0170311
SB Aspen Summit DR @ Aspen Glen WY SW,51.0389353,-114.203684
EB Shannon AV @ Shawbrooke RD SW,50.9095855,-114.0934316
EB 17 AV SE @ 36 ST SE,51.0376841,-113.9807713
WB Sage Hill DR @ Sage Hill GD NW,51.1718206,-114.1379377
NB Sarcee RD @ Richardson WY SW,51.0132602,-114.1385394
SB Lake Sylvan DR @ Lake Huron CR SE,50.9458199,-114.0324229
NB 52 ST SE @ Erin Woods DR (S. Leg),51.0193839,-113.958119
Woodview Station (NB),50.9417632,-114.117834
WB MacEwan DR @ 14 ST NW,51.1402872,-114.1097977
SB 32 ST NE @ S. of 32 AV NE,51.0797897,-113.9887818
EB W. Lakeview DR @ E. of Chelsea DR,51.032357,-113.8553909
WB 34 AV NW @ 69 ST NW,51.08395,-114.1884719
SB University DR @ McMahon Parking Entr,51.070719,-114.125358
SB Macleod TR @ 58 AV SW,51.0008659,-114.0718183
NB Centre ST N @ Harvest Hills BV,51.1325117,-114.0713416
SB Carleton ST @ Montcalm CR SW,51.0274603,-114.0900248
SB Hunterview DR @ 72 AV NW,51.1159356,-114.0807363
EB 30 AV SE @ 39 ST SE,51.0268237,-113.976471
36th Street SE Station (EB),51.0377888,-113.9807488
EB Ranchlands BV @ Nose Hill DR NW,51.1237056,-114.1975059
EB Seton BV @ Auburn Bay LI SE,50.8828647,-113.9543544
SB Applewood DR @ Appleburn CL SE,51.0465042,-113.9258014
SB 5 ST SW @ 5 AV SW,51.0484177,-114.0738015
NB Skyview Ranch WY @ Skyview Springs MR North NE,51.1636464,-113.9639387
52nd Street SE Station (WB),51.0378836,-113.9592394
EB 26 AV NE @ Rundlehill DR East leg,51.0771208,-113.9655947
NB Queensland DR @ Queensland GA SE,50.9345471,-114.0284576
NB Elbow DR @  68 AV SW,50.9927454,-114.0830336
SB Hidden Creek BV @ Hidden Creek HT NW,51.1596053,-114.1009799
WB 52 AV NW @ Bannerman DR,51.1010398,-114.1344909
EB Aspen Hills DR @ Aspen Hills WY SW,51.0417451,-114.2199538
EB 9 AV SW @ 9 ST SW,51.0451268,-114.0842797
EB 26 AV NE @ W. of 36 ST NE,51.0777502,-113.9846877
SB Charleswood DR @ Brighton DR NW,51.0876529,-114.1192046
NB 29 ST NE @ 23 AV NE,51.0730761,-113.9917565
WB Southland DR @ Acadia DR SE,50.9641588,-114.0490161
SB 4 ST NW @ Simons CR NW,51.104994,-114.0715964
SB Coventry DR @ Coverdale RD NE,51.1614314,-114.0435315
EB Hidden Valley DR @ 14 ST NW,51.1465572,-114.1066616
NB Acadia DR @ Mapleton DR SE,50.961406,-114.047225
EB Skyview Ranch DR @ Skyview Shores MR NE,51.15813,-113.9604833
SB 11 ST SE @ 64 AV SE,50.9949709,-114.0392354
WB 34 AV NW @ 71 ST NW,51.0839049,-114.1911594
EB Silver Springs BV @ Nose Hill DR NW,51.1157317,-114.2061727
NB Panatella DR @ Panatella BV NW,51.1650691,-114.0742484
SB Radisson DR @ 17 AV SE,51.0384077,-113.9868448
WB Centre AV @ 23 ST E,51.052525,-114.0048376
WB Southport WY @ Southport RD SW,50.9578545,-114.0737128
NB Northmount DR @ Thornhill DR NW,51.0993749,-114.0760089
WB Willingdon BV @ Wilton PL SE,50.9505505,-114.0465749
NB Bowness RD @ 33 AV NW,51.0828056,-114.1731758
EB Bowness RD @ 61 ST NW,51.0837136,-114.1757623
EB Woodview DR @ Woodfield DR SW,50.9411268,-114.1212048
WB Morley TR @ 26 AV NW,51.0770412,-114.1107301
EB Symons Valley PY @ Shaganappi TR NW,51.1678706,-114.1504747
EB Canyon Meadows DR @ Lake Placid RI SE,50.9302486,-114.0515485
NB Tuscany WY @ Tuscany Ridge HT NW,51.1309929,-114.2516214
EB Aspen Hills DR N. of Aspen Stone BV SW,51.0406725,-114.2178936
EB Penbrooke DR @ Penedo WY SE,51.045322,-113.9438163
WB Auburn Bay DR @ Auburn Meadows PL SE,50.8992734,-113.9487611
NB Beddington BV @ Bermuda DR NW,51.1322098,-114.0869717
NB 3 ST SE @ 58 AV SE,51.0026605,-114.0569789
WB Panatella BV @ Panora GA NW,51.1682672,-114.095183
Sarcee Road Station (EB),51.0123475,-114.1404992
NB 39 ST NW @ University AV,51.0787489,-114.1446966
SB 8 ST NE @ 72 AV NE,51.1174499,-114.0447269
EB 37 AV NE @ 26 ST NE,51.0866071,-113.9971364
WB Varsity Estates DR @ Varsity Estates GR NW,51.1008846,-114.1765154
NB 45 ST SW @ N. of Richmond RD,51.0196061,-114.1527089
NB Midvalley DR @ Midvalley CR SE,50.9111887,-114.0416276
WB Oakwood DR @ Oakmount WY SW,50.9720685,-114.1365288
NB 44 ST SE @ 17 AV SE,51.0382658,-113.9698905
WB 6 AV SE @ 4 ST SE,51.0472731,-114.054036
WB Shawville GA @ Somervale CO SW,50.8982716,-114.0694155
NB 85 ST SW @ Aspen Summit BV,51.0437132,-114.2108998
90 Avenue SW (SB),50.9733677,-114.0956604
NB 10 ST NW @ 5 AV NW,51.0574791,-114.0858155
SB Centre ST N @ 38 AV N,51.0867503,-114.0625524
Marda Loop Station (NB),51.0249489,-114.1174366
WB Midvalley DR @ Midvalley RD SE,50.9133916,-114.0430103
NB Fairmount DR @ Heritage DR SE,50.9799667,-114.0598541
EB Copperpond BV @ Copperpond RD SE,50.924007,-113.9298472
SB Lakeview DR @ 58 AV SW,51.0017047,-114.1349885
EB Spruce DR @ Wimbledon CR SW,51.0522298,-114.153433
WB New Brighton DR @ BrightonCrest RI SE,50.9219962,-113.9464555
EB Rocky Ridge BV @ Rocky Ridge GA NW,51.1440851,-114.2420281
SB Heritage DR @ 77 AV SE,50.9842559,-114.0486431
NB Deer Ridge DR @ Deermont RD SE,50.9236741,-114.0140937
SB Tuscany Springs BV @ Tuscarora HT NW,51.1307179,-114.2370212
EB Shawnee DR @ Shawnee CO SW,50.9250209,-114.0801015
WB 17 AV SW @ 4 ST SW,51.0379113,-114.0719929
NB Uxbridge DR @ 16 AV NW,51.0692446,-114.129047
44th Avenue NE Station (NB),51.0918217,-113.9582071
NB Scurfield DR @ Scenic Acres BV NW,51.1199829,-114.2107081
NB @ 5 ST NW Terminal,51.0590125,-114.0741151
SB 4 ST NW @ Northmount DR,51.1020452,-114.0716543
EB Patina DR @ Patterson BV SW,51.0628938,-114.177744
WB 31 AV NW @ Bowview RD,51.0806943,-114.1788593
NB University DR @ Unwin RD NW,51.0725561,-114.1265433
SB Springborough BV @ Ambrose CI SW,51.0335703,-114.1926365
SB Silverado Ridg LI @ Silverado Skies DR SW,50.8883799,-114.0864049
SB 37 ST SW @ 23 AV SW,51.0328389,-114.1413556
NB 52 ST SE @  Prestwick AV,50.9223815,-113.9579692
WB 26 AV SW@ 35 ST SW,51.0301335,-114.1388691
WB 16 AV NW @ 6 ST NW,51.0670644,-114.0770475
WB 17 AV SW @ 41 ST SW,51.0378635,-114.1474661
Dalhousie LRT Station NB,51.103784,-114.1580944
WB 106 AV SE @ 46 ST SE,50.9580648,-113.9691766
WB McKenzie Towne DR @ N. Elgin Estates PA SE,50.9094046,-113.9595742
SB Arbour Lake DR @ Arbour Crest RD NW,51.1354219,-114.2018571
NB 73 ST SW @ 11 AV SW,51.0548016,-114.1934684
SB 53 ST @ Varsity Estates GV NW,51.097557,-114.1646475
SB Barlow TR @ 76 AV SE,50.9846936,-113.9820726
SB Coventry DR @ Coverdale RD NE,51.159483,-114.0436705
WB Hidden Valley DR @ Hidden WY NW,51.1449744,-114.1262496
EB 16 AV NW @ University DR,51.0676243,-114.1237297
NB Edmonton TR @ 8 AV NE,51.0601286,-114.0544614
NB Barlow TR @ Airport RD NE,51.1353598,-114.0002917
SB 73 ST SW @ Westpoint CL SW,51.0582475,-114.193661
EB 27 AV NE @ 12 ST NE,51.0768649,-114.0245262
WB 6 AV SW @ 9 ST SW,51.0480854,-114.0830992
EB Sunpark PZ @ W. of Sunpark DR SE,50.9018118,-114.0578273
SB Sherview DR @ Sherwood BV (North Leg) NW,51.1647674,-114.1603424
NB Varsity Estates DR @ Varsity Estates PL NW,51.0994722,-114.1739015
NB Crowfoot GA @ Crowfoot CR NW,51.129345,-114.2001233
WB Scenic Acres DR@ Scimitar PT NW,51.1111043,-114.2148153
EB 76 AV SE @ 22A ST SE,50.9849757,-114.0039176
SB 37 ST SW @ Bow TR,51.044211,-114.1412473
EB Arbour Lake WY @ Arbour Ridge WY NW,51.1376681,-114.1860229
NB Ranchlands BV @ Ranchview RD NW,51.1177785,-114.1855459
NB Bonaventure DR @ Lake Moraine RD SE,50.9440109,-114.0604588
NB 7 ST SE @ 34 AV SE,51.0228227,-114.0457607
SB 68 ST NE @ Falton CL,51.1031314,-113.9353291
NB 68 ST NE @ 26 AV NE,51.0762831,-113.9348929
64th Avenue N Station (NB),51.1112038,-114.06227
SB Macleod TR @ Mission RD SW,51.0212143,-114.0611514
EB 112 AV NW @ Rocky Ridge RD,51.154015,-114.2330089
NB Bonaventure DR @ Lake Fraser WY SE,50.9396769,-114.0633803
SB Strathcona DR @ Strathcona PL SW,51.0457286,-114.1686857
NB Edmonton TR @ Greenview DR NE,51.0942886,-114.0536468
EB Beddington BV @ Berwick WY NW,51.1298786,-114.0833017
NB Harvest Hills BV @ Harvest Oak GA NE,51.1462159,-114.0640171
SB Brentwood RD @ N. of Charleswood DR NW,51.0855298,-114.1281381
WB Evanston DR @ Evanston HL NW,51.1798197,-114.1117234
SB 69 ST SW @ Elmont DR,51.0284958,-114.1877514
SB Hamptons DR @ Hampstead GV NW,51.1429357,-114.1312808
All Saints High School,50.8596223,-114.0254636
NB Lake Bonavista DR @ Lake Twintree DR SE,50.9369029,-114.0351405
WB 32 AV NE @ 26 ST NE,51.0816441,-113.9989717
NB Elbow DR @ Elbow Park LN SW,51.0219453,-114.0777344
44th Street SE Station (WB),51.0378789,-113.9708231
NB Mount McKenzie DR @ Mount Aberdeen MR SE,50.9302622,-113.9830146
EB Falconridge DR @ Falwood WY NE,51.0998877,-113.943874
NB Silver Springs DR @ Silver Springs WY NW,51.1092921,-114.1831183
SB Strathcona DR @ Strathcona CR SW,51.0474129,-114.1684117
NB Elbow DR @ Anderson RD SW,50.9514998,-114.0843224
NB Riverbend DR @ Riverbend GA SE,50.9761193,-114.0184652
SB Redstone GV @ Redstone AV NE,51.1731844,-113.9635135
EB 5 AV SW @ 2 ST SW,51.0484304,-114.066777
Tuscany Station - Rocky Ridge Terminal,51.1349343,-114.2349953
NB 14 ST NE @ 115 AV NE,51.1581301,-114.0263649
EB Richmond RD @ 42 ST SW,51.0201664,-114.1476546
WB Ranchview DR @ Ranch Estates DR NW,51.119941,-114.1771252
SB Centre ST S @ 4 AV S,51.0489379,-114.0629919
NB Elbow DR @ Sylvester CR SW,50.9593255,-114.0846868
NB Hidden Valley DR @ Hidden Hills WY NW,51.1472931,-114.129466
EB Sierra Morena BV @ Sierra Nevada WY SW,51.013037,-114.1807593
EB Midlake BV @ Bannister RD SE,50.9142864,-114.0634801
NB Charleswood DR @ Brentwood BV NW,51.0849298,-114.1227628
WB Southland DR @ Bradbury DR SW,50.9615398,-114.0994408
NB 40 ST SE @ 116 AV SE,50.9475771,-113.9778746
EB 5 AV SW @ 6 ST SW,51.0486681,-114.075538
NB Varsity Estates DR @ Varsity Estates CR NW,51.1069335,-114.1785612
NB 16 AV NW @ 46 ST NW,51.0718094,-114.1629673
SB Edmonton TR @ 35 AV NE,51.0842814,-114.0523837
EB 17 AV SW @ 12 ST SW,51.0377526,-114.0908348
WB 32 AV NE @ S. Gate Spring Gardens,51.0816019,-114.042101
WB 12 AV NE @ 5 ST NE,51.0633504,-114.0513162
NB Auburn Bay BV @ Auburn Sound VW SE,50.8898891,-113.9663669
SB 24 ST SW @ 98 AV SW,50.9647577,-114.118195
EB Crowfoot CR @ Crowfoot WY NW,51.1260298,-114.1987802
NB Ogden RD @ 69th AVE SE,50.9908007,-114.0014927
NB Tararidge DR @ 64 AV NE,51.1113243,-113.9405898
NB Ranchero DR @ Ranchero PL NW,51.1238404,-114.1896366
NB 45 ST SE @ Front ST SE,50.8834875,-113.9481381
NB Rocky Ridge DR @ 400 Rocky Ridge  VW NW,51.1435484,-114.2494097
EB 40 AV NW @ 40 ST NW,51.0882028,-114.1469247
EB Scenic Acres BV @ Scenic Acres DR NW,51.1159502,-114.221526
WB Douglasdale BV @ Douglas Woods HL SE,50.9400348,-113.9853543
WB Martindale BV @ Falconridge BV NE,51.1142523,-113.9476416
NB Willingdon BV @ Willacy DR (E. Leg) SE,50.9507027,-114.044415
EB 90 AV SW @ Palliser DR,50.9757029,-114.1328858
NB Crowfoot CR @ Crowfoot TC NW,51.1283401,-114.2039864
WB Sunmills DR @ Sunset WY SE,50.8982045,-114.0375581
SB Abbeydale DR @ Abergale DR NE,51.0582858,-113.9267476
WB Coral Springs BV @ Coral Springs CL NE,51.1080589,-113.9337184
NB Coventry DR @ Coventry BV NE,51.1582815,-114.0438189
NB Savanna ST NE @ Savanna PL NE,51.1356985,-113.9522713
SB 28 ST SE @ 14 AV SE,51.0401362,-113.9931815
EB Ranchview DR @ Ranchlands BV NW,51.1198761,-114.177415
SB Woodfield RD @ Woodhaven CR SW,50.9347698,-114.1322595
NB Bowness RD @ 46 ST NW,51.07299,-114.1608391
NB Edmonton TR @ 32 AV NE,51.0813316,-114.054542
EB 16 AV NE @ 6 ST NE,51.0667994,-114.0475565
SB Charleswood DR @ Brentwood Mall NW,51.084456,-114.1239775
54 Avenue SW Station (SB),51.0054438,-114.1182503
EB Whitehorn DR @ Whiteview RD NE,51.0848735,-113.9659011
EB 32 AV NW @ 33 ST NW,51.0813761,-114.1337077
WB 16th AV NW @ 19th ST NW,51.0671481,-114.1075436
NB Shawnee DR @ S. of Shawnee GD SW,50.9286945,-114.0906885
SB Royal Oak DR @ Royal Ridge  HL NW,51.140237,-114.2193181
EB 12 AV SW @ 11 ST SW,51.0420623,-114.0883532
EB Centre AV @ 19 ST E,51.0523699,-114.0075591
WB Beddington BV @ Bermuda DR NW,51.1277678,-114.0776598
WB Westwinds DR @ 44 ST NE,51.1002289,-113.9711382
NB 56 AV SE @ 54 AV SE,51.0048408,-113.9939261
SB Ogden RD @ 76 AV SE,50.984685,-113.9989059
WB Patina DR @ Village HT SW,51.0568037,-114.1695369
SB Elbow DR @ Heritage DR SW,50.9786327,-114.0834057
EB Wentworth DR @ 700 Wentworth PL SW,51.0541733,-114.2056042
SB Centre ST N @ 40 AV N,51.0882903,-114.0626261
WB Brentwood RD @ Brentwood Co-Op Gas,51.0870312,-114.1306729
SB 1 ST SE @ S. of 18 AV SE,51.03547,-114.0614616
WB Crestmont BV @ Cresthaven RI SW,51.0858587,-114.2673175
SB 18 ST SE @ 76 AV SE,50.9846565,-114.0160368
WB 8 AV SE @ 52 ST SE,51.0452732,-113.9591733
EB Sunridge WY @ W. of 29 ST NE,51.0691371,-113.9942706
EB Sherwood GA @ Sherwood SQ NW,51.1629771,-114.1459943
WB 24 AV NW @ Upton PL,51.0745337,-114.1360154
WB Royal Birch BV @ Country Hills BV NW,51.1496463,-114.2144534
NB 52 ST NE @ 26 AV NE,51.0767862,-113.9582629
EB 90 AV SW @ 24 ST SW,50.9721312,-114.1164234
SB 87 ST NW @ Nose Hill DR,51.1043306,-114.2174228
North Pointe Terminal H,51.1579342,-114.0687812
EB 17 AV SW @ 14 ST SW,51.0377301,-114.0939035
WB Lake Bonavista DR @ Lake Mead  DR SE,50.93833,-114.0552651
WB 76 AV SE @ 57 ST SE,50.9852211,-113.9472236
17 Avenue SW Station (NB),51.0375529,-114.1131944
SB Centre ST N @ 28 AV N,51.077494,-114.0626721
NB Ogden RD @ 50 AV SE,51.0067491,-114.011496
WB Temple DR @ Templemont DR NE,51.0923432,-113.9494711
EB Arbour Lake DR @ E. of Arbour Crest DR NW,51.1385949,-114.196518
SB Queensland Dr @ 500 Queensland PL SE,50.9337386,-114.0182743
SB Copperfield BV @ Copperfield HT SE,50.9119347,-113.9463077
NB Westwinds DR @ 54 AV NE,51.1025695,-113.9760713
WB 27 AV NE @ 19 ST NE,51.0769799,-114.0124675
NB Elbow DR @ 56 AV SW,51.0037558,-114.0812591
SB Valley Ridge BV @ Valley Ridge DR NW,51.0913414,-114.2496679
EB 32 AV NW @ Campus DR,51.0813686,-114.1297383
NB 20 ST SW@ 54 AV SW,51.0054293,-114.1091113
NB 10 ST NW @ 16 AV NW,51.0666753,-114.0847623
NB 36 ST NE @ 26 AV NE,51.0783645,-113.9813063
Rockyview Hospital (SB),50.987734,-114.0961157
NB Panorama Hills DR @ Panorama Hills ME NW,51.1521792,-114.0855705
EB McDougall RD @ 11A ST NE,51.0508296,-114.0342736
SB Manning RD @ Centre AV NE,51.0526541,-114.0172596
WB John Laurie BV @ Nose Hill DR NW,51.1282427,-114.1954157
EB Country Hills BV @ Country Hills SQ NW,51.1487389,-114.0728022
EB Seton BV @ Auburn Bay LI SE,50.8826405,-113.9554156
NB Ranchlands BV @ Ranchview DR NW,51.120894,-114.1782247
WB 114 AV SE @ W. of 35 ST SE,50.9495664,-113.9908034
NB Cranford DR @ Cranford CR SE,50.8760406,-113.9680844
NB 52 ST SE @ 72 AV SE,50.9901985,-113.9582303
WB 6 AV SW @ E. of 1 ST SW,51.0475883,-114.0642274
EB California BV @ 68 ST NE,51.0725263,-113.9343274
SB Elbow DR @ 70 AV SW,50.9902782,-114.0832881
NB 4 ST NW @ 13 AV NW,51.0650622,-114.0714494
WB 17 AV SW @ Christie Park GA,51.0372842,-114.179869
WB Sandarac DR@ Sandalwood GA NW,51.1402109,-114.1048982
NB 11 ST SE @ 70 AV SE,50.9914542,-114.0399582
NB Sherview Dr @ Sherwood Bv (South Leg) NW,51.1632785,-114.1594397
SB 6 ST SE @ 8 AV SE,51.0447225,-114.0484904
WB Ogden RD @ 14A ST SE,51.0186809,-114.0271712
SB Abbeydale DR @ Abbotsford DR NE,51.0608139,-113.9273837
SB 4 ST SW @ 23 AV SW,51.0320916,-114.0716324
NB 19 ST NE @ 39 AV NE,51.0886719,-114.011428
EB 130 AV SE @ 46 ST SE,50.9318221,-113.966954
EB Bedford DR @ Bedwood RD NE,51.1279478,-114.0593801
SB Sheriff King ST @ 194 AV SW,50.8769092,-114.0710979
WB Riverglen DR @ Rivercroft CL SE,50.9771855,-114.0088078
WB 83 AV SE @ Arlington DR,50.9782184,-114.0587621
NB Prestwick CI @  Prestwick GA SE,50.9257484,-113.96066
EB Westwinds DR @ 40 ST NE,51.1000502,-113.97535
Riverbend Station (SB),50.9765507,-114.0159869
EB Midvalley DR @ Midlake BV SE,50.9103099,-114.0456387
NB Panatella BV @ 200 Pantego VW NW,51.1678063,-114.0968315
WB Southland DR @ Macleod TR S,50.9651888,-114.0724113
SB Hamptons BV @ Hamptons GR NW,51.1430777,-114.1616716
SB 36 ST SE @ 8 AV SE,51.0447971,-113.9817354
SB Sherwood BV @ 400 Sherwood PL NW,51.1591663,-114.1538979
NB Hunterview DR @ 64 AV NW,51.1105135,-114.0786491
SB 44 ST SE @ 8 AV SE,51.0448564,-113.9701308
SB Madigan DR @ 8 AV NE,51.0594336,-113.9406598
WB 25 AV SE @ Spiller RD,51.0297948,-114.0507803
EB 88 AV NE @ 52 ST NE,51.1323567,-113.9576153
NB 19 ST NE @ Aero DR,51.1377637,-114.0130223
EB 26 AV NE @ 38 ST NE,51.0778066,-113.977473
EB Bow Valley LN @ 11 ST NE,51.0489279,-114.0362502
EB Scenic Acres DR @ Scenic Ridge GA  NW,51.1108372,-114.2160602
EB Richardson WY @ W. of Richard RD SW,51.013918,-114.1272342
EB 17 AV SW @ 19 ST SW,51.0377665,-114.1058709
NB Symons Valley PY @ Evanston WY NW,51.1739201,-114.1077968
WB 14 AV SE @ 27 ST SE,51.040554,-113.9961364
SB 11 ST NE@ 55 AV NE,51.1017815,-114.0365835
EB Bowness RD @ 83 ST NW,51.0901025,-114.2076798
SB 9 ST SE @ S. of 34 AV SE,51.0212751,-114.0407677
SB 14 ST NW @ Kensington RD,51.0521642,-114.0948833
EB Heritage Meadows WY @ 11 ST SE,50.983759,-114.0412032
NB 28 ST @ 28 AV SE,51.0293689,-113.9921244
NB 4 ST SW @ 13 AV SW,51.0410257,-114.0713969
EB Seton DR @ Seton WY SE,50.8767781,-113.955788
Sunalta LRT Station WB,51.0444073,-114.0997422
WB Midvalley DR @ Midvalley WY SE,50.9103975,-114.0451921
WB Rundlehorn DR @ 48 ST NE,51.0708833,-113.9644039
NB Hawkwood BV @ Hawkcliff GA NW,51.127333,-114.1666541
Crescent Heights High School,51.0609379,-114.0651724
NB Elbow DR @  Haverhill RD SW,50.9762699,-114.0838816
WB 112 AV NW @ Sherwood DR NW,51.1602915,-114.1604801
NB 51 ST SW @ Glenbrook Villas,51.0295023,-114.1609172
WB 37 AV NE @ Barlow TR,51.0867941,-114.0026657
SB Elbow DR @ 47 AV SW,51.0110301,-114.0815151
WB 4 AV SW @ 2 ST SW,51.0495741,-114.0675466
NB Fairmount DR @ Farrell RD SE,50.9924125,-114.0636565
NB 69 ST SW @ Christie Estates BV,51.0402515,-114.1873245
SB Rocky Ridge RD @ Royal Oak WY NW,51.1483507,-114.2345091
EB 90 AV SW @ W. of 16 ST SW,50.9721286,-114.102519
EB Scenic Acres BV @ Scenic Acres DR NW,51.1193775,-114.2102158
EB 5 AV & Centre St S fs,51.0482631,-114.0618773
SB Castleridge BV @ Westwinds CR NE,51.1054053,-113.9699138
WB Child AV @ 12A ST NE,51.0580286,-114.033328
SB 14 ST SW @ 36 AV SW,51.0212833,-114.0948187
NB Evanston WY @ Evansdale WY  NW,51.1737337,-114.1051342
NB Strathcona DR @ Strathcona DR SW,51.0459562,-114.1814425
NB 24 ST @ Palistone RD SW,50.9670515,-114.1178321
EB 44 AV NE @ Whitefield DR,51.0924169,-113.9716633
SB Macleod TR @ 45 AV SW,51.0124732,-114.0662387
SB 4 ST SW @ Rideau RD,51.0279637,-114.0716645
NB Macleod TR @ 53 AV SW,51.0059785,-114.0693761
SB Nolan Hill Bv @ Nolan Hill Ave NW,51.1754694,-114.171777
SB Fairmount DR @  Franklin DR SE,50.9892179,-114.063958
WB Erin Woods DR @ Erin Green WY SE,51.0168977,-113.9693594
EB 1 AV NE@ 10 ST NE,51.0532133,-114.0380672
NB Somercrest ST @ Somerset DR SW,50.9008087,-114.0895547
SB 52 ST SE@ 48 AV SE,51.0105235,-113.9587676
SB Sunnyside CTrain Station,51.056349,-114.0845021
EB 61 AV SE @ 52 ST SE,50.9988526,-113.9570182
SB Aero DR NE @ Bldg 25,51.1194086,-114.0334569
WB 17 AV SE @ Radisson DR,51.0379944,-113.987214
WB Hawkstone DR @ Hawkcliff WY NW,51.1308278,-114.1672263
EB Symons Valley PY @ 37 ST NW,51.1677839,-114.139597
WB Sage Valley Blvd @ Sage Hill Dr NW,51.1760122,-114.1422083
SB 52 ST SE @ 61 AV SE,50.9985334,-113.9587825
SB 60 ST SE @ 86 AV SE,50.9753518,-113.9469922
SB Ogden RD @ Millican RD SE,51.0005703,-114.0108242
WB 62 AV SE @ 19 ST SE,50.9977719,-114.0146533
WB Millican RD @ Lynnview RD SE,50.99916,-114.0109363
SB Ogden RD @ 42 AV SE,51.0150591,-114.0153107
SB Cornerstone BV @ Cornerstone HT NE,51.1575538,-113.9383429
SB 10 ST NW @ S.of Gladstone RD,51.0562449,-114.0860643
NB Sirocco DR @ Signal Hill HT SW,51.0329469,-114.1668262
WB Discovery Ridge BV @ 300 Discovery Ridge BY SW,51.0191442,-114.2288447
EB Cranston AV @ Cranston RD SE,50.8795955,-113.978897
EB Whitehorn DR @ Whitlock PL NE,51.0849779,-113.973392
NB 52 ST SE @ 76 AV SE,50.9858901,-113.9582413
EB Varsity DR @ Vancouver CR NW,51.0899925,-114.1436009
EB 194 AV SE @ Wolf Creek Dr. SE,50.8776022,-114.008245
WB 8 AV SE @ Pensdale RD,51.0453098,-113.9550571
NB Macleod TR @ 39 AV SE,51.0188508,-114.0623135
WB McKenzie Lake BV @ Mount McKenzie WY SE,50.9154148,-113.9849958
EB Shawville GA @ W. of Shawville LI SE,50.8984558,-114.067441
SB Coventry DR @ Coventry Hills WY NE,51.1651219,-114.0432811
NB 1 ST SW @ 17 AV SW,51.0381994,-114.0659113
WB Radcliffe DR @ 36 ST SE,51.0482371,-113.9826504
WB Country Hills BV @ Coventry BV NE,51.1544349,-114.0432353
SB 17A ST SW@ 17 AV SW,51.0374616,-114.1030081
NB Shaganappi Tr @ University Ave,51.0773125,-114.1519586
WB 27 AV NE @ 18 ST NE,51.0769386,-114.0154259
WB Masters RD @ Magnolia LI SE,50.8923903,-113.9168168
EB Heritage DR @ Elbow DR SW,50.9794318,-114.0826289
NB Chaparral Valley DR @ Chaparral Valley GD SE,50.8803083,-114.0135599
NB Bannister RD @ 151 AV SE,50.9176175,-114.0678864
WB 9 AV SW @ 77 ST SW,51.0597595,-114.1999567
SB 16 AV NW @ Monterey AV,51.0691607,-114.1598315
SB Sunridge WY @ 23 AV NE,51.0713898,-113.9986219
EB 5 AV SW @ 9 ST SW,51.0489179,-114.0837276
EB Douglas Glen BV @ Douglas Glen HE SE,50.9562429,-114.0097834
WB 162 AV SW @ E. of Shawbrooke RD,50.9051237,-114.0940696
EB Deer Ridge DR @ Deer Ridge WY SE,50.9254379,-114.0218654
SB Arbour Lake DR @ Arbour Vista HL NW,51.1366246,-114.1994968
SB Centre ST N @ 78 AV N,51.1223264,-114.0715732
WB MacEwan Glen DR @ 14 ST NW,51.1316184,-114.1073372
NB Oakfield DR @  Oakwood DR SW,50.9665304,-114.1326105
EB Varsity Estates DR W. of Varsity Estates RI NW,51.0968117,-114.1710069
EB Bowness RD @ 64 ST NW,51.0865464,-114.1820734
NB Ogden RD @ 34 AV SE,51.023728,-114.0307418
EB Cornerstone AV @ Cornerstone BV NE,51.1608598,-113.9374973
SB Elbow DR @ Lansdowne AV SW,51.016908,-114.0788071
SB Sherwood BV @ Sherwood MT NW,51.1612795,-114.1557633
WB  Redstone DR @  Redstone ST NE,51.168466,-113.9629052
NB Walden BV SE @ Walden GV SE,50.8700089,-114.0296594
SB 84 ST NE @ Homestead GA NE,51.1194581,-113.9120235
EB McKenzie Lake BV @ Mount McKenzie DR SE,50.9163137,-113.9807983
NB James McKevitt RD @ Millview GA SW,50.9180573,-114.0998761
EB Woodbine BV @ Woodbine BV SW,50.9411278,-114.1250031
EB 14 AV NW @ 14 ST NW,51.0643419,-114.0973608
WB Dover Ridge DR @ Dover Meadow CL SE,51.0211872,-113.9790343
NB 16 AV NW @ 43 ST NW,51.068325,-114.1583838
SB Fairmount DR @ Heritage DR SE,50.9792847,-114.0600982
Anderson LRT Station,50.954236,-114.0739688
SB Skyview Ranch WY@ Skyview Shores LI NE,51.1558153,-113.9641756
SB 68 ST NE @ Falconridge DR,51.1010594,-113.9353819
WB Springbank BV @ 69 ST SW,51.017938,-114.1922836
WB Saddlecrest BV @ Saddlebrook CM NE,51.1366321,-113.9308236
WB Pensacola WY @ Pennsburg DR SE,51.0411133,-113.9517697
SB 19 ST NW @ 20 AV NW,51.0701341,-114.1064065
SB Sienna Park DR @ Signal Hill DR SW,51.0264952,-114.1800992
WB 17 AV SE @ 65 ST SE,51.0379629,-113.939998
WB  Midpark BV @ Midlake WY SE,50.9083216,-114.0591523
NB Richard RD @ 50 AV SW,51.0092891,-114.1292028
EB Everridge DR @ Eversyde BV SW,50.9111017,-114.109201
NB Fairmount DR @ Fredson DR SE,50.9824859,-114.0598801
SB 4 ST NW @ 31 AV NW,51.0800443,-114.0716738
SB Midvalley DR @ Midvalley CR SE,50.9107634,-114.042238
SB Edmonton TR @ 12 AV NE,51.0630124,-114.0561053
WB Temple DR @ 64 ST NE,51.0926967,-113.9416631
NB Centre ST N @ Harvest Hills BV,51.1319629,-114.0713335
EB 20 AV NW @ 8 ST NW,51.0704781,-114.0808298
NB Elbow DR @ Sabrina RD SW,50.9576936,-114.0845327
NB 10 ST NW @ 3 AV NW,51.0559765,-114.0857958
EB McKenzie DR @ McKerrell CL SE,50.9026498,-113.9821808
WB 26 AV NE @ Catalina BV,51.0762083,-113.932042
SB Edmonton TR @ Greenview DR NE,51.0909909,-114.0527138
WB Country Hills BV @ Barlow TR NE,51.1545261,-114.0029899
NB Sheriff King ST @ Silverado WY SW,50.8816248,-114.0708646
Brentwood LRT Station NB,51.0865292,-114.1320965
EB Douglasdale BV @ Douglasview PA SE,50.9405514,-113.9886381
WB Hidden Valley DR @ W. Leg Hidden Ranch TC NW,51.1501874,-114.125651
EB Dalhousie DR @ 54 ST NW,51.1087111,-114.1643075
WB 10 AV SW @ 19 ST SW,51.0446442,-114.1068261
WB 78 AV NE @ Huntham RD NE,51.1222299,-114.0666469
EB Evergreen DR @ Evergreen HL SW,50.926982,-114.1010286
NB McKinnon DR @ Millward RD NE,51.0621293,-114.0047455
SB Strathcona BV @ Strathcona DR SW,51.0483272,-114.1850228
SB Centre ST N @ 68 AV N,51.1130972,-114.0643819
NB Taradale DR @ Tarington GDN NE,51.1146121,-113.9280824
SB Redstone BV @ Redstone DR NE,51.167692,-113.9512099
EB 66 AV NW @ Dalcastle WY,51.1142774,-114.1727834
NB Harvest Hills GA @ Harvest Hills DR NE,51.1515803,-114.0479101
EB 14 AV SE @ 27 ST SE,51.0404424,-113.9949452
EB Mahogany RD @ 52 ST SE (farside),50.8936722,-113.941935
EB Edgemont DR @ Edgemont BV NW,51.1170894,-114.1522758
WB Citadel DR @ Citadel Meadow GV NW,51.1481474,-114.1726292
SB Centre ST S @ 4 AV S,51.0489095,-114.0629366
WB Radford RD @ Renfrew DR NE,51.0623041,-114.0341536
WB Copperfield BV @ Copperstone GV SE,50.9104241,-113.9313136
NB Tuscany Springs BV @ Tuscany BV NW,51.1259876,-114.2385015
NB Chaparral BV @ Chaparral Ravine WY SE,50.8811121,-114.0243859
NB Centre ST N @ 16 AV N,51.0673894,-114.0623943
EB 17th AV SE @ 70th ST SE,51.0376997,-113.9296603
EB 12 AV SE @ 6 ST SE,51.0409377,-114.0485742
44th Street SE Station (EB),51.0377415,-113.9693069
WB 5 AV NW @ 20 ST NW,51.0573134,-114.1084623
EB 33 AV SW @ W. of Crowchild TR,51.0246109,-114.1231355
EB 20 AV NW @ 14 ST NW,51.0704774,-114.09415
EB 1 AV NE @ 8A ST NE,51.0532118,-114.0406334
NB 28 ST NE @ 3 AV NE,51.0549157,-113.9932084
EB Arbour Lake DR @ John Laurie BV NW,51.133551,-114.2029852
WB Scurfield DR @ Scanlon GR NW,51.1246307,-114.223449
NB Centre ST N @ S. of 78 AV N,51.1206698,-114.071152
SB Shawinigan DR @ Shawbrooke DR SW,50.9059222,-114.0868456
NB Centre ST N @ 22 AV N,51.0728147,-114.0624503
SB 14 ST NW @ 14 AV NW,51.0637506,-114.0952852
EB 6 AV NW@ 18 ST NW,51.0575429,-114.1017541
NB Mount McKenzie DR @ Mount Allan CI SE,50.9225623,-113.9813755
EB Southland DR @ Elbow DR SW,50.9634362,-114.0844336
WB Arbour Ridge WY @ Arbour Ridge PA NW,51.1409231,-114.1867256
NB Edgepark  BV @  Edgepark  RI NW,51.1331843,-114.1579613
SB Lake Fraser Dr @ N.of Lake Fraser CO SE,50.9447464,-114.0685993
EB 94 AV SE @ 54 ST SE,50.9686172,-113.9543946
NB Fairmount DR @ Willow Park DR SE,50.9587149,-114.0589179
WB Memorial DR @ Madigan DR NE,51.0525473,-113.9425269
NB Huntington ST @ 72 AV NE,51.1184022,-114.053584
EB  Ranchview DR @ Ranchridge WY NW,51.1204086,-114.1864435
SB Shawinigan DR @ Shannon DR SW,50.9082261,-114.0886934
EB Auburn Bay DR @ S.leg Auburn Glen HT SE,50.8941451,-113.9561938
SB Strathcona BV @ Strathcona DR SW,51.0465807,-114.1868268
EB Panatella BV @ Pantego LN NW,51.1635315,-114.0957267
NB Sunpark GT @ Sunpark PZ SE,50.9044224,-114.0568375
WB Kensington RD @ 10 ST NW,51.052577,-114.0865373
SB Sherview DR @ Sherwood BV (South Leg) NW,51.1621278,-114.159911
NB 52 ST SE @ McKenzie Towne LI,50.9152837,-113.9560489
EB Shawnessy BV @ Millrise DR SW,50.9138998,-114.0918536
SB Lake Bonavista DR @ Lake Willow RD SE,50.9434533,-114.065107
EB Chaparral DR @ Chapala DR SE,50.8851228,-114.0293162
EB 5 AV SW @ 8 ST SW,51.0487861,-114.080254
EB Walden DR @ Walgrove DR SE,50.8654917,-114.0233855
SB Shawville BV @ Shalom WY SE,50.9073637,-114.0671939
WB Varsity Estates DR @ Varsity Estates RD NW,51.1031711,-114.1650753
NB Mahogany BV @ Masters RO  SE,50.8929022,-113.9116528
WB 61 AV SE @ 52 ST SE,50.9991956,-113.9597185
WB Berkley DR @ Berwick RI NW,51.1281824,-114.0892265
WB 58 AV SE @ Burbank RD,51.0015446,-114.0462723
SB 20A ST SE @ Lynndale RD,50.9894027,-114.010288
EB 27 AV NE @ 18 ST NE,51.0768435,-114.0138185
Woodpark Station (NB),50.9365969,-114.1174831
WB Hamptons BV @ Hamptons GV NW,51.1445865,-114.1563597
WB Spruce DR @ Wellington PL SW,51.052354,-114.1445203
SB Lynnview RD @ 62 AV SE,50.9975411,-114.0211111
SB Edmonton TR @ 41 AV NE,51.0891761,-114.0520866
EB 40 AV NW @ Northmount DR,51.0887128,-114.0848798
SB Springbluff BV @ Springbluff LN SW,51.0222596,-114.199196
SB Legacy Village WY/ Legacy Vil RD SE,50.8591118,-114.0249163
WB Coventry Hills WY @ Covewood GA NE,51.1714636,-114.0468528
NB Douglasdale BV @ Douglas Woods Dr SE,50.9434792,-114.003484
SB Woodbine BV @ Woodmont RD SW,50.9427752,-114.1260433
EB Na'a DR @ Piita RI SW,51.0804784,-114.2073472
NB Tuscany CTrain Station,51.1345169,-114.2355263
NB Coral Springs BV @ Coral Shores DR NE,51.1044353,-113.9259001
SB 45 ST SW @ 13 AV SW,51.041214,-114.1528103
EB Marbank DR @ Mardale RD NE,51.0625692,-113.9615366
EB Symons Valley PY @ Symons Valley RD NW,51.1678415,-114.1304973
EB  Lake Bonavista DR @ Acadia DR SE,50.9373961,-114.0474944
NB 37 ST SW @ 61 AV SW,50.9990525,-114.1409108
NB 36 ST SE @ Erin Woods BV,51.0180177,-113.9799535
WB Dover Ridge DR @ 33 ST SE,51.020839,-113.9857457
SB McCall WY @ Palmer RD NE,51.096494,-114.0077092
NB Sunpark Dr @ Sunpark PZ SE,50.9012731,-114.0550163
EB Ogden RD @ 14A ST SE,51.0185654,-114.0261661
SB Silvergrove DR @ Silverstone RD NW,51.1151522,-114.1941511
NB 10 ST @ Premier WY SW,51.0259095,-114.0877115
Country Hills Boulevard Station (SB),51.1522861,-114.065684
NB Acadia DR @ Mapleglade DR SE,50.9520765,-114.0411237
NB Panatella BV @ Panatella CR NW,51.1652353,-114.0821563
Saddletowne Terminal Stop J,51.1256573,-113.9486145
EB 78 AV NE @ Huntington RD NE,51.1210257,-114.0588195
SB Sage Hill DR @ 144 AV NW,51.1824213,-114.1413795
WB 8 AV NE @ Russet RD,51.0596898,-114.0413719
NB New Brighton DR @ New Brighton AV SE,50.9222833,-113.9368204
EB California BV @ Del Ray RD NE,51.0708702,-113.9281264
NB 16 ST SW @ 19 AV SW,51.036844,-114.098781
EB Masters AV SE @ Marine DR SE,50.8921315,-113.9240489
SB 52 ST SE @ N. of Prestwick GA,50.926824,-113.9584407
NB @ Penbrooke Terminal SE,51.0520359,-113.9412048
NB  Edgevalley DR @ Edgeview DR NW,51.1311315,-114.1479092
EB Northmount  DR @ Confederation VI NW,51.0838764,-114.0987223
WB Country Hills BV @ Panorama Hills BV NW,51.1482771,-114.0748335
NB Woodpark BV @ Anderson RD SW,50.9499679,-114.1087966
SB Stewart GR @ S. of Richmond RD SW,51.0156455,-114.1688654
WB Springbluff BV @ Springbank WY SW,51.020779,-114.1952208
NB 68 ST NE @ Laguna WY,51.0848021,-113.9349149
NB Sherwood BV @ Sherwood PT NW,51.1580183,-114.1465079
NB 68 ST SE @ 107 AV SE,50.9601157,-113.9349778
SB Northmount DR @ Connaught DR NW,51.0840187,-114.0914573
WB 26 AV SW @ 22 ST SW,51.0304992,-114.1142549
EB Burns AV @ Ramsay ST SE,51.0358312,-114.045475
EB 2 AV SW @ 6 ST SW,51.0515325,-114.0755173
NB Walgrove DR SE @ 210 AV SE,50.8637288,-114.0214554
SB 23 ST NE @ 37 AV NE,51.0864533,-114.0051942
WB Sherwood BV @ Sherwood CM NW,51.1576469,-114.1516757
WB 3 AV NW @ 34 ST NW,51.0582945,-114.1373322
EB 5 AV SW @ 5 ST SW,51.0485662,-114.0725478
NB Centre ST N @ 38 AV N,51.0875101,-114.0623614
Crowfoot LRT Station,51.1235785,-114.2079759
EB Auburn Meadows DR @ 52 ST SE,50.8937168,-113.9432235
WB Bergen RD @ Centre ST N,51.1290571,-114.072032
WB Penbrooke DR @ 60 ST SE,51.0452802,-113.9466872
NB Lake Fraser Dr @ Lake Fraser CO SE,50.9442083,-114.0683057
NB 11 ST NE @ 55 AV NE,51.1025749,-114.0363041
NB Shawville BV @ Shawville GA SE,50.8998607,-114.0633926
WB Bonaventure DR @ Fairmount DR SE,50.9538571,-114.0611117
SB Spruce DR @ Cedar CR SW,51.0477643,-114.1352421
NB McKenzie Lake BV @ McKenzie DR SE,50.9027383,-113.9904827
WB 24 ST NW @ Charleswood DR,51.0867693,-114.1196637
EB Valley Springs RD @ Valley Ridge DR NW,51.0938084,-114.2413798
SB North Haven DR @ Ninga RD NW,51.1012201,-114.0850241
EB Saddlemont BV @ Saddlelake DR NE,51.1296878,-113.9339032
WB Dalhousie DR @ Dalgleish RD NW,51.1051219,-114.1550406
WB Edgebrook DR @ Edgebrook LD NW,51.1364545,-114.1323976
WB 6 AV SE @ Macleod TR,51.047405,-114.0574809
SB 56 ST SE @ Dufferin BV,50.9532648,-113.9520425
NB Elbow DR @ Canata CL SW,50.9445394,-114.0854701
NB Centre ST S @ Glenmore TR,50.9948337,-114.0637174
EB Silver Ridge DR @ Silver Crest DR NW,51.1034201,-114.1985193
SB Auburn Bay BV @ Autumn GR SE,50.8946388,-113.9701827
Heritage Park (SB),50.9801714,-114.0958397
SB Parkland BV @ Parkvalley RD SE,50.918149,-114.0256325
NB 14 ST NW @ Rosevale DR NW,51.0807968,-114.0946026
SB Kincora DR @ Kincora PA NW,51.1571761,-114.1263392
SB Marlborough WY @ S.of Maryvale DR NE,51.0549584,-113.9770923
NB Simcoe BV @ Sirocco DR SW,51.0310486,-114.1816771
WB Rocky Ridge DR @ 300 Rocky Ridge DR NW,51.142307,-114.24711
NB 14 ST SW @ 6 AV SW,51.0462008,-114.0945289
SB 52 ST SE @ 17 AV SE,51.0370364,-113.9585859
EB Heritage DR @ Ashworth RD SE,50.9796392,-114.0539658
WB Stoney BV NE @ 18 ST NE,51.1653628,-114.0174287
WB 76 AV SE @ 44 ST SE,50.9852769,-113.9705956
EB Southland DR @ Brookpark BV SW,50.9612026,-114.1087968
WB Strathcona DR @ Strathlea MR SW,51.0511027,-114.2043336
NB 1 ST NE @ 144 AV NE,51.1840788,-114.069084
SB 19 ST NE @ Matador CR,51.0566742,-114.0116061
NB 11 ST @ Country Hills BV NE,51.1529132,-114.0321368
WB Silverado BV @ Silverado Skies LI SW,50.8867285,-114.0789997
WB 46 AV NW @ 81 ST NW,51.0941586,-114.2057784
SB University BV NW @ 24 AV NW,51.071536,-114.1470525
NB Centre ST S @ 4 AV S,51.0491531,-114.0626072
EB Palliser DR @ Oakdale PL SW,50.9693989,-114.1201541
WB 45 ST SW @ 49 AV SW,51.0097476,-114.1529223
SB Castleridge BV @ Westwinds DR NE,51.1080506,-113.9671687
SB 1 ST SW @ 4 AV SW,51.0491328,-114.0653769
EB Silver Springs GA@ Silver Springs BV NW,51.1034238,-114.1881899
NB Northland DR @ N. of Northmount DR NW,51.0977832,-114.1410778
EB Morley TR @ 23A ST NW,51.0790856,-114.1152006
WB 6 AV SW @ 2 ST SW,51.0476831,-114.0674664
WB Aero GT @ W of Aero DR NE,51.1212323,-114.0371619
SB McCall WY @ George Craig BV NE,51.0951508,-114.0112128
NB Martindale CTrain Station,51.1174158,-113.967987
SB Barlow TR @ N. of Glenmore TR SE,50.9812826,-113.9820032
SB Seton WY SE @ Seton AV SE,50.8703349,-113.9554816
WB Panamount BV @ Panamount HL NW,51.1592519,-114.0774003
NB Edgemont BV @ Edgemont DR NW,51.1173808,-114.1535297
SB 68 ST NE @ Memorial DR,51.051895,-113.9354527
WB Old Banff Coach RD @ Patterson BV SW,51.0604496,-114.1804476
EB 32 AV NW @ 37 ST NW,51.0813656,-114.1406198
SB 14 ST NW @ North Haven DR,51.0918317,-114.0948961
WB 76 AV SE @ 62 ST SE,50.9852378,-113.941401
NB Edgebrook BV @  Edgebrook PA NW,51.1383812,-114.1280747
EB 8 AV SE @ 36 ST SE,51.0450826,-113.9809463
EB 3 AV NW @ 34 ST NW,51.0577851,-114.1367356
EB BOW TR @ 26 ST SW,51.0414462,-114.1222476
NB 52 ST SE @ 86 AV SE,50.9762639,-113.9582539
EB Radcliffe DR @ Radcliffe CR (E.Leg) SE,51.048038,-113.9839633
SB Acadia DR @ Lake Bonavista DR SE,50.941831,-114.0450208
EB Freeport BV @ Freeport WY NE,51.1505953,-114.0093086
WB Scenic Acres BV @ Scurfield DR NW,51.1196336,-114.2119011
EB Shawnessy BV @ Shannon SQ SW,50.9138482,-114.096282
NB 16 ST SW @ 42 AV SW,51.0164122,-114.1004138
NB 4 ST NW @ 18 AV NW,51.0691276,-114.0714353
WB Richmond RD @ 40 ST SW,51.0210224,-114.1458765
WB Martin Crossing DR @ Martin Crossing WY NE,51.117912,-113.9572472
EB Kensington RD @ Crowchild TR NW,51.0524273,-114.1171154
EB Bermuda DR @ Bemuda RD NW,51.1323869,-114.0782115
WB Temple DR @ 56 ST NE,51.0855883,-113.9525865
WB Windermere RD @ Wimbledon CR SW,51.0509468,-114.1557807
WB MacEwan DR @ MacEwan Valley GA NW,51.1403226,-114.1134129
NB 19 ST NE @ McKinnon DR,51.065745,-114.0131628
NB Temple DR @ 43 AV NE,51.0919126,-113.9395437
Riverbend Station (NB),50.9761739,-114.0156036
NB Riverglen DR @ Riverstone CR SE,50.974992,-114.0050023
WB 50 AV SE @ 43 ST SE,51.0088612,-113.9705966
WB 48 AV NW @ 88 ST NW,51.0959346,-114.2164987
SB Crowchild TR @ 33 AV SW,51.0242136,-114.118696
EB 6 AV NW @ 16 ST NW,51.0575533,-114.0971006
NB Scurfield DR @ Scanlon GA NW,51.1225481,-114.2247602
EB Rivervalley DR @ 18 ST SE,50.9727359,-114.0163028
EB Bridgeland - Memorial CTrain Station,51.0489065,-114.0399091
WB Market ST @ 45 ST SE,50.8806836,-113.9478266
SB Centre ST N@ 78 AV N,51.1223707,-114.0716147
SB 14 ST NE @ 115 AV NE,51.1575597,-114.0275616
EB University AV @ Smith ST NW,51.077063,-114.1488469
EB Old Banff Coach RD @ 81 ST SW,51.0668969,-114.2046948
SB Elbow DR @ 54 AV SW,51.0047594,-114.081467
SB Silver Springs DR @ Silver Brook DR NW,51.106269,-114.1849453
WB 162 AV SW @ James McKevitt RD,50.9054678,-114.1000188
WB Marbank DR @ Marlyn WY NE,51.0632002,-113.9771832
EB Valley Ridge DR @ Valley Stream CL NW,51.0910507,-114.2621824
EB Berkshire BV @ Beddington BV NW,51.1338587,-114.0881688
EB 17 AV SW @ 6 ST SW,51.0377471,-114.0765685
EB Sun Valley BV @ E. of Suncrest WY SE,50.9053923,-114.0351099
EB 18 ST SE @ 24 ST SE,50.9561929,-114.002576
NB Dalton DR @ Belle North RD NW,51.1012419,-114.1501074
SB Bridlewood RD @ Bridlewood DR SW,50.9019675,-114.0999662
EB Oakfield DR @ 26 ST SW,50.9539973,-114.1204233
WB James McKevitt RD @ Shawnee LI SW,50.9214796,-114.0899292
NB Macleod TR @ 90 AV SE,50.9724824,-114.0712828
NB 69 ST SW @ Springbank GA,51.0212693,-114.1879322
EB 32 AV NE @ 23 ST NE,51.0813963,-114.0043857
EB Panatella BV @ Panamount RI NW,51.1631447,-114.0827203
SB  Edenwold DR @ Edcath RI NW,51.1235976,-114.1381255
SB California BV @ 400 California PL NE,51.0763195,-113.9263516
EB Castleridge BV @ E. of Westwinds DR NE,51.1003601,-113.9619864
Mount Royal University Station (SB),51.0109944,-114.127586
WB Seton BV @ Auburn Bay LI SE,50.8834359,-113.9538038
SB 17A ST SW @ 22 AV SW,51.034704,-114.1035226
EB Bowness RD @ 66 ST NW,51.0881071,-114.1856204
EB Applewood DR @ 68 ST SE,51.0454752,-113.9342172
WB Prestwick CI @ Prestwick VI SE,50.9266695,-113.9659799
WB Lake Bonavista DR @ Bonaventure DR SE,50.9461494,-114.0607225
SB Barlow TR @ 72 AV SE,50.9890803,-113.982033
SB Falconridge BV @ Castlebrook DR NE,51.102807,-113.9568112
WB Falconridge DR @ 68 ST NE,51.1015357,-113.9363933
SB Skyview Ranch WY @ N leg Skyview Springs GD NE,51.1633586,-113.9650134
EB Beddington DR @ Centre ST N,51.1289289,-114.0708679
NB Ogden RD @ 78 AV SE,50.982888,-113.9987012
NB Deer Run DR @ Deerbrook RD SE,50.9219947,-114.0029728
NB 20A ST SE @ 76 AV SE,50.9854218,-114.0100879
WB 17 AV SW @ Glenside DR,51.0387953,-114.1602347
SB  Fairmount DR @ 84 AV SE,50.9774083,-114.0600586
EB Bonaventure DR @ W. of Fairmount DR SE,50.953895,-114.0650469
WB Signal Hill DR @ Signal Hill PT SW,51.0217963,-114.1736246
NB 32 AV NE @ 36 AV NE,51.0855365,-114.0461628
EB 38 AV SW @ 16 ST SW,51.0201128,-114.0998405
EB 66 AV SE @ 19 ST SE,50.994059,-114.0126254
SB Centre ST N@ Beddington BV N,51.1245597,-114.0716734
Douglasbank WY Terminal SE,50.9485496,-114.0136893
NB Prestwick BV @ Prestwick CI SE,50.9189559,-113.9653849
NB Abbeydale DR @ 4 AV NE,51.0550533,-113.9303872
SB 14 ST SW@ 28 AV SW,51.0282268,-114.0947979
WB University WY @ Craigie Hall,51.0760779,-114.1270318
EB Ogden RD @ 16A ST SE,51.0185286,-114.0201361
SAIT Station (WB),51.0670662,-114.0886449
WB Citadel WY @ Citadel DR NW,51.1467003,-114.1823559
EB New Brighton DR @ New Brighton PA SE,50.9174393,-113.937059
NB 4 ST NW @ 68 AV NW (Superstore),51.1155562,-114.0713284
NB Citadel WY @ Citadel Estates HT NW,51.1467001,-114.1920656
NB 18 ST SE @ Riverwood CI,50.9706614,-114.0153816
NB Redstone BV @ 128 AV NE,51.1660054,-113.9508963
WB Royal Oak WY @ 200 Royal Oak ME NW,51.1490966,-114.2257554
SB 19 ST NW @ 16 AV NW,51.0664649,-114.1064356
WB 34 AV SW @ Sierra Morena RD,51.0234028,-114.185022
Whitehorn LRT Station,51.0870011,-113.9826832
EB 27 AV NE @ 21 ST NE,51.0768112,-114.0083375
WB Arbour Lake RD @ Arbour Stone RI NW,51.1340064,-114.2137655
EB Savanna Dr NE @ Savanna CR NE,51.1365336,-113.9551845
WB Woodview DR @ 24 ST SW,50.941365,-114.1188267
Mt Royal University W Gate WB,51.0145327,-114.1333576
WB 17 AV SE @ W. of 31 ST SE,51.0379908,-113.9902103
EB Quarry Park BV @ Quarry WY SE,50.9635369,-114.0158215
EB James McKevitt RD @ Evergreen ST SW,50.921242,-114.0941137
SB Queensland DR @ Queen Isabella CL SE,50.9344426,-114.0285924
SB Elbow DR @ Canterbury DR SW,50.9411927,-114.0858077
NB Grey Eagle Blvd @ Grey Eagle Dr SW,51.0039237,-114.1425115
NB 11 ST SE @ S. of Highfield CR,51.0094375,-114.0372158
WB Rundlehorn DR @ 62 ST NE,51.0710032,-113.9438226
SB Aspen Summit DR @ Aspen Summit CT SW,51.0457341,-114.2059626
NB Evanston Dr @ Our Lady of Grace School,51.1792992,-114.1215084
NB Cornerstone BV @ Cornerstone Hts NE,51.1584908,-113.9379189
SB 1 ST SW @ 10 AV SW,51.0430446,-114.0657905
33rd Street SE Station (WB),51.0378707,-113.9874746
EB Marbank DR @ Marlyn WY NE,51.0634282,-113.9700166
69 Street West LRT Station,51.0373971,-114.1868983
SB Douglasdale BV @ Douglas Ridge GR SE,50.9364782,-113.9817408
SB 4 ST NW @ 25 AV NW,51.0746739,-114.0716561
EB 38 AV SW @ 15 ST SW,51.0200909,-114.0971465
NB 7 ST NW @ 20 AV NW,51.0709505,-114.0788584
NB Sienna Park DR @ Sienna Park PL SW,51.0255117,-114.1803444
WB Arbour Crest DR @ Arbour Lake DR NW,51.1387821,-114.1998237
SB Sierra Morena BV @ Sierra Morena CI SW,51.0177037,-114.1762265
EB Legacy Village WY @ Legacy BV SE,50.8572051,-114.02077
NB 10 ST NW @ 23 AV NW,51.0729716,-114.0844349
NB Bannister RD @ 149 AV SE,50.91948,-114.0686231
WB Shawnessy BV @ Shawnessy DR SW,50.9141483,-114.0837548
NB Harvest Hills BV @ Country Hill BV NE,51.1542247,-114.0673774
SB 93 ST SW @ Aspen Hills WY,51.0440608,-114.222693
SB Rocky Ridge BV @ Rockywood CI NW,51.1520763,-114.249074
SB Lake Sylvan DR @ N. of Lake Michigan CR SE,50.9440244,-114.0297324
NB Deer Ridge DR @ Deercrest PL SE,50.9257585,-114.013647
SB Edmonton TR @ 21 AV NE,51.0711495,-114.0563311
SB Brisebois DR @ Barr RD NW,51.0906028,-114.1321657
NB Beacon Hill Ctr @ Shoppers Drug Mart,51.1577217,-114.1598885
EB Silverado WY @ Silverado DR SW,50.8814217,-114.0763544
WB 128 AV NE @ Cornerstone ST,51.1655548,-113.943149
SB Harvest Hills BV @ Panatella BV NW,51.1639968,-114.0709716
NB 69 ST NW @ 32 AV NW,51.0819552,-114.1875076
WB Richmond RD @ 42 ST SW,51.0202094,-114.1486788
SB  Sirocco DR @  Sirocco PL SW,51.0335791,-114.1669303
SB Centre ST N @ 4 ST N,51.1171126,-114.0691863
NB 52 ST NE @ Maryvale DR,51.0572588,-113.95726
SB 53 ST NW @ Varsity DR,51.0928903,-114.1645603
NB Saddlecrest BV @ Saddlecrest PA NE,51.1347723,-113.9422273
NB 10 ST @ Frontenac AV SW,51.0294314,-114.086107
NB Homestead DR NE @ Homestead CM NE,51.123297,-113.9151821
SB 52 ST SE @ 94 AV SE,50.9680183,-113.9588514
NB 6 ST NE @ Radford RD,51.061816,-114.0482591
SB 85 ST SW  @ 8 AVE SW,51.0631215,-114.2111887
WB 58 AV SE @ 11 ST SE,51.0018578,-114.0387539
Anderson LRT Station,50.9544443,-114.0740269
WB McKenzie Towne DR @ Elgin Estates HL SE,50.9066938,-113.9640076
SB Lake Fraser DR @ N. of Canyon Meadows DR SE,50.9338132,-114.0662837
NB Abbeydale DR @ Memorial DR E,51.0530322,-113.9311774
NB Auburn Bay AV @ Auburn Bay DR SE,50.8935227,-113.9573694
SB 68 ST NE @ Faldale CL,51.1048154,-113.9354034
NB North Haven DR @ 48 AV NW,51.0989087,-114.0861524
NB 73 ST SW @ Aspen Ridge HT,51.039333,-114.193378
EB 12 ST NE @ McDougall RD,51.0504616,-114.033241
SB Tuscany HL @ Tuscany Estates DR NW,51.1141423,-114.2469474
EB Silver Springs DR @ Silver Springs BV NW,51.1060447,-114.1879593
SB Palliser DR @ Pump Hill GA SW,50.9628538,-114.1028401
NB Taradale RD @ Taralake GATE NE,51.1218894,-113.9301435
WB 44 AV NE @ Whiteridge WY,51.0925506,-113.9688406
EB  Country Village RD@ E.of Country Village LI NE,51.1604877,-114.0637943
NB 18 ST SE @ 21 ST SE,50.9669453,-114.0132268
NB Silver Springs BV @ Silver Springs GA NW,51.1042421,-114.188926
SB Rocky Ridge RD @ S. of Rocky Ridge BV NW,51.1412059,-114.2343787
NB Northmount DR @ Harlow AV NW,51.0916896,-114.0819787
SB Bonaventure DR @ Willow Park DR SE,50.9574303,-114.0689969
WB Edgebrook DR @ Edgebrook RD NW,51.1304019,-114.1357319
Whitehorn LRT Station (NB 36 ST @ Whitehorn DR NE),51.0864726,-113.9814493
WB 33 AV @ 22 ST SW,51.0240558,-114.115474
WB 66 AV NW @ Dalcastle WY,51.1148933,-114.1737033
EB 9 AV SW @ 2 ST SW,51.0446878,-114.0688971
WB Oakmoor DR @ E. of Oakfield DR SW,50.9628832,-114.1302428
NB  Hamptons BV @ Hampstead WY NW,51.1412683,-114.1448448
WB 9 AV SW @ 73 ST SW,51.0597552,-114.194302
EB 50 AV SE @ 36 ST SE,51.008681,-113.9754418
SB Hidden Creek BV @ Hidden Creek RD NW,51.1569384,-114.1011615
SB 73 ST SW @ Weston PA,51.0651674,-114.1937076
NB Harvest Hills BV @ Country Village RD NE,51.1608397,-114.0706868
EB 68 AV SE @ 52 ST SE,50.994065,-113.9570693
EB 9 AV SE @ Macleod TR,51.0443541,-114.0574175
WB Woodpark BV @ 22 ST SW,50.9358096,-114.1146008
WB Oakwood DR @ Oakfield DR SW,50.9663454,-114.1331347
EB 32 AV NE @ 12 ST NE,51.0813463,-114.0290181
EB 41 AV NE @ Edmonton TR,51.0895479,-114.0525628
NB 20 ST SW@ 48 AV SW,51.0110454,-114.1092467
SB Fairmount DR @ N. of Bonaventure DR SE,50.9549911,-114.0599934
SB 36 ST SE @ 26 AV SE,51.0297692,-113.9818423
NB 85 ST SW @ Strathlea AV,51.0490803,-114.2107484
EB 5 AV @ 2 ST SW,51.0484923,-114.0682386
SB 19 ST NW @ 16 AV NW,51.0664739,-114.106435
EB 25 AV SW @ Erlton ST SW,51.0304603,-114.0618358
EB 17 AV SE @ 40 ST SE,51.0377615,-113.9750737
EB Tuscany Springs BV @ Tuscany Valley VW NW,51.134388,-114.2406505
SB Sunmills DR @ Sunvale DR SE,50.8995741,-114.047229
WB Parkdale BV @ 26 ST NW,51.0534756,-114.1235152
SB 14 ST NW@ Cornwallis DR,51.0876244,-114.0949885
EB 106 AV SE @ Distribution center,50.9640134,-113.9420783
EB 5 AV SW @ 8 ST SW,51.0487947,-114.0802392
WB 66 AV SW @ Lethbridge CR,50.9946362,-114.1401847
WB 17 AV SW @ 10 ST SW,51.0379125,-114.087144
NB Centre ST S @ 4 AV S,51.0492239,-114.0625599
EB 112 AV NW @ Rockyspring GA NW,51.1539203,-114.2521393
WB Dover Ridge Dr @ 26A St SE,51.0187971,-113.9969162
EB 21 AV @ Spiller RD SE,51.0345129,-114.0420781
NB Hamptons DR @ Hamptons RI NW,51.1474586,-114.1497165
WB Chaparral DR @ Chapala MT SE,50.8821231,-114.0397591
NB 10 ST @ Prospect AV SW,51.0322285,-114.0857318
NB 52 ST SE @ 130 AV SE NB,50.9306299,-113.957788
EB Copperpond BV @ McIvor BV SE,50.9230377,-113.9323589
EB Douglas Glen GA @ Douglas Glen BV SE,50.9542989,-114.0034285
WB 26 AV NE @ Rundlehill DR,51.0781899,-113.970394
WB Shawnessy BV @ W. of Shawinigan DR SW,50.9141402,-114.0870336
WB Morley TR @ 28 AV NW,51.078508,-114.1136659
NB McIvor BV @ Copperfield BV SE,50.9195833,-113.9319729
WB Campus DR NW @ EEEL,51.0808398,-114.1286815
NB Fairmount DR @ Acadia DR SE,50.9726094,-114.0591651
WB 130 AV SE @ 48 ST SE,50.9321693,-113.9657784
SB Barlow TR @ 61 AV SE,50.9990028,-113.9848527
SB 52 ST @ Auburn Meadows DR SE,50.8930941,-113.9428035
EB 34 AV NW @ 50 ST NW,51.082927,-114.1592736
EB 90 AV SW @ Bay View DR,50.9721437,-114.1111087
SB Manhattan RD @ Manitoba RD SE,51.013304,-114.0535099
WB 50 AV SW @ 19 ST SW,51.0087934,-114.1069345
SB McKenzie Towne DR @ Inverness PA SE,50.9111677,-113.9693222
WB 17 AV SE @ 54 ST SE,51.037985,-113.9563266
WB Spruce DR @ Walnut DR SW,51.0523685,-114.1521115
NB Citadel DR @ Citadel LI NW,51.140572,-114.1721772
EB Evanston VW @ Evansmeade WY NW,51.1647508,-114.1139787
SB McKinnon DR @ McHugh RD NE,51.0638417,-114.005577
NB 52 ST SE @ Dufferin BV SE,50.9543907,-113.9581652
EB Morley TR @ 24 ST NW,51.0802573,-114.1174838
WB Bermuda DR @ Bernard DR NW,51.1325246,-114.0794037
EB 57 AV SE @ 58 AV SE,51.0017314,-113.989152
EB Na'a DR @ Na'a PZ SW,51.0793958,-114.1938472
EB New Brighton DR @ New Brighton GV SE,50.9196083,-113.9355247
WB Oakwood DR @ Oakcliffe DR SW,50.9663673,-114.1362244
EB 9 AV S @ Centre ST S,51.0445145,-114.0623586
SB Elbow DR @ 49 AV SW,51.0092056,-114.0815727
WB Canterbury DR @ Canterbury PL SW,50.9480918,-114.0887634
SB Nose Hill DR @ Hawkwood RD NW,51.1306665,-114.1915478
EB 5 AV NW @ 14 ST NW,51.0572572,-114.094236
WB Lake Bonavista DR @ Lake Christina WY SE,50.9404639,-114.0406627
EB Savanna DR NE @ Savanna LD NE,51.1365509,-113.9581615
SB 1 ST SW @ 6 AV SW,51.0473122,-114.065592
SB Oakwood DR @ Oakmount DR SW,50.9673093,-114.1394285
EB 17 AV SW @ Gateway DR,51.0377141,-114.1560922
EB Panamount BV @ Panamount LN NW,51.1571181,-114.0819979
Lions Park LRT Station (EB 14 AV NW),51.0651042,-114.1019811
EB 14 AV NW @ 20A ST NW,51.0651248,-114.1086176
NB  Everridge DR @ Evermeadow AV SW,50.9143656,-114.1233412
NB 3 ST @ 7 AV SE,51.0455209,-114.0555671
SB Rundlehorn DR @ 22 AV NE,51.0723432,-113.9410643
SB Northmount DR @ Hendon DR NW,51.0957664,-114.078465
EB 8 AV SE @ Pensacola WY,51.0451252,-113.9503931
SB Brisebois DR @ 52 AV NW,51.1005874,-114.1296189
EB Country Hills BV @ Edgeridge GA NW,51.1384278,-114.1450287
SB Harvest Hills DR @ Harvest Glen CO NE,51.1447934,-114.0511019
SB Home RD @ Bowness RD NW,51.0749685,-114.1645301
NB New Brighton DR @ Brightstone BA SE,50.9201204,-113.9545662
NB Hamptons BV @ Hampshire CL NW,51.1405471,-114.1570656
NB Midpark BV @ Midpark GA SE,50.9107587,-114.0619864
NB 4 ST NE @ Huntbourne WY,51.114564,-114.0543999
Saddletowne Terminal Stop I,51.1247248,-113.9484531
WB Northmount DR @ Chatham DR NW,51.0889806,-114.1155986
SB 2A ST SE @ N. of 25 AV SE,51.0326398,-114.0583741
SB Shawnessy CTrain Station,50.9107432,-114.0706663
NB Harvest Hills BV @ Panatella GA NW,51.1670097,-114.067875
WB 12 AV NE @ 4 ST NE,51.0633695,-114.0538558
EB 49 AV NE @ 11 ST NE,51.0972549,-114.0357874
Children's Hospital (NB Childrens DR @ Oki DR NW),51.0757098,-114.1469512
EB Cornerstone WY @ Cornerstone BV NE,51.1505867,-113.9374986
EB 17 AV SW @ 25 ST SW,51.0377522,-114.1202097
SB Nose Hill DR @ Crowfoot WY NW,51.1237841,-114.1990162
NB Tuscany HL @ Nose Hill DR NW,51.1080331,-114.2436601
EB Tuscany BV @ Tuscany Ridge VW NW,51.122517,-114.2503039
SB Marlborough WY @ N.of Maryvale DR NE,51.0566664,-113.9770524
NB Sage Valley RD @ Sage Valley BV NW,51.176349,-114.1535032
WB 37 AV NE @ 27 ST NE,51.0867072,-113.9954304
EB 17 AV SE @ 68 ST SE,51.0377159,-113.9340763
SB Crowfoot CTrain Station,51.1225773,-114.2071073
EB 42 AV SE @ 9 ST SE,51.0159711,-114.0401787
WB 1 AV NE @ 9 ST NE,51.0532941,-114.0414316
EB Coral Springs BV @ Coral Sands TC NE,51.0989183,-113.9274949
NB Panorama Hills WY @ Panorama Hills LN NW,51.1532381,-114.0700001
SB Centre ST N @ S. of 78 AV N,51.1200619,-114.0713006
WB Elbow DR@ 4 ST SW,51.0297762,-114.072563
WB Bowness RD @ 70 ST NW,51.0890621,-114.1909182
EB  Country Village  RD@ W.of Coventry Hills BV NE,51.1617814,-114.0589042
NB 53 ST NW @ Dalhart DR,51.1113705,-114.1582575
NB 68 ST NE @ 37 AV NE,51.0867364,-113.9349312
NB 68 ST NE @ Monterey Square,51.0705162,-113.9349558
EB Merganser DR W @ W. Creek BV,51.0377214,-113.834143
NB Taracove RD @ Taradale DR NE,51.1144407,-113.9369683
NB 1 ST NE @ Livingston AV NE,51.1870713,-114.0690844
SB 19 ST NE @ 35 AV NE,51.0836624,-114.0117368
WB Coral Springs BV @ Coral Sands TC NE,51.0987762,-113.928933
SB 52 ST SE @ McKenzie Towne BV,50.9177316,-113.9584761
SB Falconridge BV @ Castlebrook DR NE,51.1027897,-113.9568409
WB Somerset DR @ Somercrest CI SW,50.900891,-114.0813277
WB 18 ST SE @ 24 ST SE,50.9564077,-114.0023571
SB Taradale DR @ Taravista DR NE,51.1212716,-113.9295699
NB 4 ST NW @ Highland PL,51.0951927,-114.071359
EB 20 AV NW @ 18 ST NW,51.0704799,-114.1040293
SB 41 ST SE @ Doverville CR,51.0285235,-113.9743776
EB Cranford DR @ Cranston GA SE,50.870334,-113.9707834
EB 90 AV SW @ 16 ST SW,50.9721086,-114.0985983
SB 65 ST SE @ 14 AV SE,51.0401161,-113.9394365
NB 28 ST SE @ 16 AV SE,51.0399424,-113.9929943
EB 104 AV NE @ 36 ST NE,51.1469094,-113.9803911
NB Northmount DR @ 40 AV NW,51.0892013,-114.0849919
SB 19 ST NW @ Chicoutimi DR,51.0816955,-114.1087121
NB Ranchero DR @ Ranchview DR NW,51.1215415,-114.1901621
WB Heritage DR @ Churchill DR SW,50.9796866,-114.0925515
Richmond Road Station (SB),51.0226353,-114.1413234
SB Queensland DR @ 400 Queensland PL SE,50.9353154,-114.0176752
SB Carleton ST @ 12 ST SW,51.0309016,-114.089153
NB McCall WY @ Pegasus RD NE,51.0945023,-114.0114232
EB Bergen RD @ Bermuda DR NW,51.1291918,-114.0745394
NB Macleod TR @ 25 AV SE,51.0311192,-114.0594261
SB Woodbine BV @ Woodbriar GA SW,50.9437641,-114.1351655
SB Anderson CTrain Station,50.9542621,-114.0746507
SB Centre St S @ 4 Ave SW,51.0495024,-114.0628691
SB Symons Valley RD NW @ Symons Valley PY NW,51.167249,-114.1317172
NB Millrise BV @ Shawnessy BV SW,50.9136575,-114.0734598
NB Falconridge BV @ Taracove Estates DR NE,51.1193042,-113.9466195
SB 68 ST NE @ 8 AV NE,51.0593044,-113.9354228
NB Lions Park CTrain Station,51.0650831,-114.1036668
WB Copperfield BV @ Copperstone RD SE,50.9128185,-113.9262187
EB Temple DR @ Temple Shopping Plaza,51.0913247,-113.9569799
SB 45 ST SW @ 26 AV SW,51.0301797,-114.1529021
SB Edmonton TR @ 32 AV NE,51.0811592,-114.0548385
SB Bannister RD @ 151 AV SE,50.9168922,-114.0676617
EB Bow TR @ 45 ST SW,51.0483406,-114.1518165
EB Country Village RD @ Harvest Hills BV NE,51.1602623,-114.068788
WB California BV @ Catalina BV NE,51.0725563,-113.9327263
"Sheriff King ST SW nb @ Silverado BV SW, farside",50.8872384,-114.0711067
SB 51 ST SW @ 26 AV SW,51.0298675,-114.1611373
SB 6 AV SW @ 15 ST SW,51.0462758,-114.0957371
NB 49 ST NW @ S. of 40 AV NW,51.086867,-114.1585465
SB New Brighton WY@  New Brighton DR SE,50.9161451,-113.9433069
WB Cranston DR @ Cranston BV SE,50.8918855,-113.9858794
NB 4 ST NW @ 34 AV NW,51.083592,-114.0714639
WB 90 AV SW @ Oakside GA,50.9744532,-114.1263236
EB Country Village WY @ E.of Country Village LI NE,51.1562058,-114.0660359
SB 12 ST NE @ 40 AV NE,51.088403,-114.0318549
SB Edgemont BV @ Edgedale DR NW,51.1183144,-114.1553016
NB Woodpark BV @ Woodgreen DR SW,50.9389796,-114.1089377
NB Lake Fraser DR @ S. of Lake Fraser GR SE,50.9452095,-114.0684135
NB Barlow TR @ 76 AV SE,50.9862882,-113.9815444
WB Varsity DR @ Veronica RD NW,51.0936796,-114.1605426
EB Lake Bonavista DR @ Lake Crimson DR SE,50.9332776,-114.037962
SB Auburn Bay BV @ Auburn Bay VW SE,50.8881306,-113.9661968
NB Centre ST N @ 64 AV N,51.1112182,-114.0622719
NB Cranarch RD @ Cranford DR SE,50.8777313,-113.9760389
NB Shaganappi Tr @ Sage Valley Bv NW,51.1756057,-114.1567414
SB MacEwan DR @ MacEwan Park RI NW,51.1360373,-114.1158106
EB Riverbend DR @ Riverview DR SE,50.9748882,-114.0234452
WB Bowfort RD @ Bowridge DR NW,51.0850818,-114.2098674
WB McKenzie Towne BV @ McKenzie Towne AV SE,50.9174113,-113.9624416
EB MacEwan DR @ MacEwan Glen WY NW,51.1344137,-114.1094355
NB 28 ST SE @ 32 AV SE,51.0254444,-113.9913231
SB 56 ST SE @ 114 AV SE  ( Nearside ),50.9510177,-113.952003
EB 100 AV NE @ 16 ST NE,51.1432962,-114.01946
NB Nose Hill DR @ Range DR NW,51.1262104,-114.1958105
SB 37 ST SW @ 13 AV SW,51.0412651,-114.141279
NB 19 ST NW @ 27 AV NW,51.077055,-114.1062029
NB 37 ST SW @ Law DR,50.9966241,-114.1409177
EB 42 AV SE @ Blackfoot TR,51.0158079,-114.04759
SB 44 ST SE @ 21 AV SE,51.0343861,-113.9701295
NB Radisson DR @ 17 AV SE,51.0382372,-113.9865135
EB Coventry Hills WY @ Covewood GA NE,51.1715322,-114.0454763
WB Edgemont BV @ Edgevalley DR NW,51.1273088,-114.1457005
WB Sirocco DR @ Signal Hill DR SW,51.0326737,-114.1707657
WB 11 AV @ Macleod TR SE,51.0423295,-114.0588158
WB Ranchlands BV @ Ranchlands WY NW,51.1232296,-114.196034
NB Kincora BV @ Kincora DR NW,51.1593345,-114.1279029
NB Edmonton TR @ 27 AV NE,51.0773773,-114.055393
NB Belmont ST SW @ Belmont BV SW,50.8710858,-114.060874
WB Silver Springs BV @ Silvergrove DR NW,51.1153166,-114.2043872
NB Evergreen DR @ Evergreen PZ SW,50.9211226,-114.1021117
NB Douglas Glen Term south bay,50.9530722,-113.9977001
NB 14 ST SW@ Quebec AV,51.0298139,-114.0945987
NB 32 AV NE @ 6 ST NE,51.0889389,-114.0494594
NB 19 ST NW @ Collingwood DR,51.080725,-114.1072247
Vista Heights Terminal (NB 19 ST NE @ 24 AV NE),51.0740406,-114.0128996
SB 52 ST SE @ 54 AV SE,51.0032818,-113.9587426
SB Skyview Ranch BV @ 128 AV NE,51.164767,-113.9512141
WB 58 AV SE @ 9 ST SE,51.0018333,-114.0413358
WB 26 AV NE @ Rundleson RD,51.0779539,-113.9786485
WB 1 Street SW Station (Free Fare Zone),51.0465806,-114.0643968
EB Everstone BV @ James McKevitt RD SW,50.9106564,-114.1004645
SB Crowchild TR @ Longridge DR SW,50.9951007,-114.1181061
WB Crestmont BV @ Cresthaven PL SW,51.0861546,-114.2639712
WB Kincora Glen RD @ Kincora GA NW,51.1666544,-114.1465611
WB 9 AV SE @ 12 ST SE,51.041554,-114.0349091
Fairmount Drive Station (WB),50.9796809,-114.0608653
Sandstone Terminal,51.1345916,-114.0894237
WB Auburn Bay AV @ Auburn Springs BV SE,50.8916227,-113.947414
WB Country Hills BV @ Edgeridge GA NW,51.1387559,-114.1463095
EB Martindale BV @ Martha's CL NE,51.1221888,-113.9629405
SB Seton WY @ Seton CI SE,50.8671995,-113.9529455
Brentwood LRT Station NB,51.0868516,-114.1328834
NB New Brighton DR @ New Brighton PA SE,50.9177072,-113.9541262
EB 66 AV SE @ Lynnbrook GA,50.9940532,-114.0180278
NB Erin Woods DR @ Erin Grove BA SE,51.0251682,-113.9660527
SB Silver Ridge DR @ Silver Springs BV NW,51.1083285,-114.1969078
NB Sierra Morena BV @ Signal Hill CTR SW,51.0186164,-114.1759543
NB Centre ST N @ 8 AV N,51.0601579,-114.0624099
NB Evanston WY @ Evansglen LN  NW,51.1788852,-114.0992304
EB 162 AV SE @ Shawville WY SW,50.9033753,-114.0683039
WB Sunalta CTrain Station,51.0448624,-114.1002118
SB 52 ST SE @ 106 AV SE,50.9572572,-113.9587085
SB Lake Fraser DR @ Canyon Meadows DR SE,50.9325162,-114.0652835
WB 90 AV SW @ Bay Croft RD,50.9724458,-114.1033398
NB 37 ST SW @ 19 AV SW,51.0365467,-114.1410702
NB 19 ST NW @ 6 AV NW,51.0584894,-114.105463
EB 26 AV SE @ 41 ST SE,51.0304466,-113.9736104
NB McCall WY @ Palmer RD NE,51.0970227,-114.0065751
SB 36 ST NE @ 26 AV NE,51.0770217,-113.9820092
SB Northland DR @ Northmount DR NW,51.0955183,-114.1415175
SB 14 ST SW @ 9 AV SW,51.0457388,-114.095842
SB Abbotsford DR@ Abingdon CR NE,51.0620074,-113.9270006
WB Country Hills DR @ Country Hills RI NW,51.1509044,-114.0676881
SB 20 ST SW @ Quentin AV,51.0122193,-114.1094303
NB Aero DR @ Aero WY E leg,51.1339529,-114.0363143
WB Richmond RD @ 45 ST SW,51.0188618,-114.1535388
NB 8 ST SE @ 23 AV SE,51.0336219,-114.0409936
WB 64 AV NE @ Martindale DR,51.1107416,-113.9565039
EB Tuscany Ravine RD @ Tuscany Ravine CL NW,51.1110906,-114.236398
NB 19 ST NW @ 2 AV NW,51.0542593,-114.1055044
WB 22 AV NE @ 68 ST NE,51.0726891,-113.9360728
NB Scenic Acres DR @ Scenic Glen CR NW,51.1123545,-114.2126238
Whitehorn Drive Station (NB),51.0861643,-113.9582243
WB Crestmont BV @ Crestbrook WY SW,51.085851,-114.2711025
NB 32 ST NE @ 37 AV NE,51.087115,-113.9885628
26th Avenue SW Station (NB),51.0302686,-114.1410432
NB 45 ST SW @ 13 AV SW,51.0418707,-114.1525902
NB 12 ST NE @ 36 AV NE,51.0857096,-114.030285
SB Sierra Morena RD @ 34 AV SW,51.0227345,-114.1845348
EB McIvor BV @ Copperfield BV SE,50.9138883,-113.9424873
EB Maryvale DR @ W. of 50 ST NE,51.0564244,-113.9639087
NB Deer Run DR @ Deercroft WY SE,50.9203192,-113.9993805
WB Mahogany RD @ 52 ST SE (nearside),50.8941268,-113.9417743
WB 26 AV SW @ Kelwood CR,51.0306076,-114.1442745
SB Seton WY SE @ Superstore (S of Seton CR),50.8735288,-113.9574329
WB Kensington RD @ 18 ST NW,51.052575,-114.103092
EB Richmond RD @ Stewart GR SW,51.0172231,-114.1701239
WB McKenzie Towne DR @ McKenzie Towne GA SE,50.9114573,-113.9543652
SB Cambrian DR @ Rosewood RD NW,51.0812002,-114.0898506
EB Coventry Hills WY @ Covepark GR NE,51.1689205,-114.0567214
EB 17 AV SE @ 54 ST SE,51.0377656,-113.9548144
NB McKenzie Towne DR @ Elgin WY SE,50.9067495,-113.9690573
NB Sunmills DR @ Sun Harbour RD,50.900705,-114.0278986
NB 53 ST NW @ Varsity Ridge GA,51.0982061,-114.1643364
SB Deer Ridge DR @ Deercrest PL SE,50.9250497,-114.0133651
EB 34 AV NW @ W. of 71 ST NW,51.0836848,-114.1917296
NB Auburn Bay AV @ Auburn Glen CI SE,50.8945125,-113.9594525
WB 52 AV NW @ Brisebois DR,51.1010476,-114.1300475
NB Edenwold DR @ Edenwold CR NW,51.1236445,-114.1378367
NB Evanston VW @ Evansford RD NW,51.1672753,-114.1125076
WB 11 AV @ 10 ST SW,51.0431319,-114.0876012
SB Douglas Glen BV @ Douglas Glen CL SE,50.9545052,-114.010422
EB Discovery Ridge BV @ Discovery Ridge LN SW,51.0151604,-114.2133842
NB Cedarille DR @ Cedarille CR SW,50.9584552,-114.1359991
NB Fairmount DR @ 83 AV SE,50.9785086,-114.0598181
SB 8 ST SE @ 11 AV SE,51.0398494,-114.0418236
NB Remington RD @ Regal CR NE,51.0631926,-114.0393927
WB Falconridge DR @ Falchurch RD NE,51.0999755,-113.9448254
NB Sandstone DR @ Sandarac DR NW,51.1388023,-114.1003253
NB Olympic WY@ 12 AV SE,51.0415805,-114.0533701
SB 4 ST NW @ 44 AV NW,51.0922596,-114.0716873
SB 28 ST NE @ 7 AV NE,51.0589235,-113.9934053
NB 24 ST SE @ S. of 114 AV SE,50.9521939,-114.0018466
EB 8 AV SE @ 47 ST SE,51.0450891,-113.9652355
EB Parkdale BV @ 27 ST NW,51.0539204,-114.1251431
EB 40 AV NW @ 4 ST NW,51.0877383,-114.0703735
WB 16 AV NE @ 6 ST NE,51.0670987,-114.0490792
SB 28 ST NE @ 5 AV NE,51.0560089,-113.9933944
WB Westwinds DR @ Castleridge BV NE,51.1090017,-113.9694726
SB 77 ST SW @ Old Banff Coach RD,51.0668127,-114.199675
WB Spruce DR @ 37 ST SW,51.0523413,-114.1417953
NB Chaparral BV @ Chaparral Ridge PA SE,50.8842407,-114.0243528
SB Nolan Hill Dr @ NolanCrest Heights NW,51.1762118,-114.1622518
EB Hidden Valley DR @ Shaganappi TR NW,51.1484566,-114.1348395
SB Centre ST N @ 16 AV N,51.0663616,-114.0626593
SB Shawville BV @ 162 AV SE,50.9031349,-114.0657158
SB 77 ST NW @ 43 AV NW,51.0906697,-114.1994331
NB Skyview Ranch WY @ Skyview Shores RI NE,51.1586257,-113.9658191
EB 17 AV SW @ 16 St SW,51.0377659,-114.0982384
EB Willingdon BV @ Wilkes RD SE,50.9504145,-114.0507986
EB Westbrook CTrain Station,51.0404395,-114.136362
WB Lake Sylvan DR @ Lake Christina WY SE,50.943333,-114.0414657
EB Canada Olympic RD @ Canada Olympic GA SW,51.0838974,-114.2171504
NB 36 ST NE @ S. of 5 AV NE,51.0560503,-113.9814028
NB @ Hawkstone DR NW Hawkstone Terminal,51.1330707,-114.1658739
EB 26 AV SW @ Glenpark CR,51.0303828,-114.1428049
EB Bowness RD @ 73 ST NW,51.0889062,-114.1930414
NB 52 ST SE @ 114 AV SE,50.951364,-113.9579984
WB 16 AV NW @ 10 ST NW,51.0670532,-114.0859562
Russet Road Station (EB),51.0668045,-114.0429936
WB 26 AV @ Portland ST SE,51.0306763,-114.0337352
SB Midvalley DR @ Midvalley WY SE,50.9143386,-114.0448854
SB Shawinigan DR @ Shawglen RI SW,50.9042858,-114.0768049
Centre Street N Station (WB),51.0671001,-114.0630893
SB 42 ST SE @ 112 AV SE,50.9516551,-113.9752175
WB Aero DR @ Aero CR E legNE,51.1367077,-114.0267787
SB 85 ST SW @ Wentworth DR,51.0566287,-114.2111695
Marlborough LRT Station (NB 36 St NE),51.0588905,-113.9814193
SB Niven RD @ Norquay DR NW,51.097306,-114.0922243
WB Shawnessy BV @ Millrise SQ SW,50.9141601,-114.0977551
SB Shaganappi TR @ Kincora GA NW,51.1652024,-114.1481715
NB Fairmount DR @ Fyffe RD SE,50.9854704,-114.0598055
WB Castleridge DR @ Falconridge BV NE,51.1070976,-113.9502566
McKnight-Westwinds LRT Station,51.1088168,-113.9750059
SB Charleswood DR @ Northmount DR NW,51.0888598,-114.1179913
SB 36 ST SE @ 23 AV SE,51.0328077,-113.9817732
WB Freeport BV @ 19 St NE,51.1509241,-114.0140055
EB 12 AV SW @ 2 ST SW,51.0414997,-114.0687417
SB Simcoe BV @ 17 AV SW,51.0363628,-114.1790006
WB 17 AV SE @ 50 ST SE,51.0379581,-113.9610978
EB 162 AV SW @ 24 ST SW,50.9065448,-114.1167219
SB Falconridge BV @ 64 AV NE,51.1099175,-113.9473273
EB Edgevalley WY @ Edgevalley CL NW,51.1343717,-114.1384311
SB 50 ST SW @ Richmond RD,51.0171031,-114.1599923
SB Parkland BV @ 200 Parkglen PL SE,50.9209266,-114.0259106
SB Edenwold DR @ Edendale WY NW,51.1243014,-114.1452
EB 12 AV NW @ 2 ST NW,51.063304,-114.0669783
NB 14 ST SW @ 90 AV SW,50.9728196,-114.0948541
SB Hamptons BV @ Hampstead WY NW,51.1410011,-114.1457992
EB James McKevitt RD @ Millrise HL SW,50.9212379,-114.0885354
SB Ogden RD @ 69 AV SE,50.9906296,-114.0018359
SB 29 ST NW @ 13 AV NW,51.0642738,-114.1310106
NB Edgebrook DR @ Edgemont BV NW,51.1285139,-114.138336
WB Hidden Creek WY @ Panamount BV NW,51.1593756,-114.0930355
SB Arbour Crest DR @ Arbour Crest RI NW,51.136211,-114.2085288
SB 42 ST SE @ 106 AV SE,50.9573038,-113.9741668
NB Hunterview DR @ Hunterbow CR NW,51.1137693,-114.0797154
SB 52 ST @ Auburn Bay DR SE,50.8989057,-113.9444069
SB Hamptons DR @ Hamptons WY NW,51.1464658,-114.1507958
NB Aero DR @ S of Aero GT NE,51.1192307,-114.032901
SB Sierra Morena RD @ Sienna Park DR SW,51.0241028,-114.1842094
SB 4 ST NE @ 64 AV NE,51.1100713,-114.0570863
NB 4 ST NW @ 32 AV NW,51.0819087,-114.0714132
SB Elbow DR @ Britannia DR SW,51.0144548,-114.0792609
NB 109 ST SW @ 1 AV SW,51.0843017,-114.2458258
NB Braeside DR @ 104 AV SW,50.9599137,-114.103251
56th Avenue N Station (NB),51.1030704,-114.0623316
WB 50 AV SE @ 52 ST SE,51.0088629,-113.9595892
NB Royal Oak DR @  Royal Crest TC NW,51.1394861,-114.2202697
NB Harvest Hills BV @ 96 AV NE,51.1430831,-114.0678552
EB Mount McKenzie DR @ Mount Apex GR SE,50.9245853,-113.9806467
WB Dalhousie DR @ Dalgetty DR NW,51.1035415,-114.150723
WB Sierra Morena BV @ Sierra Vista CL SW,51.0205468,-114.1814729
WB City Hall/Bow Valley College (Free Fare Zone),51.0463607,-114.0567338
SB  New Brighton DR @ New Brighton MR SE,50.917143,-113.9542199
WB Kensington RD @ Crowchild TR NW,51.0525449,-114.1189634
Southland LRT Station EB,50.9641999,-114.0774589
EB Harvest Hills DR @ Harvest Lake WY NE,51.1511506,-114.04888
SB Heritage CTrain Station,50.9793554,-114.073828
WB Northmount DR @ Boulton RD NW,51.0960999,-114.1399247
EB New Brighton DR @ 52 ST SE,50.9253067,-113.9571734
WB Silver Springs RD @ Silver Hill WY NW,51.1093135,-114.2031065
NB 85 ST SW @ 8 AV SW,51.063612,-114.2108595
NB Northmount DR @ Coleridge RD NW,51.087778,-114.0867096
WB Valley Springs RD @ Valley Glen HT NW,51.0932417,-114.2398567
WB Queensland PL @ Diamond DR SE,50.9408381,-114.0282414
WB Discovery Ridge BV @ Discovery Ridge GA SW,51.0117623,-114.201055
NB Saddlebrook DR @ Saddlestone DR NE,51.1292935,-113.9292991
SB Everridge DR@ Evermeadow AV SW,50.9136814,-114.1236822
SB Citadel GA @ Citadel DR NW,51.1421938,-114.1808574
SB Copperpond BV @ Copperpond LN SE,50.9179756,-113.9185841
WB Varsity DR @ Vancouver CR NW,51.0904462,-114.14413
NB 14 ST NW @ Cromwell AV,51.0863442,-114.0946161
EB Varsity DR @ 48 ST NW,51.0936813,-114.1569144
WB 17th AV SE @ 84th ST SE,51.037996,-113.9091859
WB 6 AV SW @ 5 ST SW,51.0478588,-114.0733915
NB Tuscany WY @ Tuscany Valley PA NW,51.1272804,-114.2485801
EB Richard RD @ Richardson WY SW,51.0114349,-114.1239229
WB Silverado Skies DR @ Silverado Skies MR SW,50.8882615,-114.0834686
SB Coventry Hills WY @ Covemeadow RD NE,51.1684703,-114.0626389
SB 25 ST SE @ 48 AV SE,51.0101681,-113.9992563
EB Silverado WY @ Silverado Plains CL SW,50.8813685,-114.0845093
WB Spruce DR @ Wedgewood DR SW,51.0523702,-114.1495998
SB Bonaventure DR @ 99 AV SE,50.9602266,-114.068949
NB Rocky Ridge DR @ 600 Rocky Ridge VW NW,51.1456383,-114.2510728
EB Strathcona DR @ Strathcona BV SW,51.0465461,-114.1853877
EB Tuscany Springs BV @ Tusslewood DR NW,51.1384546,-114.2535657
SB Shawinigan DR @ Shannon MR SW,50.910544,-114.0903841
WB Edgevally WY @ Edgebrook DR NW,51.1349434,-114.1349646
SB Taradale DR @ Taralake VW NE,51.1225419,-113.931015
WB Mahogany BV @ Mahogany HT SE,50.9025515,-113.9335771
WB 17 AV SW @ 6 ST SW,51.0379079,-114.0772432
SB 16 ST SW @ 40 AV SW,51.0177571,-114.1006008
EB Canterbury DR @ 6 ST SW,50.9379079,-114.0756778
NB Woodpark BV @ Woodridge DR SW,50.9362932,-114.1105137
SB Harvest Hills BV @ Panamount GA NW,51.1556969,-114.0697727
NB Aero DR @ S of Aero GT NE,51.1166216,-114.029937
EB Strathcona DR @ Strathridge GV SW,51.0508607,-114.1946158
EB 14 AV SE @ 52 ST SE,51.0409079,-113.9576901
WB Arbour Crest DR @ Arbour Crest TC NW,51.1382279,-114.2067343
SB McKenzie Lake BV @ Mountain Park CI SE,50.9110598,-113.9866874
EB Oakfield DR @ 30 ST SW,50.9539812,-114.1288976
EB 80 AV NE @ Taralake CM NE,51.125143,-113.9251563
EB 26 AV SW @ 19 ST SW,51.0303683,-114.1064177
SB 36 ST NE @ 108 AV NE,51.1507835,-113.9818528
WB 42 AV SE @ 8 ST SE,51.0161848,-114.0436431
WB Whitehorn DR@ 52 ST NE,51.0859616,-113.9593173
WB Bonaventure Dr @ W. of Fairmount DR SE,50.9544782,-114.06642
NB Douglas Glen Term north bay,50.9534391,-113.9971011
NB Marlborough WY@ Maryvale DR NE,51.0565969,-113.9768
EB 8 AV SE @ 52 ST SE,51.0450866,-113.9602985
NB Spruce DR @ Hemlock CR SW,51.0479943,-114.1350852
NB Centre ST N @ 78 AV N,51.1233331,-114.0712565
WB Rocky Vista DR @ Rocky Vista PA NW,51.1380747,-114.2377542
SB California BV @ W. of Eldorado CL NE,51.0710784,-113.9315963
SB 44 ST SE @ 75 AV SE,50.9869755,-113.970227
WB 58 AV SE @ 5 ST SE,51.0014999,-114.051621
NB 4 ST NW @ 17 AV NW,51.0676253,-114.0714303
EB Acadia DR @ Ancourt  RD SE,50.9720223,-114.053005
SB Citadel DR @ Citadel Meadow GV NW,51.1473477,-114.1726638
WB Falshire DR @ 68 ST NE,51.1080133,-113.9357504
WB 37 AV NE @ 26 ST NE,51.08674,-113.998456
NB 14 ST NW @ MacEwan DR,51.1352376,-114.1071109
SB Bonaventure DR @ Fairmount DR SE,50.9515827,-114.0603795
SB Skyview PY @ Country Hills BV NE,51.1535947,-113.9527449
SB Ranchero DR @ John Laurie BV NW,51.1250353,-114.1895783
EB Chapala WY @ Chapman LI SE,50.8806482,-114.0266861
SB Mountain Park DR @ Mount Norquay GA SE,50.9062174,-113.9973857
SB Sarcee RD @ 45 AV SW,51.0132085,-114.1389989
WB Prospect AV @ 8 ST SW,51.0324609,-114.0842336
NB Chaparral DR @ Chapala GA SE,50.8800724,-114.0376426
NB Centre ST N @ 68 AV N,51.1162229,-114.067785
NB Centre ST N @ 17 AV N,51.0677662,-114.0623562
SB Shaganappi TR @ Nolan Hill BV NW,51.1718965,-114.1543113
EB Taravista DR @ Saddletowne CI NE,51.1213247,-113.9437048
WB 64 AV NW @ Hunts CR,51.1116386,-114.0761632
NB Cityscape GA @ Cityscape DR,51.1528188,-113.9581823
SB Ranchlands BV @ Ranchero DR DR NW,51.1201604,-114.1940761
NB Cedarille DR @ Cedarwood RI SW,50.9534511,-114.1355094
EB Panamount BV @ Panorama Hills BV NW,51.1579764,-114.0796265
WB Arbour Lake DR @ E. of Arbour Crest DR NW,51.138858,-114.1973599
WB Cranston DR SE @ Cranston RD SE,50.882293,-113.9807671
19th Street NE Station (WB),51.0671086,-114.014464
SB 36 ST NE @ 5 AV NE,51.0558053,-113.9820839
WB Dalhousie DR @ 54 ST NW,51.109219,-114.1648479
SB Centre ST N @ Bergen CR N,51.1318698,-114.0715681
SB Arbour Lake DR @ Arbour Vista GA NW,51.1357328,-114.1938179
WB 26 AV NE @ 48 ST NE,51.0770633,-113.965113
SB Royal Oak DR @ Royal Birch GA NW,51.143284,-114.2154157
EB 5 AV SW @ 6 ST SW,51.0487003,-114.0764636
WB Kensington RD @ 21 ST NW,51.0525673,-114.1109858
EB Ogden RD @ 16A ST SE,51.0185354,-114.0200501
SB Aspen Summit DR @ Aspen Summit GA SW,51.040873,-114.2036943
SB Lancaster WY @ Lathom CR SW,50.9980363,-114.1266335
NB Saddlecrest BV @ 88 AV NE,51.1328967,-113.9406786
EB Seton DR @ Main ST SE,50.8767308,-113.9506357
EB Northmount DR @ Columbia PL NW,51.0868687,-114.1062185
NB 21 ST @ River Rock RD SE,50.9687683,-114.0099473
SB Fairmount DR @ 90 AV SE,50.9718385,-114.0592708
SB Mclaurin ST @ University AV NW,51.077139,-114.1476486
WB Panatella BV @ E. of Panamount MR NW,51.1633943,-114.0838218
Chinook LRT Station EB,50.9970947,-114.0667105
NB Panatella BV @ Panatella CR NW,51.1677423,-114.0806116
EB 58 AV SW @ 3 ST SW,51.0013017,-114.0691108
WB Cornerstone BV @ Cornerbrook DR NE,51.1581282,-113.9277369
WB 9 AV @ 6 ST SE,51.0442311,-114.0487999
SB Centre ST N @ Laycock DR,51.094323,-114.0625836
WB 112 AV NW @ 110 AV NW,51.1542614,-114.1907382
EB 17 AV SE @ 42 ST SE,51.0377348,-113.9723077
SB 68 ST NE @ Pinetree CR,51.0698404,-113.935356
NB 68 ST NE @ Falshire DR,51.1082306,-113.9348444
SB 36 ST NE @ N. of 20 AV NE,51.0722109,-113.9819997
EB Sirocco DR @ Signal Hill DR SW,51.0324861,-114.1697073
NB Centre ST S @ 4 AV S,51.0496927,-114.0626016
EB Sandstone DR @ Sandpiper RD NW,51.1397863,-114.0990196
EB St Moritz DR @ Val Gardena PL SW,51.0322679,-114.2144973
SB Elbow DR @ Glenmore TR SW,50.9932849,-114.0833846
SB 11 ST NE @ Bow Valley LN,51.0491938,-114.0368041
WB Sun Valley BV @ W. of Sunmills DR SE,50.9060724,-114.036034
NB Symons Valley RD @ Kincora Glen RD NW,51.1659078,-114.1300265
WB McKenzie Towne LI @ 52 ST SE,50.9139652,-113.9569532
NB 39 Avenue CTrain Station,51.0178257,-114.0612518
NB @ Glenmore Auxiliary Hospital,50.9920144,-114.098458
WB 6 AV SW @ 3 ST SW,51.047717,-114.0698901
Aspen Stone Blvd @ Aspenmont ht SW nearside,51.0405067,-114.2148261
WB Berkley DR @ Bermondsey RI NW,51.1271735,-114.0855592
NB 14 ST SW@ Premier WY,51.027947,-114.0945786
WB Silver Springs RD @  Silver Springs BV NW,51.1102214,-114.2004511
EB 12 AV N @ Centre ST N,51.0632641,-114.0618134
WB Marbank DR @ Marlyn WY NE,51.0635555,-113.9711075
NB University DR @ 24 AV NW,51.074715,-114.1283798
WB Hamptons DR @ Hamstead RI NW,51.1448693,-114.1369951
SB 14 ST SW @ 6 AV SW,51.046237,-114.0948976
WB Tuscany DR @ Tuscany WY NW,51.1290002,-114.2507606
NB Temple DR @ Templegreen DR NE,51.0885205,-113.939128
WB California BV @ Del Ray RD,51.0710053,-113.9284744
NB Anderson CTrain Station,50.954265,-114.0744084
NB Legacy GA SE @ Legacy Main ST SE,50.8613245,-114.0171303
SB Cranston AV @ Cranbrook HT SE,50.8702043,-113.9832717
SB Edmonton TR @ 25 AV NE,51.0748258,-114.0562261
SB Country Hills BV @ Royal Birch BV,51.1491678,-114.2129048
WB 4 AV NE @ Maddock DR,51.0558228,-113.9449799
NB 24 ST SE @ 114 AV SE (Far Side),50.9540844,-114.0004702
NB Elbow DR @ 89 AV SW,50.9739251,-114.0843562
SB 8 ST SW @ Durham AV,51.0339937,-114.0829391
NB 8 ST SW @ 15 AV SW,51.0389748,-114.0816316
SB 24 ST @ Douglas Glen GA SE,50.9531976,-114.0013505
EB Bowness RD @ 70 ST NW,51.0889168,-114.1901129
EB Ogden RD @ 34 AV SE,51.0224489,-114.0310232
NB Harvest Hills BV @ Coventry Hills DR NE,51.1646626,-114.0696906
WB Northmount DR @ Collingwood PL NW,51.0867181,-114.1048569
SB Heritage Meadows WY @ S. of Heritage DR SW,50.9865902,-114.0443436
SB Brentwood CTrain Station,51.0866985,-114.1314076
SB Shawville BV @ Shawville Link SE,50.9007857,-114.0642647
EB Berkshire BV @ 14 ST NW,51.1316423,-114.1050341
WB Northmount DR @ Chisholm CR NW,51.0882369,-114.1120744
WB Saddlecrest BV @ Saddlecrest WY NE,51.1375002,-113.9402597
NB Charleswood DR @ Chicoutimi DR NW,51.0865033,-114.1205514
SB California BV @ 300 California PL NE,51.0738681,-113.9265142
SB 52 St NE @ Country Hills Bv,51.1550778,-113.9586087
NB 24 ST SE @ 114 AV SE ( Far Side),50.9541241,-114.0004776
WB Sunpark  PZ @ Sunpark  DR SE,50.9011258,-114.0559502
EB Southland DR @ Fairmount DR SE,50.9639212,-114.0581331
EB 17 AV SE @ 50 ST SE,51.0377895,-113.9605624
WB Panatella BV @ Panton VW NW,51.1703105,-114.0846586
SB Nolan Hill Bv @ Nolancliff Crescent nw,51.173166,-114.1682151
Oakridge Station (SB),50.9605352,-114.1181815
SB Woodpark BV @ Woodside GA SW,50.9374387,-114.109916
NB Elbow DR @ 50 AV SW,51.0092682,-114.081198
SB 52 ST SE @ 14 AV SE,51.0405613,-113.9585404
EB Livingston VW NE @ 1 ST NE,51.1897531,-114.0685277
EB Nosehill Dr @ Tuscany Hill NW,51.1070319,-114.2431625
NB Hamptons BV @ Hamptons GR NW,51.1436586,-114.1611069
NB North Haven DR @ 56 AV NW,51.103448,-114.0856668
WB Nose Hill Dr @ Crimson Ridge GA NW,51.1086233,-114.2661801
SB Cranston DR @ Cranston WY SE,50.8858559,-113.988244
WB Silvergrove DR @ 300 Silvergrove PL NW,51.116671,-114.197846
NB 8 ST NE @ 65 AV NE,51.1131627,-114.0445004
SB Shawnee DR @ S. of Shawnee GD SW,50.9281257,-114.090966
WB Canterbury DR @ Elbow DR SW,50.9479274,-114.0852752
EB McKenzie Towne DR @ Elgin ST SE,50.9061747,-113.9665311
SB Nose Hill DR @ Country Hills BV NW,51.1406129,-114.1828125
WB Taradale DR @ Taracove RD NE,51.1141286,-113.9377607
SB 11 ST SE @ N. of 58 AV SE,51.0039196,-114.0374107
EB 90 AV SE @ 38 ST SE,50.9722202,-113.978082
EB Martindale BV @ Martindale DR NE,51.114058,-113.951913
NB Berkley DR @ Berwick DR NW,51.1300231,-114.099589
SB Acadia DR @ 97 AV SE,50.9657925,-114.0485279
Saddletowne Terminal Stop A,51.1260581,-113.9476704
SB Douglas Glen BV @ Douglas Glen GA SE,50.9541821,-114.0041339
EB Lake Bonavista DR @ Lake Arrow WY SE,50.9358602,-114.043677
EB MacDonald AV @ Maggie ST SE,51.0411165,-114.0424847
EB Oakfield DR @ Cedarbrook BA SW,50.9537834,-114.1244097
NB Varsity Estates Dr @ Varsity Estates PL NW,51.1032808,-114.1785265
SB 18 ST NW @ 8 AV NW,51.0593272,-114.1026132
SB 20 ST SW@ 52 AV SW,51.0064056,-114.1093072
WB Canterbury DR @ Canfield CR SW,50.9479328,-114.0808863
WB 9 AV SE @ 15 ST SE,51.0375285,-114.024539
WB 34 AV NW @ Bowmanten PL,51.0838873,-114.1964157
WB Country Hills BV @ E of Barlow TR NE,51.1545121,-113.994635
WB Kensington RD @ 23 ST NW,51.0525705,-114.1159934
NB 19 ST NE @ Valleyview RD,51.0713793,-114.0132995
SB Elbow DR @ Springwood DR SW,50.9648015,-114.0849706
NB Skyview Ranch RD @ Skyview Ranch WY NE,51.1644847,-113.9618607
Riverbend Station (NB),50.976191,-114.0156395
EB 144 Av NW @ Carrington Bv east leg,51.1833128,-114.0753467
NB 52 ST NE @ Memorial DR,51.0540732,-113.9559005
EB Spruce DR @ 37 ST SW,51.0522236,-114.1406609
SB Evergreen DR @ Evergreen RO SW,50.9204667,-114.1023588
EB Varsity DR @ 53 ST NW,51.0932494,-114.1639399
EB Temple DR @ 58 ST NE,51.0924111,-113.9482811
WB  Everridge DR @ Eversyde ST SW,50.9112341,-114.1094632
EB 17 AV SW @ 69 Street West LRT Station,51.0376512,-114.1862823
WB Nolan Hill DR NW @ Nolanfield PT NW,51.1788317,-114.1661005
WB 76 AV SE @ 40 ST SE,50.9853185,-113.976192
EB 46 AV NW @ 84 ST NW,51.094035,-114.2100138
WB Nolan Hill GA @ Nolan Hill DR NW,51.1786292,-114.1634985
SB 1 ST SE @ 14 AV SE,51.0391769,-114.0611414
WB 1 AV NE @ 12 ST NE,51.0533047,-114.0343294
WB Strathcona DR @ Strathridge WY SW,51.0513766,-114.1954979
EB 16 AV SE @ Rouleau CR,51.0392969,-113.9895835
WB Silvergrove DR @ 100 Silvergrove PL NW,51.1158802,-114.1952502
WB 6 AV SW @ 11 ST SW,51.0482928,-114.0893178
WB  New Brighton DR @ New Brighton GD SE,50.9162315,-113.9523869
SB 48 ST NW @ 23 AV NW,51.0794119,-114.1597175
SB Shaganappi TR @ Hidden Valley DR NW,51.1471896,-114.1352913
WB 58 AV S @ Centre ST S,51.0014822,-114.0644806
Children's Hospital (NB Childrens DR),51.0755519,-114.1467468
EB Acadia DR @ Fairmount DR SE,50.9721892,-114.0585506
WB MacDonald AV @ 8 ST SE,51.041272,-114.042589
SB University DR @ 12 AV NW,51.0609282,-114.1183156
EB Dalhousie DR @ Dalham CR NW,51.1062007,-114.1583461
WB 66 AV NW @ Dalhousie DR,51.1124392,-114.1678229
WB 9 AV SE @ 20 ST SE,51.0347737,-114.0183801
EB 4 AV NE @ 59 ST NE,51.0559895,-113.9461964
WB Hidden Valley DR @ W. Leg Hidden Ranch CR NW,51.1509444,-114.1216181
EB 90 AV SE @ 48 ST SE,50.9722188,-113.9636444
NB Acadia DR @ Athens RD SE,50.9664625,-114.0483429
Edmonton Trail Station (EB),51.0667758,-114.0554952
NB 19 ST NE @ 32 AV NE,51.0820814,-114.0114674
Martindale LRT Station NB (Martindale BV),51.1178116,-113.9677439
NB 37 ST SW @ 30 AV SW,51.0272627,-114.1410143
SB 49 ST NW @ S. of 40 AV NW,51.0860287,-114.159212
EB 14 AV NE @ 28 ST NE,51.0650466,-113.9926086
SB 19 ST SE @ Century RI,51.0484993,-114.0085066
WB Abbeydale DR @ 68 ST NE,51.0597147,-113.9345364
WB Country Hills BV @ Stonehill DR NE,51.1545238,-114.007956
SB Harvest Hills BV @ Panamount GA NW,51.1557048,-114.0697293
SB Centre ST N @ 7 AV N,51.0590411,-114.062709
WB 26 AV SW @ Simcoe BV,51.0306393,-114.1828659
EB 12 AV SW @ 18 ST SW,51.0424553,-114.1037951
WB Arbour Lake WY @ Arbour Estates WY NW,51.1332129,-114.1971301
NB Elbow DR @ 30 AV SW,51.0267229,-114.0785035
SB 52 ST SE @ Copperfield GA,50.9105833,-113.9498024
WB 112 AV NW @ Royal Vista LI NW,51.1540029,-114.2061473
SB Riverbend DR @ Riverside CI SE,50.9784354,-114.0260395
EB Penbrooke DR @ 60 ST SE,51.0451552,-113.9463815
NB Saddletowne CI @ Taravista DR NE,51.1219895,-113.9442584
EB 5 AV SW @ 5 ST SW,51.0485648,-114.0724908
NB Sierra Morena BV @ Richmond RD SW,51.0168228,-114.1758808
WB 61 AV SE @ 48 ST SE,50.9991128,-113.9630368
SB Hamptons BV @ Hampshire GV NW,51.1416557,-114.1608581
EB 80 AV NE @ Tarawood LN,51.1250513,-113.9406113
EB Coventry Hills WY @ Covehaven VW NE,51.1641001,-114.0580385
WB Signal Hill DR @ Signal Hill BA SW,51.0299378,-114.1703333
NB Edgebrook DR @ Edgebrook RD NW,51.1308334,-114.1346187
EB Braeside DR @ 24 ST SW,50.9540523,-114.1164609
EB Redstone AV @ Red Sky PS NE,51.1728387,-113.953234
NB 68 ST SE @ Applewood DR (S. Leg) SE,51.0428835,-113.9348978
NB 26 ST SE @ Doverglen CR,51.0213578,-113.9989042
EB 66 AV NW @ Dalcastle RI,51.1132442,-114.1706031
EB Sunvale DR @ Sundown RD SE,50.8995748,-114.0497467
EB Heritage DR @ Fairview DR SE,50.9794926,-114.0631756
NB 52 ST SE @ 61 AV SE,50.9995531,-113.9582168
EB 17 AV SW @ 8 ST SW,51.037752,-114.0810765
YYC Airport Domestic Terminal,51.1326557,-114.0109904
WB Panatella BV @ Panatella DR NW,51.1647843,-114.0749073
SB Bowwood DR @ 31 AV NW,51.0803491,-114.1742537
WB 46 AV SE @ 12 ST SE,51.0121255,-114.0364455
WB @ 78 AV NW Terminal,51.1229454,-114.0710395
WB Erin Woods BV @ Erin Dale CR SE,51.0193598,-113.9762011
NB Elbow DR @ Southglen DR SW,50.9550266,-114.0847139
WB 88 AV NE @ 52 ST NE,51.1326952,-113.9591127
WB Wentworth DR @ W. of 85 ST SW,51.0570231,-114.2119407
WB Crowfoot WY @ Crowfoot CR NW,51.1259428,-114.2075474
NB Acadia DR @ Mapleburn DR SE,50.9552858,-114.0406919
